title,company,location,salary_min,salary_max,description,externalurl,posteddate,expirationdate,category,jobtype,status
Verslo sistemų koordinatorius (-ė),UAB „Hiltus“,Vilnius,3000,4500,"Kur kursi vertę:
Prižiūrėsi ir tobulinsi įmonės naudojamas verslo valdymo sistemas;
Gilinsies į skirtingų komandų veiklą ir padėsi rasti efektyvesnius darbo būdus;
Analizuosi procesus ir siūlysi, kaip juos automatizuoti ar supaprastinti;
Būsi tas žmogus, kuris „išverčia“ verslo poreikius į IT sprendimus;
Kursi aiškią ir suprantamą dokumentaciją bei instrukcijas;
Konsultuosi kolegas ir padėsi jiems efektyviai naudotis sistemomis;
Dirbsi su Microsoft sprendimais (Dynamics 365, SharePoint, Power Platform);
Dalyvausi naujų funkcijų testavime, diegime ir integracijose.
Tikimės, kad Tu:
Turi bent minimalios (1–2 m.) patirties dirbant su IT ar verslo sistemomis;
Gebi matyti „bendrą vaizdą“ ir struktūruoti informaciją;
Esi komunikabilus (-i) ir lengvai randi bendrą kalbą su skirtingais žmonėmis;
Turi UML ar BPMN pagrindus (ar bent jau esi su tuo susidūręs (-usi));
Supranti, kaip veikia verslo procesai (programuoti nebūtina);
Nebijai prisiimti atsakomybės ir dirbti su skirtingais interesais;
Moki anglų kalbą.
Būtų pliusas, jei:
Esi dirbęs (-usi) su Microsoft ekosistema (Dynamics, SharePoint, Power Automate ir pan.);
Turi patirties su Business Central ar CRM sprendimais;
Esi dalyvavęs (-usi) testavimo ar diegimo procesuose.
Ką gausi mainais:
Realų poveikį – tavo sprendimai bus naudojami kasdien;
Laisvę siūlyti idėjas ir jas įgyvendinti;
Modernią darbo aplinką ir stiprią komandą;
Augimo galimybes tiek IT, tiek verslo srityje;
Komandos renginius, išvykas į užsienį (pvz. slidinėjimo kelionė) ir papildomas naudas;
Atlyginimas
3000-4500
                                €/mėn.
                                neatskaičius mokesčių
Atlygis priklausys nuo Tavo patirties, kompetencijų ir pasiektų rezultatų – konkrečios sąlygos bus aptariamos pokalbio metu.
Užtikriname visų kandidatų konfidencialumą ir susisieksime tik su atrinktais kandidatais.",https://www.cvbankas.lt/verslo-sistemu-koordinatorius-e-vilniuje/1-13786757,2026-04-16,2026-05-16,IT / Technology,,ACTIVE
Commerce Operations Specialist,UAB „Helis play“,Kaunas,1800,1940,"About the role
At Eneba, our Commerce team plays a crucial role in ensuring the marketplace offers a wide and reliable selection of products. We focus on building strong partnerships, onboarding new suppliers, and maintaining a consistent supply of high-demand items. Continuously exploring new product categories, we aim to deliver the best value and selection to our customers. We are looking for a Commerce Operations Specialistto join our team and help streamline Eneba’s marketplace operations while optimizing pricing and product workflows.
Responsibilities
Monitor and maintain supplier balances ensuring accurate and up-to-date tracking.
Proactively identify and resolve supplier-side issues, escalating where necessary.
Serve as the primary operational contact for vendor partners, handling accounting-related queries and day-to-day account management.
Oversee wholesale invoicing processes, ensuring accuracy and timely follow-up.
Maintain strong working relationships with vendors to ensure long-term operational efficiency.
Requirements
Prior experience in account management, operations, or a similar role involving financial workflows and partner communication.
Strong attention to detail and ability to manage multiple ongoing tasks without dropping the ball.
Excellent written and verbal communication skills — you'll be the go-to person for both internal teams and external partners.
Ability to work independently, identify issues proactively, and follow through to resolution.
Business-level English proficiency (working language is English).
What it's like to work at Eneba
Opportunity to join our Employee Stock Options program.
Opportunity to help scale a unique product.
Various bonus systems: performance-based, referral, additional paid leave, personal learning budget.
Paid volunteering opportunities.
Work location of your choice: office, remote, opportunity to work and travel.
Personal and professional growth at an exponential rate supported by well-defined feedback and promotion processes.
Please attach CV's in English.
To find out about how we handle your personal data, make sure to check out our Candidate Privacy Notice
www.eneba.com/candidate-privacy-notice
Salary
1800-1940
                                €/mon.
                                gross
Salary ranges may vary. We’re seeking candidates with varied experience levels; from individual contributors to functional leaders in this space.
We’re an international team and our business language of choice is English. Good English level is required, proficiency is preferred.",https://www.cvbankas.lt/commerce-operations-specialist-kaune/1-13751281,2026-03-26,2026-04-25,IT / Technology,,ACTIVE
Veiklos analitikas (-ė) (RC vidinės sistemos),"Registrų Centras, VĮ",Vilnius,2175,3263,"Ar Tave traukia technologijos, duomenys ir noras kurti sprendimus, kurie keičia informacines sistemas ir jų paslaugas?
Prisijunk prie mūsų komandos ir tapk
Vidinių IS valdymo skyriaus veiklos analitiku (-e)
– čia būsi atsakingas (-a) už Registrų centro vidinių sistemų produktų kūrimą ir vystymą.
Ieškome kolegos, kuris:
prisidėtų kuriant ir vystant vidines sistemas;
analizuotų IS veikimą ir paslaugų tikimo procesus;
aprašytų ir derintų kuriamo funkcionalumo sprendimus;
organizuotų IS veiklos sutrikimų analizes bei jų šalinimus;
rengtų funkcinius bei nefunkcinius reikalavimus;
išmanytų veiklos analizės metodikas ir gebėtų taikyti jų gerąsias praktikas.
Šioje pozicijoje mums svarbu:
aukštasis arba jam prilygintas išsilavinimas;
reikšminga analitinio darbo patirtis su informacinėmis sistemomis;
informacinių sistemų vystymo ir priežiūros principų išmanymas;
gebėjimas analizuoti ir modeliuoti veiklos procesus (privalumas – BPMN ir UML žinios);
gebėjimas sklandžiai ir taisyklingai dėstyti mintis lietuvių kalba žodžiu ir raštu ir anglų kalbos mokėjimas;
smalsumas, analitinis mąstymas, gebėjimas ieškoti sprendimų ir bendradarbiauti;
finansų apskaitos procesų išmanymas būtų privalumas.
Džiaugiamės galėdami pasiūlyti:
iššūkius, tobulėjimą ir profesinį augimą strateginę reikšmę Lietuvai turinčioje įmonėje;
vidinės karjeros galimybes;
mentoriaus pagalbą pirmaisiais darbo mėnesiais;
mokymų krepšelį bei vidinę mokymų bazę;
kintamąją metinio atlygio dalį, priklausančią nuo Jūsų ir įmonės veiklos rezultatų;
finansinį palaikymą ištikus nelaimei;
partnerių nuolaidas MELP programėlėje;
papildomą sveikatos draudimą;
3 papildomas apmokamas sveikatinimosi dienas;
2 savaites darbostogų per metus;
22 atostogų dienas;
lankstų darbo grafiką (pradžią nuo 7:00 - 9:00 ir atitinkamai darbo pabaigą 16:00 - 18:00);
hibridinio darbo modelį;
lengvai pasiekiamą darbo vietą Vilniaus centre, modernų biurą ir ergonominę darbo vietą;
galimybę naudotis dviračių saugykla.
Atlyginimas:
2 175 - 3 263 €/mėn. neatskaičius mokesčių. Tikslus darbo užmokesčio dydis priklausys nuo Jūsų turimos kompetencijos ir profesinės patirties.
Atranka gali baigtis greičiau, nepriklausomai nuo skelbimo galiojimo laiko (2026-04-18), todėl nedvejokite ir tapkite mūsų komandos dalimi!
Mums svarbiausia profesionalumas, reikiamos žinios, gebėjimai ir motyvacija dirbti. Įmonėje taikome nulinės diskriminacijos principus. Plačiau kviečiame susipažinti su įmonės
tvaria veikla, etikos kodeksu ir lygių galimybių politika
www.registrucentras.lt/tvarumas/
.
Konfidencialumą garantuojame.
Kontaktai pasiteiravimui: Kamilė, tel. +370 659 59785.
Atlyginimas
2175-3263
                                €/mėn.
                                neatskaičius mokesčių",https://www.cvbankas.lt/veiklos-analitikas-e-rc-vidines-sistemos-vilniuje/1-13740463,2026-04-17,2026-05-18,IT / Technology,,ACTIVE
Full-stack Python programuotojas (-a),UAB „Manpower Lit“,Vilnius,4100,5300,"Darbo pobūdis
Kasdien tu:
Prižiūrėsi EMS e‑komercijos sistemą ir padėsi jai augti;
Kursi funkcionalumus, modulius, API ir integracijas, kurios praplės sistemos ribas;
Modernizuosi UI, tobulinsi UX ir atnaujinsi komponentus, kad vartotojai jaustų skirtumą;
Analizuosi esamą kodą, atliksi refaktoringą, optimizacijas ir užtikrinsi sistemos našumą;
Dirbsi su MySQL, prisidėsi prie architektūros, saugumo ir kokybės sprendimų kartu su komanda.
Mes tikimės, kad tu:
Bent 3 metus programuoji Python (Django) ir Angular/TypeScript - nuo backend logikos iki patrauklaus frontendo;
Turi patirties dirbant su produkcinėmis sistemomis ir MySQL užklausomis, optimizavimu bei struktūros tobulinimu;
Gebi kurti API (REST ar kitus web servisus), integracijas bei autentifikavimo/autorizacijos sprendimus;
Matai ne tik kodą, bet ir galimus sprendimus – turi analitinį mąstymą, esi savarankiškas ir prisiimi atsakomybę už savo rezultatus;
Privalumu laikytume patirtį su e‑komercijos projektais, Docker, CI/CD, UI/UX modernizacija bei mokėjimų/ logistikos integracijomis.
Prisijungus tavęs laukia:
Priedai už papildomas užduotis ir kompensacija pietums;
Teritorijoje esanti sporto salė ir nemokama stovėjimo vieta tavo automobiliui;
Dovanos vaiko gimimo ir tavo gimtadienio proga;
Google biuro stiliumi įrengtos modernios ir erdvios darbo vietos.
Atlyginimas
4100-5300
                                €/mėn.
                                neatskaičius mokesčių",https://www.cvbankas.lt/full-stack-python-programuotojas-a-vilniuje/1-13663223,2026-04-17,2026-05-08,IT / Technology,,ACTIVE
IT inžinierius (-ė),NORTHWAY ĮMONIŲ GRUPĖ,Vilnius,2900,3300,"Būsite atsakingas už:
DARBO POBŪDIS
✓ Kompiuterizuotų darbo vietų diegimas ir administravimas;
✓ Gamybinės ir laboratorinės įrangos IT sistemų priežiūra ir administravimas;
✓ Vidinių vartotojų konsultavimas ir apmokymas dirbti su IT įrenginiais;
✓ Serverių ir serverinės įrangos priežiūra ir administravimas bei saugumo užtikrinimas;
✓ Kompiuterinių tinklų, kompiuterių ir programinės įrangos priežiūra ir administravimas;
✓ Praėjimo kontrolės, vaizdo stebėjimo tinklo priežiūra ir administravimas;
✓ MS Office 365 administravimas (MS Exchange online, MS Sharepoint online etc);
✓ Konferencinės įrangos, telekomunikacinio tinklo, tarnybinių mobilaus ryšio telefonų, spausdintuvų ūkio priežiūra ir administravimas;
✓ Įdiegtų programų veikimo priežiūra ir kt.
Tikimės, kad Jūs:
REIKALAVIMAI
✓ Išsilavinimas informacinių technologijų / informatikos srityje;
✓ IT inžinieriaus (-ės) darbo patirtis;
✓ MS Windows, Linux (privalumas) operacinių šeimų išmanymas;
✓ Patirtis su virtualizacijos platformomis (VMWare privalumas);
✓ Duomenų bazių sistemų valdymo žinios (SQL);
✓ Puiki anglų kalba.
Mes Jums siūlome:
✓ Konkurencingą atlyginimą;
✓ Intelektualią aukštųjų technologijų aplinką.
Atlyginimas
2900-3300
                                €/mėn.
                                neatskaičius mokesčių
Darbo užmokestis derinamas su konkrečiu kandidatu (-e) priklausomai nuo kompetencijų.",https://www.cvbankas.lt/it-inzinierius-e-vilniuje/1-13510903,2026-04-17,2026-05-18,IT / Technology,,ACTIVE
Pardavimų palaikymo grupės asistentas (-ė) Klaipėdoje,AB „LIETUVOS DRAUDIMAS“,Klaipėda,1163,1163,"Mes – „
Lietuvos draudimas
“. Esame tie, kuriems rūpi gražesnė ateitis ir kurie nuoširdžiai tiki, kad ji yra įmanoma. Ir tam mums reikia geriausios komandos. Tokios, kuri atidaro duris, kai rankose neši tris puodelius kavos, o galvoje – dešimtį beprotiškų idėjų. Dar – džiaugiasi tavo pergalėmis ir tyliai palaiko jų laukiant. Nes noras laimėti yra mūsų bendras varikliukas visur – nuo kasdienio projekto iki buvimo rinkos lyderiais. Nesame superherojai, tačiau kasdien į darbą einame su jausmu, kad galime daug.
Jei trumpiau – profesionaliai žiūrime į darbą ir gerai jaučiamės savo darbo vietoje. Tačiau tikime, kad su dar vienu komandos nariu tapsime dar stipresni. Ar prisijungsi prie mūsų?
Šiuo metu į savo komandą kviečiame
Pardavimų palaikymo grupės asistentą (-ę) Klaipėdoje.
Ar tai Tu?
Šiuo metu studijuoji arba turi nedidelę (iki 1 m.) darbo patirtį
Turi puikius bendravimo, planavimo ir darbo organizavimo įgūdžius
Esi užsidegęs (-usi) mokytis ir tobulėti
Patikėtas užduotis atlieki atidžiai ir kruopščiai
Kompiuteriu naudojiesi ne tik socialiniams tinklams, moki dirbti MS Office programomis, ypač Excel
Gebi analizuoti duomenis
Kodėl verta jungtis prie mūsų?
Turime stiprių argumentų:
Būsi atsakingas už klientų duomenų sisteminimą, analizę, tvarkymą, palyginimą
Išmoksi koreguoti ir administruoti draudimo sutartis
Pažinsi, kaip veikia draudimo pardavimo procesai draudimo bendrovėje
Būsi ""reikalų"" sūkuryje. Dirbsi su profesionaliais pardavimų palaikymo specialistais, kurie padės Tau susipažinti su dominančiais procesai
Perprasi „Lietuvos draudimo“ įmonės struktūrą, verslo procesus ir daug kitų naujų dalykų
Mums reikia ir Tavo idėjų. Turėsi galimybę jas reikšti ir įgyvendinti, būsi pastebėtas ir įvertintas
O mums bus svarbu Tavo:
Sveikata:
darbuotojų draudimas, programa „Jaučiuosi gerai“ emocinei ir fizinei sveikatai palaikyti
Darbo ir poilsio balansas:
hibridinis darbo modelis
Finansinė gerovė:
palankios sąlygos draudimo produktams įsigyti
Tobulėjimas:
asmeninės mokymosi, naujokų įvedimo programos
Savirealizacija:
individualus karjeros planavimas ir neribotos galimybės (per 2025 metus 79 darbuotojai padarė vidinę karjerą), pripažinimo renginiai
Atlyginimas:
1163 Eur (neatskaičius mokesčių).
Jauti, kad šis darbas Tau? Jis gali būti Tavo. Ką turi padaryti pirmiausia – atsiųsk CV!
Paskubėk – atranką pradedame ir užbaigiame nepriklausomai nuo skelbimo galiojimo laiko. Papildomai informuojame, kad, galime kreiptis į Tavo buvusį darbdavį, norėdami sužinoti apie Tavo kvalifikaciją bei profesinius gebėjimus.
***
Atlyginimas
1163
                                €/mėn.
                                neatskaičius mokesčių",https://www.cvbankas.lt/pardavimu-palaikymo-grupes-asistentas-e-klaipedoje-klaipedoje/1-13740187,2026-04-17,2026-05-18,IT / Technology,,ACTIVE
System Analyst (ERP/NetSuite Implementation),UAB „Ltintus“,Darbas namuose,2600,3500,"ABOUT INTUS WINDOWS
We are INTUS Windows; we create high-performing windows and doors that conserve energy, increase thermal performance, reduce noise, and we are growing by the day. Our mission is to passionately serve clients and deliver high-performance building solutions through technology and Artificial Intelligence. We are Committed and Results-Oriented in our pursuit to see every team member reach their personal, professional, and financial goals through the work we do together. Our core values are the backbone of our business and guide our hiring process: we are Inspirational, Client Obsessed, Aligned, Transparent and Accountable.
We are a “TOP COMPANY 2025”
What does this mean for you?
✅ Stability and growth: a financially stable company and a secure workplace.
✅ A transparent and responsible work environment: clear processes and a respectful work culture.
✅ Growth opportunities: sustainable expansion and long-term career prospects.
SUMMARY
We are looking for a System Analyst to support and grow with our NetSuite platform.
This role is ideal for someone who wants to deepen their ERP expertise and participate in NetSuite implementation and launch project, gaining hands-on experience and preparing to take over ongoing system support and improvements.
PERFORMANCE OBJECTIVSES
Support NetSuite implementation together with external partners
Learn system configuration, data structures, and process flows
Assist in translating business needs into system requirements
Participate in testing, data validation, and user support
Help document processes, configurations, and decisions
Support integrations with external systems
Ensure data consistency and process alignment
KEY COMPETENCIES
Understanding of core business processes (Sales, Operations, Finance basics)
Strong analytical thinking and ability to structure complex information
Attention to detail and ability to work in a structured way
Good communication skills – ability to work with both business and IT teams
Proactive mindset – not just executing tasks, but asking questions and seeking improvements
EDUCATION AND EXPERIENCE
1–3 years of experience working with ERP or accounting systems, including participation in implementation projects (NetSuite is a plus)
Nice To Have:
Exposure to NetSuite (projects, courses, or hands-on use)
Experience in manufacturing or order-based business
Basic understanding of integrations or data flows
WHAT WE OFFER
Remote work option.
Participating in our ""One Window - One Tree"" initiative.
A brand new, modern construction workplace in Šiauliai.
The opportunity to improve your skills through professional development training.
A rapidly growing company.
A collaborative and supportive team environment.
Team building activities and company events.
Salary
2600-3500
                                €/mon.
                                gross",https://www.cvbankas.lt/system-analyst-erp-netsuite-implementation-darbas-namuose/1-13790995,2026-04-17,2026-05-17,IT / Technology,,ACTIVE
Shopify specialistas (-ė) (Web &Growth),"MKS Trade, UAB",Vilnius,2000,4000,"Pagrindinės atsakomybės
🚀 Prisijunk prie vieno sparčiausiai augančių D2C prekės ženklų
KomfortKissen yra vienas sparčiausiai augančių D2C miego produktų prekės ženklų DACH. Esame tarp TOP 5 šioje kategorijoje, kiekvieną mėnesį aptarnaujame dešimtis tūkstančių klientų. Turėdami daugiau nei 15 mln. € metinių pajamų ir 100%+ metinį augimą, ieškome praktiškai dirbančio („hands-on“) Shopify techninio specialisto, kuris prisiimtų atsakomybę už mūsų parduotuvės infrastruktūrą, našumą ir nuolatinį vystymą.
Šioje pozicijoje būsi atsakingas už e-shop ekosistemos techninę būklę, mastelio didinimą ir optimizavimą, taip pat prisidėsi prie augimo iniciatyvų per struktūruotus testus ir nuolatinius patobulinimus.
Valdysi ir prižiūrėsi Shopify parduotuvę (tema, aplikacijos, integracijos, visa architektūra)
Užtikrinsi svetainės greitį, našumą ir techninius standartus visuose įrenginiuose
Kursi ir palaikysi landing puslapius, funnelius ir kampanijų patirtis
Bendradarbiausi su marketingo komanda įgyvendinant eksperimentus (A/B testai, CRO iniciatyvos)
Optimizuosi produktų puslapius, bundle’us, upsell’us ir prekių pateikimo logiką iš techninės pusės
Spręsi technines problemas, valdysi aplikacijų stack’ą ir užtikrinsi sistemos stabilumą bei plėtrą
Nuolat gerinsi UX/UI ir vartotojo kelią remiantis duomenimis ir rezultatais
Reikalavimai
Šiai pozicijai nereikia programavimo Shopify platformoje, nes turime techninę komandą, kuri įgyvendins visus reikalingus pakeitimus.
Bent 1 metų praktinė patirtis su Shopify (temų pritaikymas, aplikacijos, integracijos)
Geras Shopify architektūros, našumo optimizavimo ir best practices supratimas
Gebi įgyvendinti landing puslapius, funnelius ir front-end pakeitimus
Susipažinęs su CRO principais ir testavimo įrankiais (pvz., AB Convert, VWO, Visually)
Analitinis mąstymas ir gebėjimas prioritetizuoti techninius patobulinimus pagal poveikį
Proaktyvus, orientuotas į detales ir gebantis dirbti greito tempo D2C aplinkoje
Ką siūlome
2000–4000 € bruto atlyginimas + bonusai pagal rezultatus
Pilna atsakomybė už didelio srauto Shopify parduotuvę su 15M+ € metinėmis pajamomis
Darbą sparčiai augančioje, į rezultatą orientuotoje komandoje
Tiesioginę įtaką svetainės našumui, plėtrai ir pajamų augimui
Galimybę kurti, testuoti ir „scale’inti“ techninius sprendimus nuo A iki Z 🚀
Ofisą: Kalvarijų g. 126A + hybrid modelį.
Atlyginimas
2000-4000
                                €/mėn.
                                neatskaičius mokesčių",https://www.cvbankas.lt/shopify-specialistas-e-web-growth-vilniuje/1-13790809,2026-04-17,2026-05-17,IT / Technology,,ACTIVE
CHIEF TECHNOLOGY OFFICER (CTO),UAB Emplonet,Vilnius,5000,7000,"Responsibilities:
Lead and oversee the technology department, managing both internal engineering staff and outsourced development partners;
Establish clear ownership of responsibilities across internal teams, outsourcing partners, and sub-contractors;
Serve as the primary technology authority and trusted;
Collaborate closely with the CEO and C-level peers and contribute to strategic decision-making at the executive level;
Oversee the architecture, stability, and continuous improvement of core systems, including open banking infrastructure, back office and front office solutions;
Coordinate with the outsourced information security function to ensure compliance, and other applicable regulatory frameworks;
Manage technology vendor relationships, evaluate partner performance, and drive informed decisions regarding the technology supply chain;
Represent the technology department before the board of directors and regulatory bodies, communicating complex technical matters clearly to non-technical stakeholders;
Participate in the integration and oversight of AML and other SaaS-based compliance solutions at key project stages;
Identify gaps in the current technology landscape and develop a structured roadmap.
Requirements:
Proven leadership experience managing engineering or IT teams (5+ years in a senior tech role);
Strong background in software architecture, infrastructure, and product development;
Experience in fintech or financial services environment is a strong advantage;
Ability to align technology strategy with business goals and work closely with executive leadership;
Track record of scaling and mentoring technical teams, managing budgets and vendor relationships.
Company offers:
Stable employment on the basis of a full-time job contract;
Office in a distinguished location with scenic riverside views;
Flat organizational structure.
Salary
5000-7000
                                €/mon.
                                net",https://www.cvbankas.lt/chief-technology-officer-cto-vilniuje/1-13790707,2026-04-17,2026-05-17,IT / Technology,,ACTIVE
IT produkto vadovas (-ė) / System Owner (gamybos sistema),UAB „Ortho Baltic“,Kaunas,3500,5000,"Atsakomybės:
Užtikrinti „Dispatch 2“ sistemos stabilų veikimą ir nuoseklų tobulinimą;
Identifikuoti, struktūruoti ir prioritetizuoti sistemos klaidas bei tobulinimo poreikius;
Dirbti su gamybos komanda, renkant grįžtamąjį ryšį ir konvertuojant jį į IT užduotis;
Formuoti ir valdyti produkto backlog’ą (užduotys, bug’ai, patobulinimai);
Koordinuoti programuotojų darbą ir užtikrinti kokybišką sprendimų įgyvendinimą;
Analizuoti sistemos duomenis ir procesus, identifikuojant optimizavimo galimybes;
Prisiimti atsakomybę už sistemos būklę, kokybę ir vystymo kryptį
Užtikrinti sistemingą duomenų kaupimą, kokybę ir struktūrizavimą, kad jie būtų tinkami tolimesniam panaudojimui (analitika, automatizacija, naujų produktų kūrimas);
Apgalvoti ir vystyti duomenų integracijas su kitomis verslo sistemomis (pvz., ERP, NAV, buhalterija);
Prisidėti prie naujų sprendimų kūrimo, paremtų „Dispatch 2“ duomenimis (pvz., automatizacija, 3D modeliavimas, AI sprendimai);
Dokumentuoti funkcionalumus ir užtikrinti žinių perdavimą komandoje.
Reikalavimai:
Patirtis IT produktų ar sistemų vystymo srityje (Product Owner / Project Manager / Business Analyst rolėje);
Gebėjimas struktūruoti problemas ir valdyti prioritetus;
Patirtis dirbant su programuotojų komandomis;
Supratimas apie IT sistemų architektūrą ir veikimo principus;
Gebėjimas analizuoti procesus ir siūlyti praktinius sprendimus;
Stiprūs komunikacijos įgūdžiai (ypač dirbant su ne IT komandomis);
Puikios lietuvių ir anglų kalbos žinios (žodžiu ir raštu).
Privalumai:
Patirtis gamybos, ERP, MES ar planavimo sistemose;
Patirtis dirbant su legacy sistemomis ir jų tvarkymu;
Duomenų analizės supratimas;
Patirtis su Jira, GitLab ar kitais užduočių valdymo įrankiais;
Domėjimasis AI, automatizacija ar 3D technologijomis.
Kodėl verta prisijungti prie mūsų?
Užimsite kritinę rolę įmonėje ir turėsite tiesioginę įtaką gamybos efektyvumui;
Dirbsite su unikalia personalizuotos gamybos sistema bei prisidėsite prie jos tobulinimo;
Matysite realų savo darbo poveikį – priimti sprendimai atsispindės kasdieniuose gamybos procesuose;
Dalyvausite kuriant naujus technologinius sprendimus, pavyzdžiui, automatizuoto modeliavimo srityje;
Turėsite galimybę augti ir plėsti kompetencijas technologijų, IT produktų vystymo bei verslo srityse;
Galėsite dirbti lanksčiu hibridiniu modeliu, derinant nuotolinį darbą su darbu biure pagal komandos ir projektų poreikius. Pradžioje daugiau laiko būtų skiriama darbui įmonėje, siekiant sklandaus įsitraukimo.
Atlyginimas
3500-5000
                                €/mėn.
                                neatskaičius mokesčių",https://www.cvbankas.lt/it-produkto-vadovas-e-system-owner-gamybos-sistema-kaune/1-13790593,2026-04-17,2026-05-17,IT / Technology,,ACTIVE
Depositary Services Analyst,Citco Group of Companies,Vilnius,1375,1875,"About the Team & Business Line
Citco Bank provides fully integrated transaction, deposit, foreign exchange and credit facilities to our Fund Services and Governance Services clients. Operating in strategic global centers Citco Bank provides access to best-in-class process and technology.
As a core member of our Compliance team, you will work closely with internal stakeholders and cross-functional teams to minimize operational risks and ensure our clients experience seamless delivery across banking services.
Your role:
Evaluate Private Equity, Debt and Real Estate transactions and cash flows.
Obtain and assess legal documentation to fulfill depositary’s ownership verification and record keeping duties.
Work with internal and external parties to resolve queries and escalate any issues.
Provide departmental reporting to management and participate in team development activities and ad-hoc projects.
About You:
Have a Bachelor's degree in business, finance, legal or similar.
Strong problem-solving, time-management, process management and analytical skills.
Proficient in Microsoft suite of applications.
Experience working with some of the following assets classes - private equity, infrastructure, debt or real estate investment funds, would be an advantage.
Strong written and spoken English.
Our Benefits
Your well-being is of paramount importance to us, and central to our success. We provide a range of benefits, training and education support, and flexible working arrangements to help you achieve success in your career while balancing personal needs. Ask us about specific benefits in your location.
We embrace diversity, prioritizing the hiring of people from diverse backgrounds. Our inclusive culture is a source of pride and strength, fostering innovation and mutual respect.
Citco welcomes and encourages applications from people with disabilities. Accommodations are available upon request for candidates taking part in all aspects of the selection.
Salary
1375-1875
                                €/mon.
                                gross",https://www.cvbankas.lt/depositary-services-analyst-vilniuje/1-13605345,2026-04-17,2026-05-17,IT / Technology,,ACTIVE
Senior Depositary Services Analyst,Citco Group of Companies,Vilnius,1916,2583,"About the Team & Business Line
Citco Bank provides fully integrated transaction, deposit, foreign exchange and credit facilities to our Fund Services and Governance Services clients. Operating in strategic global centers Citco Bank provides access to best-in-class process and technology.
As a core member of our Compliance team, you will work closely with internal stakeholders and cross-functional teams to minimize operational risks and ensure our clients experience seamless delivery across banking services.
Your role:
Track a portfolio of approximately 50+ Other Asset funds and match all trades they make to underlying legal documents (or evidence of repayment).
Gather evidence to support reverification of fund ownership from Investment managers, AIFMs, lead agent bank notices, economic benefits from ownership accruing to the fund, interest payments and loan repayments and roll-over.
Deliver timely organized documentation to the depositary oversight team.
Contribute improved quality and timeliness to Citco’s depositary teams.
Be the point of escalation for missing Other Asset verification documentation.
Enhance procedures related to the end-to-end Other Asset verification documentation management function.
About You:
Have a background in accounting or in finance, ideally with a minimum of 3 years’ prior experience.
Have experience working with some of the following asset classes - private equity, infrastructure, debt or real estate investment funds.
Are analytical and detail oriented.
Possess strong technical MS office skills.
Are organized, flexible, and results orientated team player.
Enjoy working in an international team.
Have strong written and spoken English.
Our Benefits
Your well-being is of paramount importance to us, and central to our success. We provide a range of benefits, training and education support, and flexible working arrangements to help you achieve success in your career while balancing personal needs. Ask us about specific benefits in your location.
We embrace diversity, prioritizing the hiring of people from diverse backgrounds. Our inclusive culture is a source of pride and strength, fostering innovation and mutual respect.
Citco welcomes and encourages applications from people with disabilities. Accommodations are available upon request for candidates taking part in all aspects of the selection.
Salary
1916-2583
                                €/mon.
                                gross",https://www.cvbankas.lt/senior-depositary-services-analyst-vilniuje/1-13605349,2026-04-17,2026-05-17,IT / Technology,,ACTIVE
FLUTTER PROGRAMUOTOJAS (-A),Talent Lab,Vilnius,2500,2700,"Pagrindinės atsakomybės
Dirbti su front-end karkasais (pvz. React, Svelte, Vue.js) arba programavimo kalbomis (Java, Kotlin).
Kurti, optimizuoti ir prižiūrėti duomenų bazes, daugiausia naudojant SQL sprendimus.
Integruoti mobiliąsias aplikacijas su serverine dalimi, glaudžiai bendradarbiauti su back-end komanda.
Dalyvauti sprendimų, susijusių su žemėlapiais (koordinatės, Maps API) bei telekomunikacijų procesais, kūrime.
Reikalavimai pozicijai
Nuo 2 m. programavimo patirtis.
Darbo patirtis su Flutter arba bent vienu moderniu front-end karkasu (React, Svelte, Vue.js.).
Darbo patirtis su SQL duomenų bazėmis.
Geri Java arba Kotlin įgūdžiai.
Papildomi technininiai privalumai
Darbo patirtis su Android platforma.
Darbo patirtis telekomunikacijų srityje.
Gebėjimas dirbti tiek su front-end, tiek su back-end (full-stack polinkis).
Žinios Docker, C / C++, Linux aplinkoje.
CI / CD (kontinuolios integracijos ir diegimo) patirtis.
PrimeCom siūlo
Įdomius ir technologiškai sudėtingus projektus.
Dinamišką darbo aplinką, kurioje vertinama iniciatyva ir savarankiškumas.
Lankstų darbo grafiką bei galimybę dirbti nuotoliniu būdu.
Profesinio augimo galimybes - mokymus, kursus, mentorystę.
Draugišką ir bendradarbiaujančią komandą.
Atlyginimas
2500-2700
                                €/mėn.
                                į rankas",https://www.cvbankas.lt/flutter-programuotojas-a-vilniuje/1-13559768,2026-04-17,2026-05-17,IT / Technology,,ACTIVE
Data Analyst,Oxylabs,Vilnius,3200,4500,"We’re a team of 500+ professionals who develop cutting-edge proxy and web data scraping solutions for thousands of the world’s best known businesses, including Fortune 500 companies.
What’s in store for you:
You’ll be developing complex products with high coding standards, maintaining our own infrastructure, handling petabytes of data, and solving challenges on a daily basis. We got you covered with a team of strong professionals to support you, a well-built tech stack, and loads of ownership.
A word from the team:
We care about your personal development because growth of people inevitably unlocks growth of product and revenue.
We have loads of opportunities to impact business decisions and work with/guide senior management/executives on most of our assignments.
We value open-source technologies and are using the latest of the data tools to empower our daily operation (Airflow, n8n, Superset, dbt, Google Cloud) and always have the freedom to introduce new ones, which we see as fit for our goals.
We have a team that is hungry for challenges and always willing to learn something “new”, so we hope you will be a part of this.
We're at the forefront of AI-powered analytics, building our internal tools for self-service analytics. You'll get a chance to work with AI tools and help shape how our organization uses them to empower teams with instant data insights.
Your day-to-day:
Develop a foundational understanding of the relationships between customer behavior and our growth drivers through data analysis and data modelling;
Assist in creating and maintaining self-service dashboards for stakeholders across the business, using PowerBI or Superset;
Utilize analytical tools (SQL, Python, Google Sheets) to prepare and analyze data, supporting key decision-making processes;
Leverage AI tools to accelerate data analysis workflows and improve productivity;
Identify new research areas that should be pursued and provide recommendations to senior stakeholders;
Conduct ad-hoc analysis to address stakeholder questions, focusing on commercial impact and effectively communicating your findings.
Your skills & experience:
2+ years of experience working with business leaders in a previous analytical or consulting role;
Proven track record of creating actionable insight and recommendations which have driven business impact;
Knowledge of Excel/Google Sheets where some of your exploratory analysis will take place;
Experience building effective, easy-to-navigate dashboards PowerBI, Superset, Tableau, Looker, or other data visualization tools;
Experience manipulating and analyzing data using SQL (mandatory) and Python (optional);
You’re a problem solver at heart and a team player;
You’re pragmatic and impact-focused: you will choose Excel over Python if it is a better solution for the problem and vice-versa;
Understanding of when and how to leverage AI in both analytical and business workflows;
You’re commercially aware and user-focused – able to understand needs and identify priorities to unlock business value through analytics;
You have a technical aptitude and don’t shy away from engineering-related discussions;
You’re excellent at communicating in both written and spoken English.
NICE TO HAVE REQUIREMENTS:
You’ve familiar with and/or worked with SaaS metrics (MRR, LTV/CAC, churn/retention) in your previous role(s).
Tech stack:
Google Cloud Platform (GCS, BQ) for storage and warehousing;
dbt and SQL for data modelling;
Python for automation;
Jupyter for ad-hoc analysis;
PowerBI and Superset for data visualisation;
Airflow for orchestration.
Our Salary & Work Benefits Package:
Gross salary: 3200 - 4500 EUR/month. Keep in mind that we are open to discuss a different salary based on your skills and competencies.
To support your professional growth and make you feel taken care of, we’ve put together an expansive benefit package. It covers learning, well-being, celebration, and much more  — learn all about it here
career.oxylabs.io/blog/our-work-benefits/
.
The rest is on us:
Growth:
Turn your experience into a personal career journey through internal and external training, a books library, training platforms, online courses and mentorship;
Travel:
Get a taste of the world by attending conferences and business trips from Silicon Valley to the Middle East;
Comfort:
Hybrid work, offices based in the heart of Vilnius & Kaunas, and the ability to travel the world while working;
Well-being:
Private health insurance, on-site gyms, personal coaches, and other mental and physical well-being benefits help you stay fresh and steady;
Celebrations:
Extra vacation days & gifts for special occasions and the years spent with us;
Team building:
Regular internal events, quarterly team buildings, workshops, team retreats & workation trips;
Office perks:
Fully stocked kitchens, PS5, Foosball, ping-pong, Friday bun tradition, Mixtape Fridays & more;
Tech:
Bringing you the latest in technology, software, and gadgets to make your workday as smooth as possible;
Bonus:
Referral bonuses, discount offers and more. Much more;
Salary
3200-4500
                                €/mon.
                                gross",https://www.cvbankas.lt/data-analyst-vilniuje/1-13790007,2026-04-17,2026-05-17,IT / Technology,,ACTIVE
Customer Interaction Project Manager,UAB „Metso Global Business Services“,Vilnius,3000,3500,"Job Description
Join an industry leader and make a positive change in the sustainable use of the world’s natural resources. Together, we will transform the business and drive the industry toward a greener future.
At Metso, you will be supported by our inclusive culture and a network of colleagues from around the world. With us, you will embark on a personal growth journey and are encouraged to realize your potential. This is your invitation to rise above the possible.
We are looking for a Customer Interaction Project Manager to join Technical Development Team in Vilnius. You will be responsible for the stable operation and ongoing development of the ServiceNow platform supporting finance service management. Acting as a bridge between finance stakeholders and technical teams, the position supports requirements definition, solution delivery, and user support to ensure efficient service delivery and a positive user experience.
Key Responsibilities:
Ensure stable daily operation and continuous development of the Finance ServiceNow platform with a strong focus on usability and positive user experience.
Maintain and improve Finance Service Catalogs, ensuring consistency and alignment with finance processes.
Collaborate closely with finance stakeholders to translate business needs into clear functional requirements and support prioritization of change requests based on business value and development capacity.
Act as a key liaison between business users and ServiceNow development team to ensure timely and accurate solution delivery.
Coordinate and support system changes across development, UAT, and deployment to ensure solution quality and usability.
Own user queries and incidents end‑to‑end within system scope, ensuring timely resolution and a positive customer experience.
Provide user guidance and support to ensure effective system usage and adoption, promote ServiceNow as a key platform for finance service requests and customer interaction.
Maintain functional documentation, user instructions, and related communication materials.
Participate in other cross-functional projects aimed at enhancing customer experience.
Act as a backup for designated colleagues to ensure continuity of service delivery.
Basic requirements for the position
Bachelor’s degree in Information Systems, Finance, or related field
Understanding of ServiceNow platform capabilities, including workflows, service catalogs and integrations or experience with other ticketing or service management systems is a strong advantage
Strong understanding of what high‑quality customer service means in practice, with the ability to advocate customer service culture in system and process design
Experience working closely with IT teams and coordinating system development or enhancement projects
Ability to translate business needs into clear functional requirements and explain technical concepts in user‑friendly language
Strong analytical and problem‑solving skills, with a customer‑service mindset
Proactive, detail‑oriented team player with strong communication and stakeholder collaboration skills
Advanced written and spoken English; additional languages considered as an advantage
We offer
Challenging opportunities contributing to Metso’s industry leading solutions in a friendly, respectful and global environment
Modern office in Vilnius city center
Hybrid work model, international workcation opportunity
Compensation to help you establish your home office
Additional holiday days
Systems training, e-learning courses, webinars, company events
Professional development, including financial support for ACCA
Private Health Insurance + other flexible benefits
Flexible salary from 3000-3500 EUR monthly/Gross + annual bonus
Please note that we will start reviewing candidate CVs as soon as they come in and arranging interviews with suitable candidates before the job ad deadline
Atlyginimas
3000-3500
                                €/mėn.
                                neatskaičius mokesčių",https://www.cvbankas.lt/customer-interaction-project-manager-vilniuje/1-13789863,2026-04-17,2026-05-17,IT / Technology,,ACTIVE
Užklausų koordinatorius (-ė) (Jira),Įmonių grupė „Penki kontinentai“,Vilnius,1300,1924,"Apie poziciją:
Ieškome užklausų koordinatoriaus (-ės), kuris (-i) bus atsakingas (-a) už efektyvų užklausų valdymą, jų paskirstymą ir koordinavimą tarp komandų. Tai puiki pozicija žmogui, kuris geba organizuoti procesus, komunikuoti su skirtingais suinteresuotais asmenimis ir užtikrinti sklandų darbų vykdymą.
Ką veiksite kasdien:
JIRA užklausų (tickets) registravimas, peržiūra ir prioritetizavimas;
Užduočių paskirstymas atsakingoms komandoms ar specialistams;
Užklausų vykdymo sekimas ir terminų kontrolė;
Bendravimas su vidiniais klientais dėl užklausų statuso;
Incidentų ir problemų eskalavimas, kai reikia;
Duomenų analizė ir ataskaitų rengimas apie užklausų srautus;
Procesų tobulinimas siekiant efektyvesnio užklausų valdymo.
Ko tikimės iš Jūsų:
Patirtis dirbant su JIRA ar kita užduočių valdymo sistema;
Geri organizaciniai ir laiko planavimo įgūdžiai;
Gebėjimas dirbti su keliomis užduotimis vienu metu;
Puikūs komunikacijos įgūdžiai;
Analitinis mąstymas ir dėmesys detalėms;
Rusų ir anglų kalbos žinios.
Prisijungti verta, nes mes siūlome:
Papildomas paskatas ir galimybes kvalifikacijai kelti darbdavio lėšomis (mokymai ir kt.).
Atviros karjeros galimybės įmonių grupėje – galimybė keisti darbo pobūdį ar poziciją tiek savo, tiek kitose grupės įmonėse.
Prisidėti prie naujų technologijų ir inovacijų diegimo.
Galimybę naudotis papildomomis biure įrengtomis sporto, pramogų ir poilsio zonomis, biblioteka.
Tradicines įmonės darbuotojams organizuojamas šventes, išvykas ir Team Building'us.
Biuras
Stalo futbolas
Stalo tenisas
Žaidimų konsolės
Nemokami užkandžiai
Dviračių saugykla
Dušas
Biblioteka
Atlyginimas
1300-1924
                                €/mėn.
                                neatskaičius mokesčių
Konkretus darbo užmokestis nustatomas atsižvelgiant į kandidato kompetenciją ir darbo patirtį.",https://www.cvbankas.lt/uzklausu-koordinatorius-e-jira-vilniuje/1-13785039,2026-04-17,2026-05-17,IT / Technology,,ACTIVE
SENIOR MOBILE ENGINEER,UAB Emplonet,Vilnius,5500,6871,"Job description:
We are looking for an experienced Senior Mobile Engineer to help design, build, and scale cross-platform mobile applications using React Native and Flutter at Mainlink.
Responsibilities:
Continuously discovering, evaluating, and implementing new technologies to maximize development efficiency;
Take ownership of mobile applications, take over existing apps and continue their development in-house;
Rebuild mobile application from scratch, implement real-time data and integration solutions, and ensure code quality and application stability;
Collaborate closely with backend and frontend teams, propose technical solutions, and drive key decisions for the mobile domain;
Participate and be involved in all phases of product development.
Requirements:
5+ years of mobile development experience;
Experience with React Native and TypeScript;
Strong problem-solving skills, code quality awareness;
English language skills.
Nice to have:
Experience with NFC;
Flutter awareness;
Experience with WebSockets.
Company offers
Private health insurance after probation period;
Quarterly bonuses based on your results;
Budget for trainings and certification;
Hybrid working model and opportunity to spend some time working from abroad.
Salary
5500-6871
                                €/mon.
                                gross",https://www.cvbankas.lt/senior-mobile-engineer-vilniuje/1-13789577,2026-04-17,2026-05-17,IT / Technology,,ACTIVE
Operational Excellence Partner,AB „LIETUVOS DRAUDIMAS“,Vilnius,3160,3950,"We are
AB „Lietuvos draudimas“
We believe in creating a brighter future—and we know it’s within reach. To make it happen, we rely on exceptional people. The kind of team that opens doors when your hands are full of coffee and your mind is racing with bold ideas. A team that celebrates your wins and quietly supports you while you chase the next big one. Ambition drives us—from everyday projects to leading the market. We’re not superheroes, but we show up every day with the confidence that great things are possible.
In short – we take a professional approach to our work and feel comfortable in our workplace. However, we believe that with one more family member we will become even stronger. Will you join us?
We are inviting an
Operational Excellence Partner
to join our team — a professional who will play an active role in analysing and improving our organisational processes. The ideal candidate will consistently monitor operational performance, uphold the highest efficiency standards, and drive advanced solutions that foster continuous improvement Together with an experienced and dedicated team, you will seek sustainable and innovative approaches that deliver long‑term value for our organisation.
What will your workday look like?
Design, maintain, and continuously enhance operational efficiency standards across the organisation.
Foster a culture of continuous improvement within Lietuvos draudimas by promoting proven operational excellence practices and clearly communicating their value.
Identify opportunities to optimise processes and assess the suitability of methodologies and tools to improve operational performance.
Ensure the effective functioning of implemented systems such as ASAICHI, KAIZEN, and others within departments by conducting audits, monitoring process performance, and preparing regular management reports.
Implement efficiency‑enhancing tools across departments, provide expert guidance on operational excellence, and deliver training on newly introduced tools and practices.
Prepare regular operational performance reports for the department and provide insights on the application and impact of LEAN methodology tools.
Sounds inspiring? Great! Here’s what we expect from you:
A university degree in exact sciences, business management, engineering, or a related field
At least 2 years of hands‑on experience applying LEAN, Six Sigma, or other operational improvement methodologies
More than 2 years of experience driving organisational performance improvement, preferably within the financial services sector
The ability to make independent decisions, act with confidence, and proactively initiate change
A strong analytical mindset supported by proven experience working with operations
Excellent collaboration skills and the ability to build constructive relationships, facilitate alignment, and secure engagement from stakeholders with diverse backgrounds
Experience in managing and implementing change and project initiatives
Outstanding communication skills, particularly in promoting and embedding an operational excellence culture across the organisation
Demonstrated leadership capabilities — the ability to unite teams, inspire improvement efforts, and encourage more efficient ways of working
Innovativeness, openness to technological advancements, and awareness of emerging best practices in the market
Fluent in Lithuanian and English
What We Offer:
Health & Wellbeing:
Comprehensive health and accident insurance, along with a Mindfulness program for emotional and physical wellness.
Work-Life Balance:
Enjoy a hybrid work model, additional vacation days (including Health days and extended leave for long-term employees), and the option for Workcation.
Financial Benefits:
special offer on insurance products, annual bonuses.
Development
: personal learning possibilities and onboarding programs.
Career Development:
Access to personalized learning opportunities, thorough onboarding for new employees, and career planning.
Recognition & Growth:
Regular recognition events and endless opportunities for self-realization.
Salary:
Competitive, ranging from
3160-3950 EUR (before taxes)
, based on experience and qualifications.
Confidentiality is guaranteed. Only successful candidates will be notified.
The recruitment process starts and ends independently from the due date of the job advertisement.
Additionally, please note that we may contact your previous employer to obtain information about your qualifications and professional competencies.
***
Atlyginimas
3160-3950
                                €/mėn.
                                neatskaičius mokesčių",https://www.cvbankas.lt/operational-excellence-partner-vilniuje/1-13557078,2026-04-16,2026-05-17,IT / Technology,,ACTIVE
MARKETING COORDINATOR with Creative Spark Wanted in Siauliai!,UAB „Ltintus“,Šiauliai,1600,2400,"ABOUT INTUS WINDOWS
We are INTUS Windows; we create high-performing windows and doors that conserve energy, increase thermal performance, reduce noise, and we are growing by the day. Our mission is to passionately serve clients and deliver high-performance building solutions through technology and Artificial Intelligence. We are Committed and Results-Oriented in our pursuit to see every team member reach their personal, professional, and financial goals through the work we do together. Our core values are the backbone of our business and guide our hiring process: we are Inspirational, Client Obsessed, Aligned, Transparent and Accountable.
INTUS was recognised as a 'TOP COMPANY 2025.'
How does this relate to you?
✅ Stability and growth: a financially stable company and a secure job.
✅ A transparent and responsible work environment: clear processes and a respectful work culture.
✅ Growth prospects: sustainable development and long-term opportunities.
SUMMARY
As a Marketing Coordinator, you will support creating promotional campaigns while managing the company’s marketing inventory, coordinating official events and internal communication. Your role shapes the company's brand image and drives marketing strategies to meet business objectives. This position requires creativity, analytical skills, and leadership to ensure all marketing efforts align with company goals.
PERFORMANCE OBJECTIVES
Develop and implement monthly social media campaigns aligned with the employer branding strategy.
Create and publish engaging content that promotes INTUS as an employer of choice and increases audience interaction.
Coordinate employee engagement events and internal initiatives in Lithuania.
Plan and organize internal events and activities that strengthen company culture and brand visibility.
Manage and optimize paid social media campaigns supporting HR recruitment initiatives.
Monitor and analyze social media performance, providing regular insights and improvement recommendations for employer branding strategy.
Collaborate with HR leadership and internal teams to align messaging across internal communication channels such as People Hub and newsletters.
Manage the production and distribution of the monthly internal newsletter.
Maintain marketing inventory including collateral material and product samples.
Support the organization of customer visits and events at the factory.
Prepare and present reports on marketing activities, successes, and areas for improvement to senior management.
Assist with additional communication and branding initiatives as needed.
KEY COMPETENCIES
Strong project management and organizational skills.
Ability to create engaging digital content including social media posts, photography, and video content.
Experience analyzing social media metrics and campaign performance.
Excellent communication and collaboration skills when working with HR, marketing, and leadership teams.
Creativity in developing initiatives that strengthen company culture and employer brand visibility.
Ability to manage multiple projects simultaneously and meet deadlines.
Attention to detail in maintaining consistent brand messaging and communication standards.
Understanding of branding and storytelling principles.
WEDUCATION AND EXPERIENCE
Bachelor’s degree in Marketing, Communications or a related field is preferred.
Experience in marketing, communications or employer branding roles is considered an advantage.
Experience with social media management and content creation.
WHAT WE OFFER
Ability to mix work from home and office.
Training and career opportunities in a fast growing company.
International environment and colleagues.
Team-building activities.
Insurance in case of accidents at work or on the way to/from work.
Company events.
Salary
1600-2400
                                €/mon.
                                gross",https://www.cvbankas.lt/marketing-coordinator-with-creative-spark-wanted-in-siauliai-siauliuose/1-12878151,2026-04-16,2026-05-16,IT / Technology,,ACTIVE
MID/SENIOR PHP programuotojas,"Tagoo Group, UAB",Vilnius,2000,3000,"Ką veiksi?
Vystysi ir prižiūrėsi skrydžių paieškos bei rezervacijos portalus (tagoo.lt, greitai.lt ir kitus).
Kursi naujas funkcijas bei sprendimus, kurie pagerins vartotojų patirtį.
Integruosi trečiųjų šalių API (aviakompanijų, GDS sistemų, mokėjimų tiekėjų).
Optimizuosi sistemų našumą, saugumą ir patikimumą.
Bendradarbiausi su frontend, UX/UI, testavimo ir projektų valdymo komandomis, kad kartu pasiektumėte geriausią rezultatą.
Ko tikimės?
Tvirtų PHP 8 žinių ir praktinės darbo patirties.
Patirties su Symfony 6+ framework’u.
Gerų MySQL, MongoDB ir Redis žinių.
REST API kūrimo ir integracijų patirties.
Darbo su RabbitMQ (arba kitomis eilių valdymo sistemomis) patirties.
Docker technologijos išmanymo bei patirties su konteinerizuotomis sistemomis.
Supratimo apie sistemų architektūrą, testavimą ir saugumą.
Atsakomybės, savarankiškumo ir noro siekti geriausio rezultato.
Privalumai
Patirtis dirbant su aukštos apkrovos (high-load) sistemomis.
Aviacijos sektoriaus specifikos išmanymas.
Žinios apie CI/CD procesus ir jų įgyvendinimą praktikoje.
Atlyginimas
2000-3000
                                €/mėn.
                                į rankas",https://www.cvbankas.lt/mid-senior-php-programuotojas-vilniuje/1-13365398,2026-04-16,2026-05-16,IT / Technology,,ACTIVE
IT vadovas (-ė),UAB „Baltic Ground Services“,Vilnius,5000,5500,"Ieškome BGS IT vadovo (-ės), kuris (-i) vestų organizacijos IT funkciją per brandinimo ir transformacijos etapą – nuo stabilaus IT paslaugų valdymo (ITIL) iki pažangių kibernetinio saugumo sprendimų ir NIS2 reikalavimų įgyvendinimo.
Tai „hands-on“ rolė žmogui, kuris geba suderinti kasdienį IT veikimą, valdyti IT sprendimų vystymo (development) kryptį, infrastruktūros priežiūrą, pokyčių valdymą ir aktyviai prisidėti prie techninių sprendimų įgyvendinimo, glaudžiai bendradarbiaujant su verslu.
Pagrindinės atsakomybės:
Vadovauti IT skyriui ir užtikrinti stabilų IT paslaugų veikimą (SLA, tiekėjai, biudžetas).
Taikyti ITIL principus (incidentų, problemų ir pokyčių valdymas).
Valdyti IT infrastruktūrą: tinklai, serveriai, darbo vietos (Windows / Linux, virtualizacija).
Prižiūrėti ir vystyti verslo sistemas: Microsoft Dynamics 365, CRM, Microsoft 365.
Valdyti Change Request (CR) procesą ir derinti ITIL su Agile praktikomis.
Formuoti ir valdyti IT sprendimų vystymo (development) kryptį, užtikrinant architektūrinį nuoseklumą, kokybę ir atitikimą verslo poreikiams.
Struktūruoti IT pokyčius – prioritetus, apimtį ir terminus.
Įgyvendinti kibernetinio saugumo sprendimus ir NIS2 reikalavimus (PAM, EDR/XDR, SIEM, SOC).
Bendradarbiauti su išoriniais partneriais ir užtikrinti paslaugų kokybę.
Analizuoti, optimizuoti ir dokumentuoti IT procesus.
Koordinuoti IT projektus ir tarpskyrinius procesus.
Reikalavimai:
3–5+ metų patirtis IT vadovo / IT lead / infrastruktūros rolėje.
Praktinė patirtis taikant ITIL principus (incidentų ir pokyčių valdymas).
Geri IT infrastruktūros pagrindai: Windows / Linux, tinklai, virtualizacija
Patirtis su Microsoft 365 / Azure / Active Directory ar panašiomis sistemomis.
Supratimas apie debesijos sprendimus.
Gebėjimas struktūruoti procesus ir valdyti pokyčius.
Geri komunikacijos ir sprendimų priėmimo įgūdžiai.
Privalumai:
Kibernetinio saugumo sprendimų išmanymas.
Patirtis arba interesas Agile metodologijoms.
Mes siūlome:
Strateginę ir įdomią rolę organizacijoje.
Galimybę realiai formuoti IT kryptį ir sprendimus.
Profesinio augimo galimybes ir stiprią komandą.
Sveikatos draudimą (praėjus trims darbo mėnesiams).
Galimybę ugdyti savo kompetencijas vidinių ir išorinių mokymų metu.
Laisvą dieną gimtadienio dienos proga.
Galimybę nemokamai lankyti sporto salę pagrindinėje įmonės būstinėje.
Nemokamą parkavimo vietą automobiliui (šalia ofiso).
Įmonės tradicijas ir komandinius renginius.
Picų ir vaisių dienas.
Atlyginimas
5000-5500
                                €/mėn.
                                neatskaičius mokesčių",https://www.cvbankas.lt/it-vadovas-e-vilniuje/1-13788047,2026-04-16,2026-05-16,IT / Technology,,ACTIVE
Mid Frontend Developer,Oxylabs,Vilnius,3200,5600,"We’re a team of 500+ professionals who develop cutting-edge proxy and web data scraping solutions for thousands of the world’s best known businesses, including Fortune 500 companies.
What’s in store for you:
You’ll be solving complex challenges and maintaining our own infrastructure with 60PB+ monthly data traffic. Here are its scale and maturity in numbers:
6PB+ Ceph storage
60PB+ monthly data traffic through our systems
300k+ service requests/sec processed
500k+ Kafka messages/sec streamed
Your day-to-day:
Develop modern and scalable business solutions using the latest frontend technologies.
Build reusable, efficient and maintainable code with ReactJS.
Work closely with Backend developers, Product Owners, Designers and QA to deliver high-quality products.
Contribute to shaping the user experience and interface design.
Apply and promote best engineering practices and coding standards.
Your Skills & Experience:
Proven experience in TypeScript and React development.
Knowledge with some/one of the state management tools - Redux, Zustand, Jotai, etc.
Familiarity with frontend toolsets - Vite, Babel, Webpack, etc.
Being familiar with design tools - Figma, Sketch, Adobe XD, etc.
Some experience in unit testing - Jest/React Testing Library.
Passion for writing clean, tested and maintainable code that delivers business value.
Collaborative mindset and ability to thrive in a fast-paced environment.
Excellent problem-solving skills and attention to detail.
Good communication, time management, and organizational skills.
Accountability for owns’ work.
Fluent in English and Lithuanian.
Tech stack:
Languages: JavaScript, TypeScript.
Frameworks & Libraries: React, Vue.js.
Build & Tools: Babel, Webpack, ESLint, Prettier.
Styling: CSS, SCSS, Emotion, Styled Components.
Testing: Jest, React Testing Library.
Version control & Collaboration: Git, GitHub/GitLab, Jira, Azure.
CI/CD & Deployment: Docker, GitHub Actions (or your CI tool).
Salary:
Gross salary: 3200 - 5600 EUR/month. Keep in mind that we are open to discuss a different salary based on your skills and competencies.
To support your professional growth and make you feel taken care of, we’ve put together an expansive benefit package. It covers learning, well-being, celebration, and much more  — learn all about it here
career.oxylabs.io/blog/our-work-benefits/
.
The rest is on us:
Growth:
Turn your experience into a personal career journey through internal and external training, a books library, training platforms, online courses and mentorship;
Travel:
Get a taste of the world by attending conferences and business trips from Silicon Valley to the Middle East;
Comfort:
Hybrid work, offices based in the heart of Vilnius & Kaunas, and the ability to travel the world while working;
Well-being:
Private health insurance, on-site gyms, personal coaches, and other mental and physical well-being benefits help you stay fresh and steady;
Celebrations:
Extra vacation days & gifts for special occasions and the years spent with us;
Team building:
Regular internal events, quarterly team buildings, workshops, team retreats & workation trips;
Office perks:
Fully stocked kitchens, PS5, Foosball, ping-pong, Friday bun tradition, Mixtape Fridays & more;
Tech:
Bringing you the latest in technology, software, and gadgets to make your workday as smooth as possible;
Bonus:
Referral bonuses, discount offers and more. Much more;
Salary
3200-5600
                                €/mon.
                                gross",https://www.cvbankas.lt/mid-frontend-developer-vilniuje/1-13734369,2026-04-16,2026-05-16,IT / Technology,,ACTIVE
Quality Assurance Engineer Intern,UAB „8Devices“,Vilnius,,,"Looking to gain real-world experience in tech and kick-start your career as a software engineer? Join our team and get hands-on experience working on actual products used in cutting-edge wireless technologies.
As an Intern, you won’t just observe—you’ll contribute. From day one, you’ll be involved in testing firmware, developing automated tests, and learning how professional QA teams ensure product quality before release.
This is a great opportunity to grow your skills, build up your CV, and understand how things work inside an innovative tech company.
What you’ll learn:
How professional QA teams work in a real tech environment
How to create and maintain automated test cases
How firmware testing is done before product releases
How to work with testing environments and tools
Best practices for collaboration in an engineering team
What we expect:
3rd- or 4th-year university student (IT-related field preferred)
Basic programming skills (any language)
Eagerness to learn and grow
Team player with good English skills
Nice to have:
Basic knowledge of Linux or networking
Experience with Git
What you’ll gain:
Hands-on experience of software products development
Mentorship from experienced engineers
A strong addition to your CV
Opportunity to continue with the team after the internship
Please note: this internship is unpaid.",https://www.cvbankas.lt/quality-assurance-engineer-intern-vilniuje/1-13787575,2026-04-16,2026-05-16,IT / Technology,FULL_TIME,ACTIVE
PHP programuotojas (-a),"Registrų Centras, VĮ",Vilnius,3086,4630,"Ieškome kolegos, kuris:
kurtų naują funkcionalumą pagal verslo ir teisės aktų reikalavimus;
dirbtų su esamu programiniu kodu, paremtu PHP ir Symfony karkasu ir arba Laravel, užtikrinant jo kokybę, saugumą ir našumą;
dalyvautų Gyventojų registro informacinės sistemos plėtros darbuose, prisidedant prie ilgalaikio sistemos stabilumo ir tęstinumo;
analizuotų verslo poreikius ir techninius sprendimus, glaudžiai bendradarbiaudamas su analitikais, testuotojais ir kitais komandos nariais;
vykdytų pirminį sukurto ar modifikuoto funkcionalumo testavimą;
prisidėtų prie vidinių kompetencijų stiprinimo ir žinių kaupimo organizacijos viduje;
laikytųsi saugaus programavimo principų ir taikytų kibernetinio saugumo reikalavimus kuriant ir palaikant sistemas;
dalyvautų informacinių sistemų vystymo planavime ir sprendimų įgyvendinime;
aktyviai dalyvautų komandos bendradarbiavime: code review, techninių sprendimų priėmime.
Šioje pozicijoje mums svarbu:
aukštasis išsilavinimas;
ne mažesnė kaip 3 metų darbo patirtis sistemų kūrime ir / arba vystyme;
patirtis programuojant PHP, privalumas – darbas su Symfony karkasu;
patirtis dirbant su duomenų bazėmis ir jų projektavimu;
patirtis kuriant saitynus (angl. webservices);
vienos ar kelių labiausiai pasaulyje paplitusių programavimo kalbų mokėjimas eksperto lygiu;
gebėjimas sklandžiai ir taisyklingai dėstyti mintis lietuvių kalba, anglų kalba – B1 lygiu;
Lietuvos Respublikos nacionaliniam saugumui užtikrinti svarbių objektų apsaugos įstatyme nustatytiems reikalavimams, atitikimas;
strateginis mąstymas, atsakingumas, iniciatyvumas, orientacija į rezultatus, profesionalumas, bendradarbiavimas, nepriekaištinga asmeninė ir dalykinė reputacija.
Džiaugiamės galėdami pasiūlyti:
i
ššūkius, tobulėjimą ir profesinį augimą strateginę reikšmę Lietuvai turinčioje įmonėje;
vidinės karjeros galimybes;
mentoriaus pagalbą pirmaisiais darbo mėnesiais;
mokymų krepšelį bei vidinę mokymų bazę;
kintamąją metinio atlygio dalį, priklausančią nuo Jūsų ir įmonės veiklos rezultatų;
finansinį palaikymą ištikus nelaimei;
partnerių nuolaidas MELP programėlėje;
papildomą sveikatos draudimą;
3 papildomas apmokamas sveikatinimosi dienas;
22 atostogų dienas;
2 savaites darbostogų (Lietuvoje) per metus;
lankstų darbo grafiką (pradžią nuo 7:00 - 9:00 ir atitinkamai darbo pabaigą 16:00 - 18:00);
hibridinio darbo modelį;
lengvai pasiekiamą darbo vietą Vilniaus centre, modernų biurą ir ergonominę darbo vietą;
galimybę naudotis dviračių saugykla.
Atlyginimas:
3 086 – 4 630 Eur/mėn. neatskaičius mokesčių. Tikslus darbo užmokesčio dydis priklausys nuo Jūsų turimos kompetencijos ir profesinės patirties.
Informuojame, kad kandidatuodami Jūs pateikiate valstybės įmonei Registrų centrui savo asmens duomenis. Susipažinti, kaip tvarkome asmens duomenis galite įmonės Privatumo pranešime
www.registrucentras.lt/bylos/dokumentai/apie/ada/privatumo/Pretendent%C5%B3%20atranka.pdf
.
Mums svarbiausia – profesionalumas, reikiamos žinios, gebėjimai ir motyvacija dirbti. Įmonėje taikome nulinės diskriminacijos principus. Plačiau kviečiame susipažinti su įmonės tvaria veikla, etikos kodeksu ir lygių galimybių politika
www.registrucentras.lt/p/1117
.
Konfidencialumą garantuojame.
Kontaktai pasiteiravimui:
Neringa, tel. +370 613 92914
Atlyginimas
3086-4630
                                €/mėn.
                                neatskaičius mokesčių",https://www.cvbankas.lt/php-programuotojas-a-vilniuje/1-13787809,2026-04-16,2026-04-26,IT / Technology,,ACTIVE
Verslo sistemų integracijų ir automatizavimo inžinierius (-ė) (ERP/CRM),UAB „HEADEX“,Šiauliai,2243,3636,"Tavo atsakomybės bus:
Tavo pagrindinis tikslas – užtikrinti, kad mūsų verslo sistemos veiktų sklandžiai ir kurtų realią vertę.
Kas tai reiškia praktikoje:
reaguosi į vartotojų užklausas ir spręsi sisteminius nesklandumus;
gilinsiesi į sistemų veikimą ir ieškosi būdų, kaip jas patobulinti;
testuosi pakeitimus ir prižiūrėsi, kad integracijos su kitomis sistemomis veiktų be trikdžių;
bendradarbiausi su išoriniais partneriais, kai reikės spręsti sudėtingesnius techninius klausimus;
prisidėsi prie naujų sistemų diegimo bei jų vystymo;
padėsi komandai geriau išnaudoti sistemas – konsultuosi ir dalinsiesi rekomendacijomis;
tvarkysi dokumentaciją ir aprašysi procesus taip, kad jie būtų aiškūs kitiems.
Mes tikimės, kad Tu:
esi baigęs (-usi) IT srities studijas;
jau esi dirbęs (-usi) su CRM ar ERP sistemomis ir supranti jų veikimo logiką;
tau pažįstami tokie dalykai kaip vartotojų valdymas, konfigūravimas ar procesų automatizavimas;
gebi „išversti“ verslo poreikius į techninius sprendimus;
supranti, kaip sistemos bendrauja tarpusavyje (API, duomenų srautai ir pan.);
turi patirties su „Salesforce“ – tai būtų didelis pliusas;
anglų kalba tau nėra kliūtis dirbant su dokumentacija ar partneriais;
mėgsti spręsti problemas, gebi planuoti savo darbus ir dirbti savarankiškai;
esi analitiškas (-a), atsakingas (-a) ir orientuotas (-a) į rezultatą.
Tavęs laukia:
mėnesinis atlyginimas (brutto): 2234-3636 Eur/mėn.;
sklandų startą su apmokymais ir mentoryste – kad ne „išgyventum“, o iškart jaustumeisi savo vietoje;
papildomą sveikatos draudimą (įskaitant skiepus nuo gripo ir daugiau);
vidinius ir išorinius mokymus, renginius bei iniciatyvas – kad augtum ne tik pareigose, bet ir kaip asmenybė;
partnerių nuolaidas – mažos privilegijos, kurios maloniai nustebina;
gimtadienį be darbo – nes tą dieną svarbiausias projektas esi Tu;
Hibridinis darbo modelis (3 dienos iš ofiso, 2 iš namų);
Papildyti savo patirties bagažą LEAN kultūros išmanymu.
Jei turite klausimų dėl pozicijos, susisiekite telefonu +37061255804 arba kreipkitės per „LinkedIn“ –
bbf.lt/gNFfJ
.
„Paspausdami „Kandidatuoti“, patvirtinate, kad Jūsų pateikti asmens duomenys yra teisingi ir tikslūs ir sutinkate, kad „Headex Group“ ir potencialūs darbdaviai tvarkytų Jūsų pateiktus asmens ir specialiųjų kategorijų duomenis atrankų į darbo vietas tikslais „Headex Group“ privatumo politikoje nurodyta tvarka, bei Jūsų duomenys būtų saugomi „Headex Group“ duomenų bazėje trejus metus. Taip pat užtikriname Jūsų konfidencialumą bei informuojame, kad susisieksime tik su atrinktais kandidatais. Daugiau informacijos:
headex.eu/lt/privatumo-politika/
.
Atlyginimas
2243-3636
                                €/mėn.
                                neatskaičius mokesčių",https://www.cvbankas.lt/verslo-sistemu-integraciju-ir-automatizavimo-inzinierius-e-erp-crm-siauliuose/1-13787729,2026-04-16,2026-05-15,IT / Technology,,ACTIVE
Verslo sistemų integracijų ir automatizavimo inžinierius (-ė) (ERP/CRM),UAB „HEADEX“,Panevėžys,2243,3636,"Tavo atsakomybės bus:
Tavo pagrindinis tikslas – užtikrinti, kad mūsų verslo sistemos veiktų sklandžiai ir kurtų realią vertę.
Kas tai reiškia praktikoje:
reaguosi į vartotojų užklausas ir spręsi sisteminius nesklandumus;
gilinsiesi į sistemų veikimą ir ieškosi būdų, kaip jas patobulinti;
testuosi pakeitimus ir prižiūrėsi, kad integracijos su kitomis sistemomis veiktų be trikdžių;
bendradarbiausi su išoriniais partneriais, kai reikės spręsti sudėtingesnius techninius klausimus;
prisidėsi prie naujų sistemų diegimo bei jų vystymo;
padėsi komandai geriau išnaudoti sistemas – konsultuosi ir dalinsiesi rekomendacijomis;
tvarkysi dokumentaciją ir aprašysi procesus taip, kad jie būtų aiškūs kitiems.
Mes tikimės, kad Tu:
esi baigęs (-usi) IT srities studijas;
jau esi dirbęs (-usi) su CRM ar ERP sistemomis ir supranti jų veikimo logiką;
tau pažįstami tokie dalykai kaip vartotojų valdymas, konfigūravimas ar procesų automatizavimas;
gebi „išversti“ verslo poreikius į techninius sprendimus;
supranti, kaip sistemos bendrauja tarpusavyje (API, duomenų srautai ir pan.);
turi patirties su „Salesforce“ – tai būtų didelis pliusas;
anglų kalba tau nėra kliūtis dirbant su dokumentacija ar partneriais;
mėgsti spręsti problemas, gebi planuoti savo darbus ir dirbti savarankiškai;
esi analitiškas (-a), atsakingas (-a) ir orientuotas (-a) į rezultatą.
Tavęs laukia:
mėnesinis atlyginimas (brutto): 2234-3636 Eur/mėn.;
sklandų startą su apmokymais ir mentoryste – kad ne „išgyventum“, o iškart jaustumeisi savo vietoje;
papildomą sveikatos draudimą (įskaitant skiepus nuo gripo ir daugiau);
vidinius ir išorinius mokymus, renginius bei iniciatyvas – kad augtum ne tik pareigose, bet ir kaip asmenybė;
partnerių nuolaidas – mažos privilegijos, kurios maloniai nustebina;
gimtadienį be darbo – nes tą dieną svarbiausias projektas esi Tu;
Hibridinis darbo modelis (3 dienos iš ofiso, 2 iš namų);
Papildyti savo patirties bagažą LEAN kultūros išmanymu.
Jei turite klausimų dėl pozicijos, susisiekite telefonu +37061255804 arba kreipkitės per „LinkedIn“ –
bbf.lt/gNFfJ
.
„Paspausdami „Kandidatuoti“, patvirtinate, kad Jūsų pateikti asmens duomenys yra teisingi ir tikslūs ir sutinkate, kad „Headex Group“ ir potencialūs darbdaviai tvarkytų Jūsų pateiktus asmens ir specialiųjų kategorijų duomenis atrankų į darbo vietas tikslais „Headex Group“ privatumo politikoje nurodyta tvarka, bei Jūsų duomenys būtų saugomi „Headex Group“ duomenų bazėje trejus metus. Taip pat užtikriname Jūsų konfidencialumą bei informuojame, kad susisieksime tik su atrinktais kandidatais. Daugiau informacijos:
headex.eu/lt/privatumo-politika/
.
Atlyginimas
2243-3636
                                €/mėn.
                                neatskaičius mokesčių",https://www.cvbankas.lt/verslo-sistemu-integraciju-ir-automatizavimo-inzinierius-e-erp-crm-panevezyje/1-13787605,2026-04-16,2026-05-15,IT / Technology,,ACTIVE
Biotechnologas - chemikas,UAB Essential Phosphates,Vilnius,1900,1900,"Darbo pobūdis
Darbas su cheminėmis medžiagomis ir biotechnologiniais procesais
Gamybos procesų atlikimas pagal gamybinius protokolus
Standartinių darbo procedūrų ir protokolų pildymas
Gamybinės dokumentacijos, įrangos naudojimo instrukcijų rengimas
Švarios ir saugios darbo vietos palaikymas
Pasiūlymų teikimas gamybinių procesų tobulinimui ir optimizavimui
Reikalavimai darbuotojui
Aukštasis universitetinis biotechnologijos/chemijos/biochemijos/bioinžinerijos mokslų išsilavinimas (bakalauras arba magistras)
Gebėjimas dirbti ir savarankiškai, ir komandoje, lankstumas prisitaikant prie besikeičiančių prioritetų
Geri dokumentavimo įgūdžiai
Geros anglų kalbos žinios
Kompiuterinis raštingumas (MS Office)
Laboratorinio darbo patirtis
Darbo patirtis gamybos įmonėje (privalumas)
Mes siūlome
Galimybę prisijungti prie augančios, ryžtingos ir inovatyvios komandos
Komfortišką darbo aplinką
Profesinio tobulėjimo galimybes (darbuotojo tobulėjimo krepšelis mokymams ir konferencijoms)
Visapusišką komandos pagalbą
Papildomas apmokamų atostogų dienas už išdirbtus metus
Atlyginimas
Nuo 1900
                                €/mėn.
                                neatskaičius mokesčių
Priklausomai nuo kandidato patirties ir techninių įgūdžių",https://www.cvbankas.lt/biotechnologas-chemikas-vilniuje/1-13787493,2026-04-16,2026-05-16,IT / Technology,,ACTIVE
Verslo sistemų integracijų ir automatizavimo inžinierius (-ė) (ERP/CRM),,Kaunas,2300,3600,"Ką veiksi kasdien?
Tavo pagrindinis tikslas – užtikrinti, kad mūsų verslo sistemos veiktų sklandžiai ir kurtų realią vertę.
Kas tai reiškia praktikoje:
reaguosi į vartotojų užklausas ir spręsi sisteminius nesklandumus
gilinsiesi į sistemų veikimą ir ieškosi būdų, kaip jas patobulinti
testuosi pakeitimus ir prižiūrėsi, kad integracijos su kitomis sistemomis veiktų be trikdžių
bendradarbiausi su išoriniais partneriais, kai reikės spręsti sudėtingesnius techninius klausimus
prisidėsi prie naujų sistemų diegimo bei jų vystymo
padėsi komandai geriau išnaudoti sistemas – konsultuosi ir dalinsiesi rekomendacijomis
tvarkysi dokumentaciją ir aprašysi procesus taip, kad jie būtų aiškūs kitiems
Ši pozicija tau tiks, jei:
esi baigęs (-usi) IT srities studijas
jau esi dirbęs (-usi) su CRM ar ERP sistemomis ir supranti jų veikimo logiką
tau pažįstami tokie dalykai kaip vartotojų valdymas, konfigūravimas ar procesų automatizavimas
gebi „išversti“ verslo poreikius į techninius sprendimus
supranti, kaip sistemos bendrauja tarpusavyje (API, duomenų srautai ir pan.)
turi patirties su „Salesforce“ – tai būtų didelis pliusas
anglų kalba tau nėra kliūtis dirbant su dokumentacija ar partneriais
mėgsti spręsti problemas, gebi planuoti savo darbus ir dirbti savarankiškai
esi analitiškas (-a), atsakingas (-a) ir orientuotas (-a) į rezultatą
Tau suteiksime:
hibridinį darbo modelį (3 d. ofise, 2 d. iš namų)
sklandų startą su apmokymais ir mentoryste – kad ne „išgyventum“, o iškart jaustumeisi savo vietoje
papildomą sveikatos draudimą (įskaitant skiepus nuo gripo ir daugiau)
vidinius ir išorinius mokymus, renginius bei iniciatyvas – kad augtum ne tik pareigose, bet ir kaip asmenybė
partnerių nuolaidas – mažos privilegijos, kurios maloniai nustebina
gimtadienį be darbo – nes tą dieną svarbiausias projektas esi Tu
Atlyginimas
2300-3600
                                €/mėn.
                                neatskaičius mokesčių",https://www.cvbankas.lt/verslo-sistemu-integraciju-ir-automatizavimo-inzinierius-e-erp-crm-kaune/1-13787529,2026-04-16,2026-05-16,IT / Technology,,ACTIVE
PHP Developer,Venipak įmonių grupė,Vilnius,3000,4000,"We are looking for a skilled PHP Developer to join our engineering team. You aren’t just a ""coder""—you are a problem solver who takes pride in building scalable systems and maintaining high engineering standards. As a mid-level developer here, you’ll have the autonomy to own your features while being supported by a collaborative, tech-forward team
The Impact You’ll Make:
Build & Scale: Write well-structured, testable, and documented PHP code that solves complex business logic and scales with our users.
End-to-End Ownership: Move beyond just ""tickets."" You’ll take ownership of tasks from the initial investigation through to implementation and final delivery.
Collaborative Engineering: Work closely with the team to design reliable, maintainable architectures. You’ll be a key voice in code reviews and technical planning.
Continuous Improvement: Troubleshoot bugs and optimize existing systems. You’ll play a vital role in automating processes and championing technical best practices.
Mentorship: Lead by example. You’ll share your knowledge with the team and provide guidance to junior colleagues, helping our engineering culture grow.
What You Bring to the Team:
Experience: 2–4 years of professional experience with PHP in a production environment.
Software Design: A strong grasp of OOP and SOLID principles, Design Patterns, and Clean Code practices.
Data Expertise: Strong (My)SQL skills with the ability to optimize queries and manage larger datasets.
Modern Tooling: Deep experience with the Symfony framework and writing automated tests with PHP Unit.
Infrastructure & DevOps: Comfortable with Docker and version control via Git (PR workflows).
Soft Skills: A strong sense of ownership, excellent time management, and the ability to work independently on medium-to-high complexity tasks.
Bonus Points For:
Experience navigating or building Microservices architectures.
Familiarity with Laravel or a deep understanding of ""Plain PHP"" (under the hood).
Frontend experience—specifically JavaScript or React.
Experience with RabbitMQ, Redis for handling asynchronous tasks and caching.
Experience with CI/CD pipelines.
We offer:
Hybrid work possibilities (4X1).
Learning opportunities and professional growth in an international, market-leading company.
Cozy office with snacks and coffee waiting for you daily.
Experienced, supportive and growth-minded colleagues.
Interesting technical challenges and meaningful projects.
Opportunity to implement creative ideas and influence decisions.
Supportive environment to grow your career — “I can” attitude encouraged.
Salary
3000-4000
                                €/mon.
                                gross",https://www.cvbankas.lt/php-developer-vilniuje/1-13726233,2026-04-16,2026-05-16,IT / Technology,,ACTIVE
DevOps Engineer,UAB „Manpower Lit“,Vilnius,5000,6000,"Job description
What you'll be doing?
Building and maintaining Azure infrastructure using Terraform.
Adapting and configuring Azure services to fit real use cases.
Setting up and improving CI/CD pipelines for smooth deployments.
Setting up monitoring and dashboards using Grafana.
Keeping systems stable, secure, and easy to operate.
Working closely with developers to make deployments and environments easier to use.
Supporting authentication flows.
What we're looking for:
3+ years of hands-on experience with
Azure
and managing infrastructure using
Terraform.
Experience working with CI/CD pipelines (Azure DevOps, GitHub Actions, or similar).
Experience with monitoring tools like
Grafana.
Understanding of
Kubernetes,
containerization, and networking fundamentals.
Proficiency in at least one modern programming language (Python, C#, TypeScript, Java, Go).
English language skills to feel comfortable within an international team.
Ability to collaborate effectively, take initiative, and communicate cross-functionally.
What we offer:
Regular salary reviews to recognize your growth and impact.
Performance-based annual bonus.
Clear career growth opportunities within an international organization.
Private health insurance to support your well-being.
Access to learning resources (including Udemy) to keep developing your skills.
Flexibility to work from abroad for a period of time.
Fully remote or a hybrid setup.
Salary
5000-6000
                                €/mon.
                                gross",https://www.cvbankas.lt/devops-engineer-vilniuje/1-13787429,2026-04-16,2026-05-08,IT / Technology,,ACTIVE
Business Development Manager,Indigroup Recruitment,Klaipėda,5700,7400,"Position Summary:
The Business Development Manager will join the newly established Klaipėda office team and play a pivotal role in expanding Grandus’ project portfolio by identifying and securing new shipbuilding and manufacturing opportunities, while also developing a robust network of subcontractors and industrial partners.
This role requires a combination of technical understanding, B2B sales expertise, and partnership development, with a focus on complex, custom-built projects in marine and related industries.
Key Responsibilities:
New Project Acquisition (Core Focus):
Identify and develop new shipbuilding and contract manufacturing opportunities globally
Target sectors such as:Commercial vessels
Workboats and specialized marine craft
Industrial composite structures
Proactively source OEM, custom-build, and partnership-based projects
Build and manage a strong pipeline of qualified leads
Lead negotiations, proposals, and contract agreements with clients
Strategic Business Growth:
Analyze global trends in shipbuilding, advanced materials, and maritime innovation
Identify opportunities to expand Grandus’ capabilities and service offering
Develop new business models (e.g., co-development, joint ventures, outsourcing partnerships)
Support company positioning as a preferred shipbuilding partner for complex projects
Cross-functional Coordination:
Collaborate with engineering and production teams to assess project feasibility
Support technical discussions with clients during early project stages
Ensure smooth transition from sales to execution
Align external partners with internal project requirements
Relationship Management:
Build and maintain strong relationships with clients, shipyards, and industrial partners
Act as the main commercial contact for strategic projects
Represent the company at international maritime exhibitions and industry events
Strengthen brand presence within the global shipbuilding ecosystem
Qualifications & Requirements
Education & Experience:
Degree in Business, Engineering, Naval Architecture, or related field
5+ years of experience in Business Development Manager or Project Manager roles in shipbuilding / marine / heavy manufacturing field
OR industrial B2B project sales
Proven track record in acquiring complex, high-value projects
Skills & Competencies:
Strong understanding of manufacturing and engineering processes
Experience with project-based sales (not just product sales)
Excellent negotiation and stakeholder management skills
Ability to operate in international and cross-cultural environments
Strategic thinking with a hands-on execution mindset
English proficiency
Preferred:
Experience in shipbuilding, offshore, or composite manufacturing
Existing network in maritime or industrial sectors
Knowledge of subcontracting and supply chain ecosystems
Key Performance Indicators:
Number and value of new shipbuilding / manufacturing projects secured
Growth and quality of subcontractor network
Revenue generated from new partnerships
Conversion rate from lead to signed project
Contribution to strategic expansion of company capabilities
What We Offer:
Opportunity to shape business development in a project-driven shipbuilding company
Work on innovative, custom-engineered vessels and industrial solutions
International exposure and collaboration with global partners
Competitive salary with performance-based incentives
Dynamic and technically advanced environment
Salary: 5700 - 7400 EUR gross + project based bonuses
Salary
5700-7400
                                €/mon.
                                gross",https://www.cvbankas.lt/business-development-manager-klaipedoje/1-13787295,2026-04-16,2026-05-16,IT / Technology,,ACTIVE
Join our Marketing Team as a Website and Content Specialist,UAB „Ltintus“,Šiauliai,2000,2400,"ABOUT INTUS WINDOWS
We are INTUS Windows; we create high-performing windows and doors that conserve energy, increase thermal performance, reduce noise, and we are growing by the day. Our mission is to passionately serve clients and deliver high-performance building solutions through technology and Artificial Intelligence. We are Committed and Results-Oriented in our pursuit to see every team member reach their personal, professional, and financial goals through the work we do together. Our core values are the backbone of our business and guide our hiring process: we are Inspirational, Client Obsessed, Aligned, Transparent and Accountable.
POSITION SUMMARY
As a Website and Content Specialist, you will be responsible for managing, developing, and optimizing the company website while producing high-quality marketing content that supports brand visibility, lead generation, and business growth. This role plays a key part in ensuring that the company’s digital presence remains accurate, engaging, and aligned with marketing and sales objectives.
In addition to maintaining website content, you will be responsible for creating and managing landing pages used for marketing campaigns, ensuring they are optimized for user experience, performance, and conversion. This role requires a strong combination of content creation, website management, and basic website development skills.
You will collaborate closely with marketing, sales, and leadership teams to produce website content, blog articles, case studies, and campaign pages that strengthen the company’s digital presence and support customer engagement.
PERFORMANCE OBJECTIVES
Coordinate website updates, development improvements, and ongoing optimization to improve user experience, SEO and GEO performance.
Create and manage landing pages for marketing campaigns, ensuring they are optimized for lead generation and conversion.
Ensure that all website and marketing content complies with company brand standards and communication guidelines.
Produce marketing content, including blog posts, case studies, articles, and website pages aligned with the company communication strategy.
Collaborate with the Social Media Strategist to promote website content and marketing initiatives across digital channels.
Maintain and organize the marketing inventory for the US market, ensuring that materials remain updated and accessible.
Update marketing materials and website content to reflect current company initiatives, product updates, and campaigns.
Collaborate with Sales leadership to align website content and marketing initiatives with customer needs and sales priorities.
Monitor website performance and content effectiveness, recommending improvements and optimizations when needed.
Support digital marketing initiatives by ensuring content consistency across all digital platforms.
Perform other duties as assigned.
KEY COMPETENCIES
Experience with website development and content management systems (CMS).
Understanding of landing page development and optimization for marketing campaigns.
Knowledge of SEO and GEO best practices and how content supports search visibility.
Experience with tools including Semrush, Figma, CRM platforms and content planning workflows.
Strong content writing and storytelling skills for digital marketing and website content.
Ability to maintain brand consistency across all marketing materials and digital platforms.
Excellent collaboration and communication skills when working with marketing, sales, and leadership teams.
Strong project management and organizational skills.
Attention to detail and ability to manage multiple content initiatives simultaneously.
Analytical mindset with the ability to interpret website and campaign performance data.
Familiarity with digital marketing tools and content planning workflows.
EDUCATION AND EXPERIENCE
Bachelor’s degree in Marketing, Communications, Digital Media, Web Development, or a related field is preferred.
Minimum 3 years Experience in content marketing, website management, or digital marketing roles.
Experience in website development or working with website development tools and CMS platforms.
Proven experience writing blog posts, case studies, and marketing articles.
WHAT WE OFFER
Opportunity to work remotely or in the office.
Working hours 8:00 - 17:00.
Improving your skills through professional development training.
Working on exceptional large building projects.
A very fast-growing company.
A united and friendly team.
Team building activities and company events.
Salary
2000-2400
                                €/mon.
                                gross",https://www.cvbankas.lt/join-our-marketing-team-as-a-website-and-content-specialist-siauliuose/1-13746459,2026-04-16,2026-05-16,IT / Technology,,ACTIVE
Vyr. programuotojas (-a) (React),"Registrų Centras, VĮ",Vilnius,3086,4630,"Ieškome kolegos, kuris:
kurtų ir vystytų informacines sistemas, jų dalis bei komponentus, esamas paslaugas perrašant ir pritaikant mikroservisų architektūrą bei konteinerizacijos sprendimus (Docker, Kubernetes);
Diegtų API integracijas tarp vidinių ir išorinių sistemų, užtikrinant paslaugų sąveikumą;
kurtų vartotojo sąsajas naudojant React karkasą, laikantis UI/UX gerosios praktikos ir SOLID principų;
įgyvendintų CI/CD procesus naudojant modernius įrankius (Jenkins, GitHub Actions), siekiant užtikrinti kodo kokybę, saugumą ir efektyvų diegimą;
taikytų autentifikacijos ir autorizacijos mechanizmus pagal OAuth2 ir OpenID Connect standartus, laikantis OWASP rekomendacijų;
vykdytų Grupei priskirtų procesų vadovo ir (ar) savininko pareigas.
Šioje pozicijoje mums svarbu:
aukštasis išsilavinimas;
ne mažesnė kaip 3 metų darbo patirtis sistemų kūrime ir / arba projektavime;
patirtis dirbant su JavaScript (React), mikroservisų architektūra, konteinerizacija (Docker, Kubernetes).;
patirtis kuriant saitynus (angl. webservices);
žinios apie CI/CD procesus ir įrankius;
supratimas apie saugumo standartus (OAuth2, OpenID Connect, OWASP).
gebėjimas sklandžiai ir taisyklingai dėstyti mintis lietuvių kalba, anglų kalba – B1 lygiu;
Lietuvos Respublikos nacionaliniam saugumui užtikrinti svarbių objektų apsaugos įstatyme nustatytiems reikalavimams, atitikimas;
strateginis mąstymas, atsakingumas, iniciatyvumas, orientacija į rezultatus, profesionalumas, bendradarbiavimas, nepriekaištinga asmeninė ir dalykinė reputacija.
Džiaugiamės galėdami pasiūlyti:
i
ššūkius, tobulėjimą ir profesinį augimą strateginę reikšmę Lietuvai turinčioje įmonėje;
vidinės karjeros galimybes;
mentoriaus pagalbą pirmaisiais darbo mėnesiais;
mokymų krepšelį bei vidinę mokymų bazę;
kintamąją metinio atlygio dalį, priklausančią nuo Jūsų ir įmonės veiklos rezultatų;
finansinį palaikymą ištikus nelaimei;
partnerių nuolaidas MELP programėlėje;
papildomą sveikatos draudimą;
3 papildomas apmokamas sveikatinimosi dienas;
22 atostogų dienas;
2 savaites darbostogų (Lietuvoje) per metus;
lankstų darbo grafiką (pradžią nuo 7:00 - 9:00 ir atitinkamai darbo pabaigą 16:00 - 18:00);
hibridinio darbo modelį;
lengvai pasiekiamą darbo vietą Vilniaus centre, modernų biurą ir ergonominę darbo vietą;
galimybę naudotis dviračių saugykla.
Atlyginimas:
3 086 – 4 630 Eur/mėn. neatskaičius mokesčių. Tikslus darbo užmokesčio dydis priklausys nuo Jūsų turimos kompetencijos ir profesinės patirties.
Informuojame, kad kandidatuodami Jūs pateikiate valstybės įmonei Registrų centrui savo asmens duomenis. Susipažinti, kaip tvarkome asmens duomenis galite įmonės Privatumo pranešime
www.registrucentras.lt/bylos/dokumentai/apie/ada/privatumo/Pretendent%C5%B3%20atranka.pdf
.
Mums svarbiausia – profesionalumas, reikiamos žinios, gebėjimai ir motyvacija dirbti. Įmonėje taikome nulinės diskriminacijos principus. Plačiau kviečiame susipažinti su įmonės tvaria veikla, etikos kodeksu ir lygių galimybių politika
www.registrucentras.lt/p/1117
.
Konfidencialumą garantuojame.
Kontaktai pasiteiravimui:
Neringa, tel. +370 613 92914
Atlyginimas
3086-4630
                                €/mėn.
                                neatskaičius mokesčių",https://www.cvbankas.lt/vyr-programuotojas-a-react-vilniuje/1-13787149,2026-04-16,2026-05-15,IT / Technology,,ACTIVE
"Vice President - Fund Accounting, Real Assets",Citco Group of Companies,Vilnius,3800,5650,"About Citco
Citco is a global leader in fund services, corporate governance and related asset services with staff across 50 office locations worldwide. With more than $2 trillion in assets under administration, we deliver end-to-end solutions and exceptional service to meet our clients’ needs.
For more information about Citco, please visit
www.citco.com
.
About the Team & Business Line:
Fund Administration is Citco’s core business, and our alternative asset and accounting service is one of the industry’s most respected. Our continuous investment in learning and technology solutions means our people are equipped to deliver a seamless client experience.
As a core member of our Real Assets Fund Accounting team, you will be working with some of the industry’s most accomplished professionals to deliver award-winning services for complex fund structures that our clients can depend upon.
Your Role:
Encompassing all facets of real assets fund accounting processes and life cycles for fund structures.
Coordinating the administration of and fund accounting services pursuant to agreements in respect of portfolios of private equity clients which hold a diverse portfolio of investments.
Centralizing control of client service delivery; proactively and reactively build team infrastructure and skills to ensure excellent service delivery.
Ensuring the reporting packages, financial statements and consolidated reports are in accordance with the defined accounting standards, formats and procedures.
Focusing on client service level and satisfaction; fully understanding client/business needs and deliverables and striving to build positive, long-term client relationships by taking ownership of issues and using relationship management skills to deal with all situations.
Maintaining relationships with investors, investment advisors/managers, banks, brokers, tax advisors, auditors and other Citco offices worldwide.
Advocating continuous improvement to achieve operational excellence.
Ensuring that the teams under supervision operate effectively and efficiently and that all team members are properly guided and motivated.
Planning team(s) resources in line with business demands, participating in the recruitment and selection process, leading, coaching, developing and appraising employees.
Participating in and leading ad-hoc projects that may be defined in connection with the continuing expansion and evolution of the business.
About You:
Excellent command of English; a second language would be useful.
Essential accountancy or business administration degree.
Minimum 7 years of accounting, audit or similar experience and matching managerial skills.
Knowledge of IFRS; ACCA or CFA certification is an advantage.
Effective organizational and communication skills.
International experience.
Working knowledge of MS Office.
Our Benefits
Your well-being is of paramount importance to us, and central to our success. We provide a range of benefits, training and education support, and flexible working arrangements to help you achieve success in your career while balancing personal needs. Ask us about specific benefits in your location.
We embrace diversity, prioritizing the hiring of people from diverse backgrounds. Our inclusive culture is a source of pride and strength, fostering innovation and mutual respect.
Citco welcomes and encourages applications from people with disabilities. Accommodations are available upon request for candidates taking part in all aspects of the selection.
Salary
3800-5650
                                €/mon.
                                gross",https://www.cvbankas.lt/vice-president-fund-accounting-real-assets-vilniuje/1-13787127,2026-04-16,2026-05-16,IT / Technology,,ACTIVE
IT System Administrator,UAB „Heston Airlines“,Vilnius,2800,3800,"IT SYSTEM ADMINISTRATOR WILL:
· Administer, monitor, and maintain core IT systems and infrastructure to ensure stability, performance, and security;
· Manage and maintain Microsoft 365 services (including Entra ID / Azure AD, Exchange, Teams, SharePoint) and related configurations;
· Design, implement, and maintain identity and access management solutions, including user roles, permissions, MFA, Conditional Access, and SSO;
· Administer endpoint and device management platforms (e.g. Intune, Jamf), ensuring device compliance, configuration standards, and lifecycle management;
· Monitor system health, logs, and alerts. Investigate and resolve escalated incidents and perform root cause analysis;
· Plan and implement system updates, changes, and improvements, including patching, configuration changes, and small-scale migrations;
· Implement and maintain backup, recovery, and business continuity measures;
· Automate routine administrative tasks using scripting tools (e.g. PowerShell) to improve efficiency and reduce manual errors;
· Support the implementation of technical information security controls and assist with audit and compliance activities;
· Maintain clear and accurate technical documentation and procedures;
· Cooperate with internal teams and external vendors on system-related issues, integrations, and improvements.
YOU ARE WELCOME TO APPLY IF YOU HAVE:
· At least 2 years of experience in IT system administration or a similar technical role;
· Strong hands-on experience with Microsoft 365 administration and identity management (Entra ID / Azure AD);
· Practical experience with endpoint management solutions such as Microsoft Intune and/or Jamf;
· Solid understanding of authentication, authorisation, and access control principles (MFA, least privilege, role-based access);
· Basic knowledge of networking fundamentals (TCP/IP, DNS, DHCP, VPN);
· Experience with backup, restore, and system monitoring concepts;
· Scripting and automation experience (PowerShell or similar) is a strong advantage;
· Previous experience in aviation is an advantage;
· Good analytical and problem-solving skills, with the ability to work independently on complex issues;
· Fluent English (written and spoken);
· Good communication, cooperation, and documentation skills.
AND WE WILL BE HAPPY TO PROVIDE YOU:
·A vibrant and dynamic work environment, surrounded by talented professionals and opportunities to grow;
·A range of benefits, including private health insurance, commuting, and daily lunch allowance;
·An extra day off to celebrate your birthday and additional vacation days based on your work tenure;
·Exclusive discounts on travel with our airline and partner companies;
·Full-Time job in Vilnius, Lithuania, with a salary range for this position: 2800 EUR – 3800 EUR gross, depending on your experience.
Atlyginimas
2800-3800
                                €/mėn.
                                neatskaičius mokesčių",https://www.cvbankas.lt/it-system-administrator-vilniuje/1-13733891,2026-04-16,2026-05-16,IT / Technology,,ACTIVE
Fizinių asmenų IS vystymo grupės vadovas (-ė),"Registrų Centras, VĮ",Vilnius,3806,5708,"Ieškome kolegos, kuris:
efektyviai planuotų, organizuotų ir koordinuotų grupės bei išorės komandų (rangovų) veiklą;
užtikrintų kokybišką darbų įvykdymą pagal jų suderintus terminus;
koordinuotų įmonėje kuriamų ir vystomų registrų bei informacinių sistemų (aplikacijų, duomenų bazių, API) programavimo darbus;
užtikrintų prižiūrimų informacinių sistemų integraciją su Valstybės registrų informacinėmis sistemomis bei kitomis įmonėje veikiančiomis informacinėmis sistemomis;
kurtų ir įgyvendintų informacinių technologijų ir sistemų strategiją, plėtros planus;
užtikrintų inžinerinės kultūros bei techninių standartų laikymąsi;
efektyviai valdytų techninę skolą.
Šioje pozicijoje mums svarbu:
aukštasis arba jam prilygintas išsilavinimas;
ne mažesnė kaip 2 metų vadovavimo padaliniui ar projekto grupei patirtis;
ne mažesnė kaip 2 metų patirtis sistemų kūrimo ir / arba projektavimo bei šių darbų organizavimo srityje;
IT valdymo standartų, metodikų ir gerųjų praktikų išmanymas bei ne mažesnė kaip 2 metų jų praktinio taikymo patirtis kuriant arba/ir palaikant informacines sistemas bei žiniatinklio paslaugas (angl. API);
programinės įrangos architektūros žinios būtų privalumas;
sklandi ir taisyklinga lietuvių kalba raštu ir žodžiu, anglų kalbos mokėjimas - B1 lygiu;
Lietuvos Respublikos nacionaliniam saugumui užtikrinti svarbių objektų apsaugos įstatyme nustatytiems reikalavimams, atitikimas;
strateginis mąstymas, organizuotumas, atsakingumas, iniciatyvumas, orientacija į rezultatus, profesionalumas, bendradarbiavimas, nepriekaištinga asmeninė ir dalykinė reputacija.
Džiaugiamės galėdami pasiūlyti:
galimybes prisidėti prie įmonės veiklos gerinimo kuriant bei diegiant naujoves strateginę reikšmę Lietuvai turinčioje įmonėje;
iššūkius, tobulėjimą ir profesinį augimą strateginę reikšmę Lietuvai turinčioje įmonėje;
vidinės karjeros galimybes;
mentoriaus pagalbą pirmaisiais darbo mėnesiais;
mokymų krepšelį bei vidinę mokymų bazę;
kintamąją metinio atlygio dalį, priklausančią nuo Jūsų ir įmonės veiklos rezultatų;
finansinį palaikymą ištikus nelaimei;
partnerių nuolaidas MELP programėlėje;
papildomą sveikatos draudimą;
3 papildomas apmokamas sveikatinimosi dienas;
22 atostogų dienas;
2 savaites darbostogų (Lietuvoje) per metus;
lankstų darbo grafiką (pradžią nuo 7:00 - 9:00 ir atitinkamai darbo pabaigą 16:00 - 18:00);
hibridinio darbo modelį;
lengvai pasiekiamą darbo vietą Vilniaus centre, modernų biurą ir ergonominę darbo vietą;
galimybę naudotis dviračių saugykla.
Atlyginimas:
3 806 – 5 708 Eur/mėn. neatskaičius mokesčių. Tikslus darbo užmokesčio dydis priklausys nuo Jūsų turimos kompetencijos ir profesinės patirties.
Informuojame, kad kandidatuodami Jūs pateikiate valstybės įmonei Registrų centrui savo asmens duomenis. Susipažinti, kaip tvarkome asmens duomenis galite įmonės Privatumo pranešime
www.registrucentras.lt/bylos/dokumentai/apie/ada/privatumo/Pretendent%C5%B3%20atranka.pdf
.
Vadovaudamiesi Lietuvos Respublikos viešųjų ir privačių interesų derinimo įstatymo 5 str. 3 d., prašome per PINREG su pretendento dokumentais, pateikti privačių interesų deklaraciją.
Privačių interesų deklaracijos pateikimo klausimais galite kreiptis į Prevencijos departamento Tyrimų ir vidaus kontrolės skyriaus vyr. analitiką Dainių Babilių, tel. +370 650 44341, el. p.
Mums svarbiausia – profesionalumas, reikiamos žinios, gebėjimai ir motyvacija dirbti. Įmonėje taikome nulinės diskriminacijos principus. Plačiau kviečiame susipažinti su įmonės tvaria veikla, etikos kodeksu ir lygių galimybių politika
www.registrucentras.lt/p/1117
.
Konfidencialumą garantuojame.
Kontaktai pasiteiravimui:
Neringa, tel. +370 613 92914
Atlyginimas
3806-5708
                                €/mėn.
                                neatskaičius mokesčių",https://www.cvbankas.lt/fiziniu-asmenu-is-vystymo-grupes-vadovas-e-vilniuje/1-13786981,2026-04-16,2026-04-29,IT / Technology,,ACTIVE
IT administratorius (-ė),AB „Kauno grūdai“,Kaunas,2000,2200,"Kauno Grūdai - Jūsų karjeros šansas čia!
Norite tapti dinamiškos, inovatyvios ir augančios komandos dalimi? Ieškome naujo komandos nario (-ės), kuris prisidės prie mūsų sėkmės! Jei siekiate profesinio tobulėjimo, mėgstate iššūkius ir esate pasirengęs (-usi) daryti įtaką – laukiame Jūsų!
Jūsų atsakomybės:
Tinklų įrangos administravimas (maršrutizatoriai, komutatoriai, VPN);
IT saugumo užtikrinimas ir priežiūra;
Serverių administravimas (Windows/Linux);
Virtualizacijos sprendimų priežiūra (VMware, Hyper-V ar kt.);
Praėjimo kontrolės sistemų administravimas;
Vaizdo stebėjimo sistemų (kamerų) priežiūra;
Darbas su Microsoft Azure debesijos paslaugomis.
Ko iš Jūsų tikimės?
Patirties administruojant tinklų įrangą - būtina;
IT saugumo pagrindų išmanymo;
Serverių administravimo patirties;
Virtualizacijos sprendimų supratimo;
Patirties su praėjimo kontrolės ar vaizdo stebėjimo sistemomis – privalumas;
Azure žinių – privalumas;
Atsakingumo, savarankiškumo ir problemų sprendimo įgūdžių;
Aukštojo / aukštesniojo išsilavinimo IT srityje.
Mūsų darbuotojai yra mūsų stiprybė, todėl siūlome:
Komandos šventes, kurios sujungia – didysis kalėdinis renginys, vasaros sporto šventė ir daugybė kitų progų pasidžiaugti kartu!
Mums rūpi kolegų sveikata, todėl suteikiame papildomą sveikatos draudimą. Juk gera savijauta – geriausia investicija.
Dar daugiau galimybių su MELP darbuotojų gerovės programėle, kurioje patogiai rasite Jums skirtas naudas ir pasiūlymus.
Vidinės karjeros galimybes. Jeigu norite augti, mes pasiruošę suteikti tam visas sąlygas.
Reguliarias kompetencijų ugdymo mokymų programas.
Sportas ne tik laisvalaikiui – turime sporto programą ir net savo sporto salę Kauno ofise!
Ne tik darbas, bet ir pramogos – suteikiame galimybę lankytis „Žalgirio“ arenos renginius „Kauno grūdų“ VIP ložėje, nes geros emocijos kuria stiprią komandą.
Dėmesys Jums ir Jūsų šeimai: staigmenos mažiesiems, pirmokėlių dovanos, kalėdiniai spektakliai.
Prisijunk prie Kauno Grūdų komandos ir kurkime sėkmės istoriją kartu!
Apie mus:
Atlyginimas
2000-2200
                                €/mėn.
                                į rankas",https://www.cvbankas.lt/it-administratorius-e-kaune/1-13693521,2026-04-16,2026-05-16,IT / Technology,,ACTIVE
IT operations manager (coordinator),UAB „Kitron“,Kaunas,3500,5200,"Job Description:
Ensure the availability, reliability, and security of factory IT systems and infrastructure to support uninterrupted production operations.
Manage and coordinate day-to-day IT operations at the factory.
Lead and develop the local IT team.
Ensure compliance with corporate IT and cybersecurity standards.
Work closely with the local management team and corporate IT.
Take responsibility for the factory IT budget planning and control.
Ensure cybersecurity readiness and support business continuity initiatives.
Requirements:
Bachelor’s degree in IT, computer science, or a related field (preferred).
Broad technical foundation in IT.
Strong collaboration and communication skills.
Proven problem-solving experience.
Strong leadership and people management skills.
Solid technical understanding of IT infrastructure and operations.
English – full professional proficiency.
We offer:
Performance-based annual bonus.
Accident insurance 24/7.
Loyalty program.
Extra attention and benefits for the employee in case of important life events.
Additional vacation days - 1 extra day each year, plus 2 extra days after 5 years.
Hybrid work type and flexible working hours.
A highly skilled and motivated team of colleagues.
Opportunities for personal and professional development.
Atlyginimas
3500-5200
                                €/mėn.
                                neatskaičius mokesčių
In Kitron salary offer is based on the predefined salary ranges for each position and depends on the level of experience and competence of the candidate;",https://www.cvbankas.lt/it-operations-manager-coordinator-kaune/1-13786821,2026-04-16,2026-05-16,IT / Technology,,ACTIVE
INŽINIERIUS – IT/IS SISTEMŲ ADMINISTRATORIUS,UAB „Vandens parkas“,Vilnius,2000,3500,"Darbo pobūdis
IT ūkio ir infostruktūros (kompiuterinių darbo vietų, serverių, tinklų);
Verslo valdymo sistemų (bilietų pardavimo sistemų) priežiūra;
Kitos įrangos priežiūra: informaciniai terminalai, elektroniniai užraktai, tokių kaip kompiuteriniai kasos aparatai ir kt;
Bendravimas su išoriniais paslaugų tiekėjais bei jų darbų koordinavimas ( pvz., kasų techninės ir programinės įrangos priežiūra);
Įmonės darbuotojų konsultavimas ir techninė pagalba.
Reikalavimai darbuotojui
Aukštasis arba aukštesnysis išsilavinimas IT, fizikos, elektronikos srityse;
IT infrastruktūros techninės ir operacinių sistemų žinios;
Elektroninės technikos išmanymas;
Puikūs bendravimo įgūdžiai, atsakingumas, savarankiškumas;
Gebėjimas spręsti problemas ir konfliktines situacijas;
Analitinis mąstymas;
Privalumai:
Darbas su kompiuteriniais kasos aparatais;
Duomenų bazių (SQL) užklausų išmanymas;
Panašaus darbo patirtis;
Įmonė siūlo
Įdomų ir dinamišką darbą;
Galimybę įgyvendinti savo idėjas;
Profesinio tobulėjimo galimybes;
Draugišką ir jaunatvišką kolektyvą;
Konkurencingą atlyginimą, priklausantį nuo rezultatų.
Atlyginimas
2000-3500
                                €/mėn.
                                neatskaičius mokesčių",https://www.cvbankas.lt/inzinierius-it-is-sistemu-administratorius-vilniuje/1-8318983,2026-04-16,2026-05-16,IT / Technology,,ACTIVE
Application support engineer,"EVERWEST, UAB",Vilnius,3320,4150,"Job description
We have many years of experience in the field of logistics. We represent Western quality for the delivery of our customers with a team of international and experienced specialists. Experience, reliability, expertise, innovation, recognition, and trust - these core values are developed in all our processes. In the organization, we believe that people are our greatest strength. Here we foster a friendly company culture based on openness, engagement, and trust. If our values are in line with yours, we invite you to join the
Everwest
team.
We are currently seeking a talented:
Application support engineer
Key Responsibilities:
Provide day-to-day technical support for internal and customer-facing applications.
Monitor application performance and troubleshoot incidents in a timely manner.
Perform root cause analysis and implement preventive solutions.
Collaborate with development, infrastructure, and business teams to resolve issues.
Manage deployments, patches, and configuration changes.
Maintain documentation for processes, issues, and resolutions.
Requirements:
Bachelor’s degree in Computer Science, Information Technology, or related field.
2+ years of experience in application support or a similar technical role.
Hands-on experience managing user access to enterprise applications, ensuring accurate provisioning, role assignment, and compliance with security policies.
Strong knowledge of SDLC, ITIL.
Excellent problem-solving and communication skills.
Ability to work independently and in a team-oriented environment.
We offer:
Monthly salary ranges from
3320 EUR to 4150 EUR
gross. In addition, each employee of the Everwest company receives a package of additional benefits, which include:
Growth opportunities:
professional and supportive team, leadership development programs. The opportunity to improve by participating in both internal and external training;
Modern office:
Modern and ergonomically equipped office, with recreation areas, outdoor terraces, and a gym. The restaurant in which, exclusive prices for employees apply;
Recognition and awards:
a day off in the month of the birthday, as well as gifts during the holidays or on the anniversary of working in the company. Various events of the company, the election of the best employees of the company, as well as like-minded clubs operating on the initiative of employees.
Salary
3320-4150
                                €/mon.
                                gross",https://www.cvbankas.lt/application-support-engineer-vilniuje/1-13786657,2026-04-16,2026-05-16,IT / Technology,,ACTIVE
Portalų ir naudotojų vystymo grupės vadovas (-ė),"Registrų Centras, VĮ",Vilnius,3806,5708,"Ieškome kolegos, kuris:
planuotų, organizuotų ir koordinuotų grupės veiklą;
organizuotų E. sveikatos sistemos produktų ir techninių komponenčių naudotojų aplikacijų dalies vystymą;
užtikrintų naudotojų aplikacijų veikimui būtiną palaikymą ir priežiūrą įvykus sutrikimui, organizuotų incidentų šalinimą;
dalyvautų priimant sprendimus dėl vieningos E. sveikatos sistemos produktų naudotojų patirties įgyvendinimo, atsižvelgiant į gerąsias praktikas bei pasaulinius standartus;
koordinuotų E. sveikatos sistemos naudotojų aplikacijų pokyčių įgyvendinimą, atsižvelgiant į kitų komponenčių vystymą;
užtikrintų vystomų produktų naudotojų sąsajos palaikomumą, saugumą, plečiamumą, patikimumą, prieinamumą.
Šioje pozicijoje mums svarbu:
aukštasis arba jam prilygintas išsilavinimas;
ne mažesnė nei 2 metų vadovavimo padaliniui ar projekto grupei patirtis;
ne mažesnė nei 2 metų darbo patirtis sistemų kūrimo ar projektavimo bei šių darbų organizavimo srityje;
informacinių technologijų valdymo standartų (Agile metodikų), gerųjų praktikų išmanymas ir ne trumpesnė nei 2 metų jų praktinio taikymo patirtis;
Confluence ir JIRA instrumentų naudojimo geros žinios;
gebėjimas sklandžiai ir taisyklingai dėstyti mintis lietuvių kalba (raštu ir žodžiu), anglų kalbos mokėjimas – B1 lygiu;
Lietuvos Respublikos nacionaliniam saugumui užtikrinti svarbių objektų apsaugos įstatymo nustatytų reikalavimų atitikimas;
organizuotumas, atsakingumas, iniciatyvumas, orientacija į rezultatus, profesionalumas, bendradarbiavimas, nepriekaištinga asmeninė ir dalykinė reputacija.
Džiaugiamės galėdami pasiūlyti
iššūkius, tobulėjimą ir profesinį augimą strateginę reikšmę Lietuvai turinčioje įmonėje;
vidinės karjeros galimybes;
mentoriaus pagalbą pirmaisiais darbo mėnesiais;
mokymų krepšelį bei vidinę mokymų bazę;
kintamąją metinio atlygio dalį, priklausančią nuo Jūsų ir įmonės veiklos rezultatų;
finansinį palaikymą ištikus nelaimei;
partnerių nuolaidas MELP programėlėje;
papildomą sveikatos draudimą;
3 papildomas apmokamas sveikatinimosi dienas;
22 atostogų dienas;
2 savaitės darbostogų (Lietuvoje) per metus;
lankstų darbo grafiką (pradžią nuo 7:00 - 9:00 ir atitinkamai darbo pabaigą 16:00 - 18:00);
hibridinio darbo modelį;
lengvai pasiekiamą darbo vietą Vilniaus centre, modernų biurą ir ergonominę darbo vietą;
galimybę naudotis dviračių saugykla.
Atlyginimas
3806-5708
                                €/mėn.
                                neatskaičius mokesčių
Tikslus darbo užmokesčio dydis priklausys nuo Jūsų turimos kompetencijos ir profesinės patirties.
Vadovaudamiesi Lietuvos Respublikos viešųjų ir privačių interesų derinimo įstatymo 5 str. 3 d., prašome per PINREG su pretendento dokumentais, pateikti privačių interesų deklaraciją. Kilus klausimams galite kreiptis į Prevencijos departamento Tyrimų ir vidaus kontrolės skyriaus analitiką Dainių Babilių tel. +370 650 44341, el. p.
Konfidencialumą garantuojame bei informuojame, kad kandidatuodami Jūs pateikiate valstybės įmonei Registrų centrui savo asmens duomenis. Susipažinti, kaip tvarkome asmens duomenis galite įmonės Privatumo pranešime.
Mums svarbiausia – profesionalumas, reikiamos žinios, gebėjimai ir motyvacija dirbti. Įmonėje taikome nulinės diskriminacijos principus. Plačiau kviečiame susipažinti su įmonės tvaria veikla, etikos kodeksu ir lygių galimybių politika.
Kontaktai pasiteiravimui: Greta, tel. +370 690 27769",https://www.cvbankas.lt/portalu-ir-naudotoju-vystymo-grupes-vadovas-e-vilniuje/1-13786633,2026-04-16,2026-04-29,IT / Technology,,ACTIVE
Software Test Engineer,UAB „People Link“,Vilnius,3000,5500,"ABOUT
Brolis Semiconductors is a high-tech company specializing in the development and manufacturing of electro-optical systems for surveillance, reconnaissance, and targeting, including laser markers, thermal imaging systems, night vision equipment, and other advanced devices. The company is currently looking for a Software Test Engineer to join them and validate all software and firmware developed by R&D team. This is a system-level, black-box testing role focused on real device behavior, integration, reliability, and breaking things before customers do.
IN THIS POSITION YOU WILL
Design and execute system and black-box tests.
Validate complete device behavior and integrations.
Run regression, stress, and stability testing.
Build and maintain automated and manual test setups.
Reproduce issues and provide clear bug reports.
Support release and production qualification.
THE COMPANY OFFERS
Opportunity to work with high-tech unique products. BROLIS products are registered with the NATO Support and Procurement Agency. Your effort will contribute to national, Europe and NATO security.
Meaningful job – company has high values, dedicated to help saving lives through defence in military and security industries and is very supportive for Ukraine success. You will be helping to achieve this goal.
We give priority to candidate’s compatibility with company's culture over the skills and experience gained so far: we value team spirit, openness and honesty, striving for improvement and a good sense of humour!
We care about your health and well-being, so we offer loyalty programs with employee health insurance, regular health check and vaccination programs, financial holiday basket, lunch discounts and other benefits.
Salary of 3000-5500 Eur gross, depending on your skills, professional experience, and competencies.
WE ARE LOOKING FOR A CANDIDATE WHO
Has experience in system/black-box or integration testing.
Has multiplatform (Windows / Linux), UART, SPI, I2C, USB, TCP/IP, Git, CI pipelines knowledge.
Has strong troubleshooting and debugging skills.
Is comfortable working with hardware devices and lab equipment.
Has test planning and documentation experience.
Has independent, practical, engineering mindset.
Salary
3000-5500
                                €/mon.
                                gross",https://www.cvbankas.lt/software-test-engineer-vilniuje/1-13620053,2026-04-16,2026-05-16,IT / Technology,,ACTIVE
Big Data Engineer,UAB „Bitė Lietuva“,Vilnius,3000,4200,"At BITĖ, we’re people — not just employees
We care not just about what you do, but who you are. Not just about the role you are in, but how it makes you feel. Not only about your goals, but what inspires you to reach them. We are building a workplace where curiosity, safety, and growth go hand in hand.
Join BITĖ
– a place where you are free to be yourself.
This role focuses on innovation, technical proficiency, and collaboration to deliver advanced solutions that fulfill our requirements. You will join a diverse team of data engineers skilled in network, finance, and marketing data. They are adept at analyzing, structuring, and recommending optimal solutions for data that aligns with our business needs.
Your main task will be:
Ensure data quality and integrity through data governance best practices, including validation, transformation, and security protocols, using technologies such as PySpark, Impala, Hive, HDFS, ClickHouse, Zabbix, and Airflow
Collaborate with the project management team to develop the overall implementation solution plan and actively contribute to project life cycle phases, leveraging technologies like PySpark and Airflow
Continuously monitor and improve the performance of data systems to ensure they are optimized for speed, reliability, and scalability, utilizing technologies like PySpark and HDFS
Job Requirements
3+ years of data engineering or similar technical experience
Knowledge of SQL, Data modelling architecture and ETL processes with tools such as Apache Airflow
Proficiency in PySpark, Python, Linux, HDFS, Elasticsearch, ClickHouse, and various SQL databases
Experience with AWS and NiFi is a plus
Strong analytical and problem-solving skills
BITĖ offers the following benefits:
Have freedom to implement best ideas
Personal phone
with unlimited calls, SMS, and data
5G mobile route
rfor your home or travels
Go3 + Netflix subscription
for your downtime
Comprehensive health and accident insurance
Tier III pension accumulation plan
Flexible hybrid setup
: 4 days in our Vilnius office, 1 day remote
Workation
options and flexible working hours
Themed company
events
, engaging team activities, and a fun, modern work culture
Gross salary 3000 - 4200 EUR/month
Atlyginimas
3000-4200
                                €/mėn.
                                neatskaičius mokesčių",https://www.cvbankas.lt/big-data-engineer-vilniuje/1-13557508,2026-04-15,2026-05-16,IT / Technology,,ACTIVE
SRE INŽINIERĖ (-IUS) | ELBALANS VYSTYMAS,Ignitis grupė,Vilnius,2630,3940,"Ar nori tapti „Ignitis grupės paslaugų centras“ dalimi?
Šiuo metu ieškome naujos (-o) komandos narės (-io) Grupės Klientų IT sistemų vystymo komandoje. Šioje pozicijoje būsi atsakinga (-as) kuriant UAB Ignitis strategines sistemų aplikacijas, atliepiančias veiklos poreikius, pavyzdžiui Elektros energijos prekybos biržoje sistema. Manai, mums pakeliui? Tuomet laukiame tavęs savo komandoje!
Take YOUR part in #EnergySmart!
Tavo pagrindinės užduotys bus:
Darbas UAB Ignitis vystymo komandoje, užtikrinant kuriamų informacinių sistemų patikimumą, pasiekiamumą ir našumą pagal SRE principus;
Stebėsenos (monitoring), įspėjimų (alerting) ir sistemų observability sprendimų kūrimas, diegimas ir palaikymas;
Paslaugų lygio rodiklių (SLI), tikslų (SLO) apibrėžimas kartu su komanda, jų stebėsena ir nuolatinis tobulinimas;
Incidentų valdymas, post-mortem analizės (root cause analysis) organizavimas bei prevencinių priemonių įgyvendinimas;
Konteinerizuotų aplikacijų diegimas ir administravimas, CI/CD procesų kūrimas, migravimas ir tobulinimas;
Atsakomybė už sistemų ir kodo saugyklų migravimo projektus (pvz., GitLab → GitHub), CI/CD pipeline’ų perkėlimą ir optimizavimą;
Infrastruktūros, konfigūravimo ir pasikartojančių operacinių užduočių automatizavimas;
Geriausių SRE, DevOps ir patikimumo praktikų formavimas bei jų diegimo inicijavimas;
Konsultavimas ir pagalba kitoms vystymo komandoms pritaikant patikimumo, stebėsenos ir automatizavimo praktikas organizacijos mastu.
Šiai pozicijai svarbu:
Aukštasis universitetinis išsilavinimas (pageidautina IT srityje) arba gali būti paskutinių kursų studentė (-as);
Praktinė darbo patirtis prižiūrint ar kuriant informacines sistemas;
Praktinė darbo patirtis su PostgreSQL ir/ar MS SQL, MariaDB;
Praktinė darbo patirtis dirbant su WEB sprendimais;
Praktinė patirtis administruojant, konfigūruojant ir prižiūrint stebėsenos sistemą (monitoringas, trigerių kūrimas, integracijos, incidentų analizė) (Zabbix, Grafana);
Programavimo pagrindai (pageidautina Python, Bash, PowerShell, C# ar kiti);
Stipri orientacija į klientą ir iškeltų tikslų pasiekimą, analitinis mąstymas;
Gebėjimas aiškiai perteikti mintis;
Geros lietuvių ir anglų kalbos žinios.
Privalumas būtų:
Praktinė patirtis dirbant su OpenShift platforma (konteinerių diegimas, konfigūravimas, aplikacijų publikavimas, resursų valdymas, CI/CD integracijos);
Praktinė patirtis su Linux OS arba šioje OS kurtais sprendimais;
Ansible žinios;
CSS, HTML bazinės žinios.
Mainais už tvaresnės ateities kūrimą, mes pažadame:
Atitinkantį patirtį bei kompetencijas atlygį, bei kintamą finansinį paskatinimą priklausantį nuo pasiektų rezultatų;
Papildomų naudų paketą pasirenkant: pensijų kaupimą, sveikatos draudimą ar kitą naudą iš pasirenkamų naudų sąrašo MELP programėlėje;
Hibridinį darbo modelį (3+2) ir lankstų darbo laiko grafiką;
Vidines karjeros galimybes;
Galimybę prisidėti prie energetikos transformacijos, siekiant sukurti 100% žalią ir saugią energijos ekosistemą dabarties ir ateities kartoms;
Įvairovę ir įtrauktį puoselėjančią darbo kultūrą;
Papildomą skatinimą dalyvaujant Grupės iniciatyvose.
Kviečiame prisijungti prie augančios tarptautinės komandos. Ją sudaro išmaniajai energetikai atsidavę specialistai, kuriuos vienija bendras tikslas – sukurti 100% žalią ir saugią energetikos ekosistemą dabarties ir ateities kartoms. O būdas tai pasiekti – tikrai ne laukti tinkamo laiko. Mes tikime, kad energija veikti įsikrauname patys.
Suvienyti prasmės. Geriausi ten, kur svarbu. Prisiimame iššūkius. Drąsūs atrasti ir keistis.
Tai mūsų vertybinės nuostatos, drauge jos kuria energiją, kuri yra visko, ką mes darome, varomoji jėga. Energiją, kuri virsta mūsų pasirinkimais. Jei ir tu vadovaujiesi šiomis vertybinėmis nuostatomis – lauksime savo komandoje!
Siekdami strateginių tikslų padidinti lyčių balansą „Ignitis grupėje“, pareigų pavadinimus darbo skelbimuose nurodome pirmiausia moteriškos giminės galūne.
„Ignitis grupė“ yra lygias galimybes užtikrinanti darbovietė, kurioje laukiami visi kandidatai, nediskriminuojant jų dėl rasės, religijos, lyties, seksualinės orientacijos ar lyties tapatybės, amžiaus, negalios ar dėl kitų su darbo vykdymu tiesiogiai nesusijusių požymių.
Pareigybių grupės pastovios atlyginimo dalies intervalas yra nuo 2630 iki 3940 EUR (neatskaičius mokesčių). Konkretus darbo užmokestis siūlomas atsižvelgiant į darbo patirtį ir kompetenciją. Prie darbo užmokesčio gali būti mokama kintamoji atlygio dalis.
Atlyginimas
2630-3940
                                €/mėn.
                                neatskaičius mokesčių",https://www.cvbankas.lt/sre-inziniere-ius-elbalans-vystymas-vilniuje/1-13785223,2026-04-15,2026-04-30,IT / Technology,,ACTIVE
REACT FRONTEND DEVELOPER,Sanitex įmonių grupė,Kaunas,2100,2800,"BŪDAMAS KOMANDOS DALIMI TU:
Vystysi ir tobulinsi e. komercijos platformos frontend sprendimus, naudodamas React ir Next.js;
Prisidėsi prie frontend architektūros formavimo ir vystymo principų kūrimo;
Integruosi frontend sprendimus su backend API (REST / GraphQL);
Dalyvausi visame funkcionalumo kūrimo procese – nuo reikalavimų analizės iki sprendimų paleidimo vartotojams;
Užtikrinsi kuriamo kodo kokybę, našumą ir palaikomumą;
Glaudžiai bendradarbiausi su backend programuotojais, analitikais ir kitais komandos nariais;
Dalyvausi kodo peržiūrose (code reviews) bei prisidėsi prie komandos praktikų tobulinimo;
Testuosi sukurtus funkcionalumus ir užtikrinsi jų atitikimą reikalavimams;
Analizuosi esamus sprendimus ir teiksi pasiūlymus jų gerinimui.
IŠ TAVĘS TIKIMĖS:
Bent 4 metų patirties kuriant frontend sprendimus su React;
Tvirtos praktinės patirtis dirbant su TypeScript;
Gerų JavaScript (ES6+), HTML ir CSS žinių;
Išmanymo apie TailwindCSS ar kitus stilizavimo sprendimus;
Patirties integruojant frontend su REST ar GraphQL API;
Supratimo apie komponentinį programavimą ir frontend architektūros principus;
Praktikos dirbant su state management įrankiais (pvz., Zustand ar pan.);
Susipažinimo su TanStack įrankiais (pvz., TanStack Query);
Gebėjimo rašyti švarų, palaikomą ir testuojamą kodą;
Darbo patirties su Git versijų kontrolės sistema;
Savarankiškumo ir gebėjimo efektyviai dirbti komandoje;
Gerų anglų kalbos žinių (raštu ir žodžiu).
PRIVALUMAS, BET NE BŪTINYBĖ:
Patirtis su testavimo įrankiais (Jest, React Testing Library);
Patirtis dirbant su e-komercijos projektais;
Supratimas apie web aplikacijų našumo optimizavimą;
Patirtis dirbant su monorepo (pvz., Turborepo);
Patirtis dirbant su Blazor;
Patirtis dirbant su Payload CMS.
KO GALI TIKĖTIS IŠ MŪSŲ?
Papildomo sveikatos draudimo – rūpinkis savimi;
Hibridinio darbo modelio + modernaus biuro – dirbk patogiai;
PROMO Cash & Carry nuolaidų kortelės – kasdieniai pirkiniai palankesnėmis sąlygomis;
Specialių kainų Officeday parduotuvėse – geresnės galimybės;
Partnerių naudų: sveikata, grožis, pramogos – mėgaukis gyvenimu;
Stiprios profesionalų komandos - augink savo kompetencijas;
Karjeros galimybių – tavo motyvacija bus pastebėta.
Spustelėję „Siųsti savo CV“ sutinkate, jog Jūsų asmens duomenys, pateikti gyvenimo aprašyme ir kituose pagal šį darbo skelbimą pateiktuose dokumentuose, bus renkami, tvarkomi ir saugomi vadovaujantis Bendruoju duomenų apsaugos reglamentu bei UAB „Sanitex“ privatumo politika.
Atlyginimas
2100-2800
                                €/mėn.
                                į rankas
Galutinis darbo užmokestis yra aptariamas pokalbio metu ir priklauso nuo kandidato kompetencijų bei patirties, o vėliau nuo rezultatų.",https://www.cvbankas.lt/react-frontend-developer-kaune/1-13784999,2026-04-15,2026-05-15,IT / Technology,,ACTIVE
SAUGUMO SPRENDIMŲ KOMPETENCIJŲ CENTRO VADOVAS (-Ė),ATEA grupė,Vilnius,2500,3900,"Prisijunk, ir būsi atsakingas už:
Saugumo sprendimų kompetencijų centro veiklos organizavimą, planavimą ir vystymą;
Komandos (produktų vadovų, architektų) darbo koordinavimą, užduočių paskirstymą, prioritetų valdymą ir rezultatų užtikrinimą;
Saugumo sprendimų portfelio (ugniasienės, DLP, IDS/IPS, SOC, IAM, SIEM ir kt.) strateginę plėtrą, atsižvelgiant į rinkos tendencijas ir klientų poreikius;
Aukštos pridėtinės vertės saugumo sprendimų kūrimą kartu su pardavimų ir projektų komandomis (pre-sales, architektūriniai sprendimai, pasiūlymai klientams);
Gerosios praktikos, metodikų, standartų ir vidinių procesų kūrimą bei jų laikymosi užtikrinimą;
Komandos kompetencijų ugdymą: mokymų planavimą, sertifikavimo krypčių nustatymą, žinių dalijimosi kultūros skatinimą;
Dalyvavimą strateginiuose ATEA grupės projektuose ir vidinėse iniciatyvose, susijusiose su kibernetiniu saugumu;
Bendradarbiavimą su technologijų gamintojais, partneriais bei vidiniais ATEA grupės padaliniais;
Rizikų, resursų ir kokybės valdymą vykdomuose saugumo projektuose.
Laukiame Tavo CV, jei turi:
Turi aukštąjį išsilavinimą IT, informacinio / kibernetinio saugumo, telekomunikacijų ar panašioje srityje;
Turi ne mažesnę nei 3–5 metų patirtį informacinio / kibernetinio saugumo srityje (vadovavimo komandai arba kompetencijų krypčiai patirtis didelis privalumas);
Išmanai saugumo sprendimus ir architektūras (FW, DLP, IDS/IPS, SIEM, IAM, SOC, Cloud Security ir pan.);
Gebi strategiškai mąstyti ir kartu išlaikyti stiprų techninį pagrindą;
Turi patirties dirbant su klientais, gebi suprasti verslo poreikius ir juos paversti techniniais sprendimais;
Turi labai geras technines anglų kalbos žinias (žodžiu ir raštu);
Pasižymi atsakingumu, savarankiškumu, struktūriniu mąstymu ir orientacija į rezultatą;
Tavo darbo stilius – proaktyvus, orientuotas į nuolatinį tobulėjimą ir vertės kūrimą.
Privalumai:
Tarptautiniai kibernetinio saugumo sertifikatai: CISSP, CISM, CompTIA Security+, CCNP/CCNA Security, Fortinet NSE, Palo Alto, Check Point ir kt.;
Gera saugumo standartų ir metodologijų praktinė patirtis: ISO/IEC 27001, NIST, CIS Controls, Zero Trust;
Patirtis kuriant ar vystant kompetencijų centrus, paslaugų katalogus ar „managed security services“;
Patirtis dirbant tarptautinėje organizacijoje ar grupės struktūroje.
Siūlome:
Darbo ir laisvalaikio balansas
Lankstus darbo grafikas
Galimybė dirbti nuotoliniu būdu
Papildomos apmokamos atostogos
Biuras
Stalo futbolas
Žaidimų konsolės
Nemokami užkandžiai
Dviračių saugykla
Kiti privalumai
Telefonas asmeniniam naudojimui
Kompiuteris asmeniniam naudojimui
Nuolaidos įmonės produkcijai/paslaugoms
Reguliarūs mokymai
Atlyginimas
2500-3900
                                €/mėn.
                                į rankas
Darbo užmokestis priklauso nuo kandidato (-ės) turimos kompetencijos, patirties, sertifikatų bei prisiimamų atsakomybių apimties.",https://www.cvbankas.lt/saugumo-sprendimu-kompetenciju-centro-vadovas-e-vilniuje/1-13784963,2026-04-15,2026-05-15,IT / Technology,,ACTIVE
IT sistemų analitikas (-ė),AB „Klaipėdos vanduo“,Klaipėda,2100,2400,"Darbo pobūdis:
Prisidėti prie sklandaus Bendrovės informacinių sistemų ir taikomųjų programų veikimo, padėti spręsti sutrikimus.
Dalyvauti informacinių sistemų ir procesų tobulinime, automatizavimo ir DI sprendimų diegime.
Analizuoti duomenis, rengti ataskaitas ir vizualizacijas naudojant Power BI, MS SQL ir kitas priemones.
Atlikti procesų, poreikių ir IT sprendimų analizę, bendradarbiaujant su verslo ir IT komandomis.
Rengti techninę dokumentaciją, dalyvauti testavime ir konsultuoti vartotojus.
Mes tikimės, kad Jūs:
Turite aukštąjį universitetinį išsilavinimą technologijos mokslų srityje (informatikos ar kitos inžinerinės krypties).
Turite žinių ir praktinės patirties dirbant su duomenų bazėmis, SQL užklausomis, „Microsoft 365“ produktais.
Turite bazinių programavimo žinių.
Turite bazinių IT infrastruktūros ir informacinių sistemų specifikavimo žinių.
Turite vairuotojo pažymėjimą (B kategorija).
Mokate anglų kalbą.
Mes siūlome:
Įtraukiančią darbo aplinką – tobulėjančią, augančią ir besimokančią komandą, kurioje skatinamas profesionalumas, atsakomybė ir bendradarbiavimas.
Profesinio vystymosi galimybes – galėsite įgyti naujų žinių, patirties, mokytis darbo vietoje ir kelti kvalifikaciją tapę strateginės bendrovės dalimi.
Papildomas naudas pagal kolektyvinę sutartį: papildomas atostogas, išmokas, sveikatos draudimą ir kitas naudas.
Metinę premiją, priklausančią nuo darbo rezultatų.
Atlyginimas
2100-2400
                                €/mėn.
                                neatskaičius mokesčių
Galutinis atlyginimas priklauso nuo turimų kompetencijų ir įgytos darbo patirties.",https://www.cvbankas.lt/it-sistemu-analitikas-e-klaipedoje/1-13784909,2026-04-15,2026-05-15,IT / Technology,,ACTIVE
IT sistemų administratorius (-ė),Grigeo įmonių grupė,Vilnius,2900,3500,"Būsi atsakingas (-a) už:
gamybos ir turto valdymo bei kitų sistemų administravimą, tobulinimą, veikimo užtikrinimą ir problemų sprendimą;
bendravimą su išorės partneriais, prižiūrinčiais IT sistemas;
patobulinimų poreikio valdymą;
vartotojams kilusių problemų sprendimą ir konsultacijas;
dalyvavimą dideliuose IT projektuose, kaip techninis konsultantas;
grupės IT įrangos administravimą;
sklandų bendradarbiavimą su kitais įmonės skyriais;
įsitraukimą į įmonės vykdomus projektus ir procesų tobulinimą;
taip pat perimsi gerąsias praktikas ir dalinsiesi jomis su komanda.
Tikimės, kad prisijungdamas (-a) prie mūsų tu jau:
turi patirties IT sistemų administravimo srityje ir gerai išmanai susijusius procesus;
turi aukštąjį išsilavinimą informacinių technologijų srityje;
gebi formuoti ir deleguoti užduotis;
išmanai IBM Maximo – privalumas;
puikiai moki lietuvių ir anglų kalbas, lenkų kalba - privalumas;
esi iniciatyvus (-i), savarankiškas (-a) ir atsakingas (-a);
gebi planuoti darbus ir laiką, pasižymi analitiniu mąstymu;
gebi dirbti komandoje ir prisiimti atsakomybę už rezultatą.
Mes tau suteiksime:
Erdvę dar labiau augti
Mokymai, konferencijos Lietuvoje ir užsienyje bei dalinis studijų finansavimas (susijusių su tavo funkcijomis).
Dalinai apmokamos mokymosi atostogos.
Galimybė gilinti savo profesionalumą, prisiimti daugiau atsakomybės ir didinti savo indėlį organizacijos veikloje.
Rūpestį, leidžiantį susitelkti į darbą
Papildomas sveikatos draudimas, kurio vertė viršija 5500 Eur per metus (po bandomojo laikotarpio).
Draudimas nuo nelaimingų atsitikimų 24/7 visame pasaulyje.
Nemokami sezoniniai skiepai.
Galimybė dalyvauti sporto ir sveikatingumo iniciatyvose.
Bendruomenę, kurioje svarbus (-i) kiekvienas (-a)
Komanda, su kuria ne tik gera dirbti, bet ir švęsti – o mūsų šventės įspūdingos (su vaišėmis ir dovanomis, skirtos darbuotojams ir jų šeimoms).
Solidžios premijos už „Grigeo Group“ vertybių puoselėjimą, kolegų rekomendacijas ir ilgalaikį stažą.
Apmokamas laikas savanorystei.
Dalinis pietų kompensavimas.
Elektromobilių įkrovimas mūsų darbuotojams už specialią kainą – 0,14 Eur/kWh.
Atlyginimas
2900-3500
                                €/mėn.
                                neatskaičius mokesčių
Patvirtinta priedų sistema.
Solidžios premijos už „Grigeo Group“ vertybių puoselėjimą, kolegų rekomendacijas ir ilgalaikį stažą.",https://www.cvbankas.lt/it-sistemu-administratorius-e-vilniuje/1-13784767,2026-04-15,2026-05-15,IT / Technology,,ACTIVE
IT Administrator/ Key User,UADBB „GrECo Lietuva“,Vilnius,2500,4000,"UADBB “GrECo Lietuva” – the second largest insurance brokerage company in Lithuania, with roots dating back to 1996, and since 2019 – a part of the Austrian risk and insurance brokerage company GrECo Group in Lithuania
“GrECo Group” is a leading broker in the Baltic States also Central and Eastern Europe, operating in more than 200 countries worldwide.
We manage risk and are trusted, loyal partner in all matters, offering progressive and tailored solutions. Our team consists of a wide spectrum of specialists with a high level of competence, and we aim to extend it to cope with increasing demand and responsibilities.
We are currently looking for a proactive, analytical and process – oriented team member to join us in the role of : IT Administrator / Key User with the focus on IT process management, system integrations & optimisation.
What will you be doing?:
In this role, you’ll ensure the smooth operation, optimisation and development of our IT systems, acting as the key link between users, external providers and the GrECo Group IT teams.
This is a position focused on process management, system functionality, integration coordination and supporting digital workflows.
Your Responsibilities:
IT process & project management and continuous improvement - map, standardize and refine core‑system processes, ensure alignment with SDLC, security standards and Group guidelines, contribute to projects requiring IT expertise;
Coordination, implementation and maintenance of office hardware and software (at the process level) - monitor system status, manage the lifecycle of end‑user technologies, enforce configuration standards, manage access in line with Group guidelines, implement required company software with responsible IT teams, provide troubleshooting support, and escalate issues to the IT Support team when needed;
Serve as the Key User for core systems - build and maintain internal know-how, create clear user guides, and deliver targeted trainings/consultations on new features and processes;
Requirements management - collect and document business needs, define functional and non-functional requirements for system improvements;
Integrations oversight - supervise API/integration health with insurers and other partners, ensure SSL certificates are renewed and provided for implementation on time;
Establishing and maintaining relations - building and sustaining effective collaboration with internal teams and third‑party partners, including external software vendors, insurance companies, responsible IT teams.
Our Offer:
The opportunity to work in a stable value-oriented company;
Experience and competence gained through training and development in an international company;
Flexible, trust‑based work set‑up and employee‑oriented organization (hybrid work module, additional incentive measures);
Employee insurance;
Company celebrations, team-building events and other activities;
The variable part of remuneration that depends on the results of work.
Your Profile:
University degree (preferably in IT, Business Management areas);
Proven experience as IT administrator, IT/Business analyst, IT project manager or similar roles;
Have a good understanding of business and IT processes;
Experience in prioritizing business requirements based on their value and developing good working relationships with clients and third-party suppliers.
Initiative and proactive attitude;
Analytical mindset, time‑management and collaboration skills
Working proficiency in Lithuanian and English;
Basic understanding of integrations and APIs.
Your personal data;
Please note that for the purpose of candidate selection, we process your personal data based on your consent, which you provide us with your CV, completed application forms and other data.
Inclusion and Diversity:
GrECo Group is committed to equal chances for all the applicants. Our workplace should reflect the world we live and work in, and therefore we support diversity, inclusion, and self-expression. Any form of discrimination will not be tolerated.
Atlyginimas
2500-4000
                                €/mėn.
                                neatskaičius mokesčių",https://www.cvbankas.lt/it-administrator-key-user-vilniuje/1-13781475,2026-04-15,2026-05-15,IT / Technology,,ACTIVE
IT Compliance & Process manager,ADB „Compensa Vienna Insurance Group“,Vilnius,3000,4000,"Job description
What will you do:
Maintain the IT documentation lifecycle (policies, guidelines, procedural updates) in accordance with VIG Group and DORA requirements
Execute third-party risk management processes, including maintaining the Information Register and organizing risk assessments of ICT service providers
The completion of IT and security-related customer questionnaires in collaboration with relevant departments
Prepare and submit regulatory reports (e.g., ICT-related incident reports, compliance reports), ensuring alignment with applicable timelines and thresholds
Ensure local implementation of group-wide IT compliance frameworks and participate in internal and external audits
Cooperate closely with the IT and IT Security teams on matters such as incident classification, control testing, and data gathering for compliance reporting
Serve as liaison for DORA compliance topics and ensure alignment with local and group risk management, legal, and IT functions
Participate in preparation and tracking of periodic internal control and resilience testing plans (e.g., BCP/DR tests)
Track non-cybersecurity ICT incidents and support root cause analysis, follow-up actions, and reporting to stakeholders
Qualification requirements:
Experience in IT compliance, IT audit, or IT risk management
Familiarity with DORA, ISO 27001, and/or similar regulatory standards
Understanding of third-party and operational risk principles
Experience managing policy documentation, regulatory reporting, or internal controls
Analytical thinking and attention to detail
Strong organizational and communication skills
Fluent in English (mandatory)
What We Offer:
Opportunities for professional development and advancement
Collaborative and inclusive work environment
Health and well-being – additional health insurance
Discounts for both companies’ and partners’ services
1 free day for social activities and volunteering
2 additional paid rest days per year
Additional benefits
Salary
3000-4000
                                €/mon.
                                gross",https://www.cvbankas.lt/it-compliance-process-manager-vilniuje/1-13722075,2026-04-15,2026-05-15,IT / Technology,,ACTIVE
Soc. tinklų marketingo vadybininkas (-ė) ir turinio kūrėjas (-a) | Produktai keliautojams,MB „Tripmapas“,Vilnius,1800,2400,"Apie poziciją
Labas!
Esame „Trip Map“ – nedidelė komanda, gaminanti ir visame pasaulyje parduodanti kokybiškus kelionių žemėlapius, skirtus žymėti aplankytas vietas.
Ieškome svarbaus komandos nario (-ės), kuris (-i) prisidėtų prie įtraukiančio produktų pristatymo, padėtų pasiekti didesnes auditorijas, mėgtų keliones bei būtų orientuotas (-a) į rezultatą. Tai svarbi pozicija, kurios atlikti darbai reprezentuos mūsų prekės ženklą užsienio ir Lietuvos rinkose, pasitelkiant socialinius tinklus.
Teks kartu generuoti idėjas, kurti įvairaus formato turinį, planuoti, analizuoti ir priimti sprendimus – visas turinio kūrimo procesas bus tavo rankose. Žinoma, su komandos pagalba ir palaikymu.
Jei esi kūrybingas (-a), tave įtraukia socialinė medija, gebi prisitaikyti prie nuolatos besikeičiančių platformų, mėgsti analizuoti ir pasižymi proaktyvumu – labai laukiame tavo CV, prisistatymo ir darbų pavyzdžių.
Tavęs laukia šios užduotys:
Kurti estetišką vizualinį turinį socialiniams tinklams: filmuoti ir atlikti reels stiliaus montavimus, fotografuoti.
Kuriant aukštesnės kokybės turinį bendradarbiauti su videografais, montuotojais, dizaineriais ir fotografais.
Siūlyti turinio idėjas, atsižvelgiant į vyraujančias tendencijas, sezoniškumą, tikslinę auditoriją bei verslo tikslus.
Sudaryti komunikacijos planą / kalendorių ir jo laikytis.
Nuolatos analizuoti duomenis ir suprasti, koks turinys veikia.
Rašyti trumpus, įtraukiančius tekstus lietuvių ir anglų kalbomis.
Naudoti AI įrankius generuojant idėjas, efektyvinant procesus bei ruošiant vertimus.
Prisidėti prie turinio kūrimo svetainėms, reklamoms ar kitiems komunikacijos kanalams.
Pagrindinė turinio kalba – anglų.
Laukiame tavo aplikacijos, jei:
Turi bent 2 metų patirtį kuriant turinį socialiniams tinklams.
Supranti „Instagram“, „Facebook“, „TikTok“ socialinių tinklų niuansus ir skirtumus.
Nuolatos domiesi socialinių tinklų naujienomis, atnaujinimais bei naujomis funkcijomis.
Supranti, kaip turinį paversti estetišku, bet taip pat supranti, kad tik gražūs vaizdai nėra marketingas.
Turi bazinį supratimą apie reklamas ir performance marketing.
Nuolatos vertini pasiektus rezultatus siekiant tobulėti. Nori atrasti formulę, kaip turinį padaryti dar geresnį.
Esi organizuotas (-a) bei savarankiškas (-a), gebi efektyviai vykdyti numatytus projektus bei susikurti užduotis.
Gerai jautiesi ir gebi atlikti darbus, kai suteikiama laisvė ir nėra griežtos struktūros.
Puikiai moki anglų kalbą (teks skaityti, rašyti, suprasti vertimus).
Turi patirties dirbant su „Canva“, „Adobe“ paketu, „CapCut“ ar kitomis dizaino bei montavimo programomis.
Tau smagu būti ne tik už, bet ir prieš kamerą.
Atsidarius „tripmapword“ IG paskyrą tau kyla daug idėjų, ką būtų galima sukurti geriau ir įdomiau nei dabar yra profilyje.
Mėgsti keliones ir pažinti pasaulį 🌍✈️.
Ką siūlome:
Galimybę įgyvendinti savo idėjas ir matyti, kaip turinio sklaida prisideda prie verslo rezultatų.
Darbą mažoje ir draugiškoje komandoje, kurioje kiekvienas narys yra pastebėtas ir svarbus.
Hibridinį darbo modelį: dalį laiko dirbant iš namų, dalį – iš biuro.
Lanksčias darbo valandas (darbo pradžia tarp 8:00 ir 10:00 val.).
Turinio kūrimui skirtą erdvę – nedidelę, bet jaukią ir šviesią studiją.
Kartu išsikeliamus tikslus, palaikančius kolegas ir tikrai supratingus vadovus.
Darbui reikalingas priemones, nemokamą stovėjimo aikštelę, kavą, arbatą ir užkandžius.
Bendras įmonės išvykas ir pramogas.
Galimybę kurti turinį apie Lietuvoje gaminamus kokybiškus produktus, kuriuos vertina klientai visame pasaulyje.
Pasitikėjimą ir autonomiją – nesame iš tų, kurie „stovi už nugaros ir aiškina“. Suteikiame erdvę savarankiškumui ir laisvei, bet tikimės atsakomybės.
Mūsų vertybės:
Žmogiškumas ir paprastumas. Neturime griežtos hierarchijos, įsiklausome į kolegų poreikius.
Kokybė. Siekiame aukščiausios darbų atlikimo ir produkto kokybės. To tikimės ir iš tavęs.
Tobulėjimas. Nuolatos judame į priekį tobulindami žinias, procesus ir produktus.
Įmonė siūlo
Pilna darbo diena.
Darbo vieta: Vilnius, Verkių g. 5 (darbas nuotoliu iš kito miesto negalimas dėl darbo specifikos).
Atlyginimas (GROSS): 1800–2400 €. Priklauso nuo patirties ir gebėjimų.
Darbo ir laisvalaikio balansas
Lankstus darbo grafikas
Galimybė dirbti dalį laiko iš namų, dalį iš ofiso
Biuras
Stalo futbolas
Nemokami užkandžiai
Dviračių saugykla
Transportas
Nemokamas automobilio parkingas
Kiti privalumai
Nuolaidos įmonės produkcijai/paslaugoms
Atlyginimas
1800-2400
                                €/mėn.
                                neatskaičius mokesčių
Priklauso nuo patirties ir gebėjimų.",https://www.cvbankas.lt/soc-tinklu-marketingo-vadybininkas-e-ir-turinio-kurejas-a-produktai-keliautojams-vilniuje/1-13777609,2026-04-17,2026-05-17,Marketing / Reklama,,ACTIVE
Technical Product Manager,Lietuvos ir Vokietijos uždaroji akcinė bendrovė „LIREMA“,Vilnius,3800,3800,"We're hiring a Technical Product Manager — but not in the traditional sense.
At Lirema we're already building real products used by real customers — and over the past year, we've deeply integrated AI into how those products are created.
That changes the role completely.
We're not looking for someone to manage backlogs.
We're looking for someone who can build alongside AI.
Ką reikės daryti
This role is for someone who:
→ Understands product fundamentals — user value, prioritization, clarity of thinking
→ Can actually build (not just write specs). We use tools like Lovable, Cursor, Claude, GitHub Copilot, Antigravity — and we’re open if you bring better ones
→ Thinks in systems and architecture — enough to know when to involve senior engineers
→ Has initiative and curiosity. Tools can be learned fast. Mindset can’t
You won’t replace engineering.
Our senior developers and production systems are critical.
But the product role itself is evolving — from coordinating work → to co-creating it with AI.
Ko ieškome
You’ll work directly with:
marketing (creative + performance)
full-stack developers
another PO on parallel modules
senior PO / COO
and our CEO
If you’re excited by the idea of building products at this new intersection of product + AI — let’s talk.
Ką siūlome
A role within a mature, technology-driven organization actively integrating AI into its products and workflows
A hybrid work model (combining office and remote work)
Clear ownership, responsibility, and decision-making structure
An environment where ideas and initiative are genuinely valued and acted upon
The opportunity to work hands-on with AI-driven tools and modern product development methods
Exposure to international markets and a multi-market product context
A culture built on continuous growth, reflection, and improvement
Mes siūlome
Sveikatingumas
Sveikatos draudimas
Biuras
Stalo futbolas
Atlyginimas
Nuo 3800
                                €/mėn.
                                neatskaičius mokesčių
Atlyginimas sutariamas priklausomai nuo patirties ir kompetencijų",https://www.cvbankas.lt/technical-product-manager-vilniuje/1-13788135,2026-04-16,2026-05-16,Marketing / Reklama,,ACTIVE
Marketingo specialistas (-ė),UAB „AVS PipeFit“,Klaipėda,2638,2638,"Kodėl mes?
Jei tavo galvoje nuolat sukasi „kaip tai atrodytų Instagram’e?“ arba „šitą galima paleisti kaip kampaniją“ - tikėtina, kad skaitai tinkamą skelbimą.
AVS Pipefit - tarptautinė industrinių projektų įmonė, dirbanti su laivų statybos, energetikos ir kitais sektoriais visoje Europoje. Taip, mūsų projektai rimti - bet marketingas pas mus gali būti kūrybiškas, dinamiškas ir matomas.
Ieškome žmogaus, kuris ne tik „postina“, bet ir supranta, kodėl tai daro - ir nori augti kartu su įmone.
Tavo atsakomybės:
● Socialinių tinklų turinio administravimas (Facebook, Instagram, LinkedIn, TikTok)
● Vizualų kūrimas naudojant Canva, Adobe Photoshop ar kitus įrankius
● Reklaminių kampanijų paleidimas ir priežiūra (Google Ads, social ads) pagal paruoštas gaires
● Komunikacijos plano įgyvendinimas (čia daugiau „daryti“, nei „galvoti nuo nulio“)
● Turinio talpinimas ir tekstų adaptavimas skirtingiems kanalams
● Paprasta kampanijų rezultatų analizė (paspaudimai, pasiekiamumas, įsitraukimas)
● Pagalba organizuojant parodas, renginius ir kitas marketingo iniciatyvas
● Bendradarbiavimas su išoriniais partneriais (dizaineriais, agentūromis)
Ko tikimės iš Tavęs:
● Aukštasis arba studijuojamas marketingo / komunikacijos išsilavinimas
● Bazinis supratimas apie skaitmeninę reklamą (Google Ads, social media)
● Gebėjimas dirbti su vizualų kūrimo įrankiais
● Kruopštumas ir organizuotumas (nes kartais svarbiausia - ne idėja, o jos įgyvendinimas laiku)
● Noras mokytis ir augti marketingo srityje
● Geros anglų kalbos žinios (rusų kalba - privalumas)
Mes siūlome:
📈 Galimybę augti marketingo srityje dirbant su realiais projektais
🌍 Tarptautinę aplinką ir įvairius komunikacijos kanalus
🧠 Mokymus ir praktinę patirtį su skirtingais marketingo įrankiais
🏢 Modernią darbo aplinką ir palaikančią komandą
🎯 Aiškias užduotis ir struktūrą (žinosi, ką ir kodėl darai)
Atlyginimas
Iki 2638
                                €/mėn.
                                neatskaičius mokesčių",https://www.cvbankas.lt/marketingo-specialistas-e-klaipedoje/1-13793281,2026-04-18,2026-05-18,Marketing / Reklama,,ACTIVE
Vyr. marketingo specialistas (-ė) / Team Lead,UAB „AVS PipeFit“,Klaipėda,3305,3305,"Apie poziciją
Ieškome marketingo profesionalo, kuris ne tik įgyvendins, bet ir formuos marketingo kryptį kartu su įmonės vadovybe.
Tai pozicija žmogui, kuris:
supranta B2B marketingą ir pardavimo ciklus
geba matyti „big picture“, bet nebijo pats „pasileisti kampanijos“
nori turėti realią įtaką verslui, o ne tik vykdyti užduotis
AVS Pipefit veikia tarptautinėse industrinėse rinkose (Europa, Skandinavija), todėl marketingas čia - ne tik komunikacija, bet ir verslo augimo įrankis.
Tavo atsakomybės:
● Marketingo strategijos kūrimas ir įgyvendinimas (kartu su vadovybe) (turėsi realią įtaką kryptims, ne tik vykdymui)
● Komunikacijos planų sudarymas ir kanalų pasirinkimas (ne „visur būti“, o pasirinkti, kas veikia)
● Skaitmeninės rinkodaros valdymas (LinkedIn, Google Ads, SEO/SEM) ir rezultatų optimizavimas (ROI, CPL, CTR) (orientacija į rezultatus, ne tik veiklas)
● Prekės ženklo vystymas tarptautinėse rinkose (nuo matomumo iki reputacijos)
● Rinkos, konkurentų analizė ir duomenimis grįstų sprendimų priėmimas (nuomonė gerai, bet duomenys - geriau)
● Marketingo biudžeto planavimas ir efektyvus paskirstymas (žinosi, kur verta investuoti, o kur - ne)
● Naujų kanalų ir augimo galimybių paieška (testuoti, optimizuoti, skatinti)
● Bendradarbiavimas su išorinėmis agentūromis ir partneriais (valdai procesą, ne atvirkščiai)
● Parodų ir kitų marketingo iniciatyvų planavimas (online + offline kombinacija)
Papildoma atsakomybė (Team Lead dalis):
● Kasdienio marketingo veiklų koordinavimas (kad planas virstų realiais rezultatais)
● Junior marketingo specialisto darbo planavimas, užduočių paskirstymas ir priežiūra (ne micro-management, o aiški kryptis)
● Kokybės užtikrinimas (turinio, kampanijų, komunikacijos) (kad „gerai“ būtų nepakankamai)
● Junior ugdymas (grįžtamasis ryšys, įvedimas, kompetencijų auginimas) (padėsi augti kitam žmogui)
● Užtikrinti, kad marketingo planas būtų įgyvendinamas laiku ir kokybiškai (execution is everything)
Ko tikimės iš Tavęs:
● Patirtis marketinge (B2B – didelis privalumas)
● Patirtis dirbant su skaitmeninės rinkodaros kanalais (LinkedIn Ads, Google Ads, SEO/SEM)
● Gebėjimas dirbti su duomenimis ir priimti sprendimus remiantis rezultatais
● Strateginis mąstymas + gebėjimas įgyvendinti
● Patirtis koordinuojant žmones arba noras augti į Team Lead rolę
● Puikios anglų kalbos žinios (rusų kalba - privalumas)
Mes siūlome:
🎯 Reali įtaka sprendimams – dirbsi tiesiogiai su vadovybe
📈 Aiški atsakomybės zona
🌍 Tarptautiniai projektai – skirtingos rinkos, skirtingi iššūkiai
🧠 Laisvė testuoti ir optimizuoti – vertinsim rezultatą, ne procesą
👥 Galimybė auginti žmogų ir formuoti marketingo funkciją
💰 Konkurencingą atlyginimą + bonusus, susietus su rezultatais
🌟 Įmonės organizuojamus renginius, šventes, išvykas. Įmonė turi VIP ložę Klaipėdos Švyturio arenoje, tad mūsų darbuotojams tik geriausi renginių pasiūlymai!
Atlyginimas
Iki 3305
                                €/mėn.
                                neatskaičius mokesčių",https://www.cvbankas.lt/vyr-marketingo-specialistas-e-team-lead-klaipedoje/1-13793331,2026-04-18,2026-05-18,Marketing / Reklama,,ACTIVE
Marketingo vadybininkas (-ė) | Kėdainiai,"Vikonda grupė, UAB",Kėdainiai,2000,2450,"Ieškome talentingo ir motyvuoto marketingo vadybininko (-ės), kuri(s) prisijungtų prie mūsų komandos ir padėtų kurti bei vystyti marketingo projektus. Jei esi strateginis mąstytojas, gebantis analizuoti rinkos poreikius, planuoti produktų vystymo procesus ir bendradarbiauti su įvairiomis komandomis, tai ši pozicija kaip tik tau!
Atsakomybės:
Efektyvus produktų grupių valdymas nuo sukūrimo iki įvedimo į rinką (darbas su R&D, siūlymų teikimas, tvirtinimas).
Produktų kūrimo procesų koordinavimas su gamybos, kokybės, pardavimų skyriais.
Rinkos analizė, konkurentų veiklos stebėjimas, kainodaros formavimas.
Naujų produktų įvedimas į rinką ir palaikymo strategijų formavimas.
Prekės ženklo vertės idėjų kūrimas ir pakuotės/dizaino procesų koordinavimas.
Rinkodaros kampanijų/projektų organizavimas ir rezultatų analizė.
Bendradarbiavimas su klientais, partneriais ir kolegomis.
Reikalavimai:
Aukštasis išsilavinimas (pageidautina verslo vadybos, rinkodaros, ekonomikos ar panašiose srityse).
Bent 2 metų darbo patirtis produkto vadybos, projektų vadybos ar panašioje srityje.
Strateginis ir analitinis mąstymas.
Gebėjimas dirbti komandoje bei savarankiškai.
Puikūs organizaciniai ir komunikacijos įgūdžiai.
Orientacija į rezultatą ir gebėjimas priimti sprendimus.
Gerų anglų kalbos žinių (kitos kalbos - privalumas).
Siūlome:
Atsakingą ir įdomų darbą augančioje kompanijoje, šiuolaikiškoje ir modernioje aplinkoje;
Apmokymus ir galimybę kelti kvalifikaciją.
Nuolaidas įmonės produkcijai/paslaugoms;
Dovanas įvairių švenčių proga, šventes darbuotojams ir jų vaikams;
Sveikatos draudimą suėjus 6 mėn. darbo stažui.
Atlyginimas
2000-2450
                                €/mėn.
                                neatskaičius mokesčių",https://www.cvbankas.lt/marketingo-vadybininkas-e-kedainiai-kedainiuose/1-13791647,2026-04-17,2026-05-17,Marketing / Reklama,,ACTIVE
Head of Video Content (YouTube Focus),UAB „Kavos draugas“,Kaunas,3350,4350,"About us:
Coffee Friend is an international omnichannel coffee retailer operating across 12 European markets, with a 15-year track record and 8 growing companies.
We’re looking for a Head of Video Content to lead and scale our video production efforts, with a strong focus on building a high-performing YouTube channel.
This is a hands-on leadership role where you’ll manage a team of videographers and editors while shaping our video strategy—from content ideation to distribution and performance optimization.
Your mission: turn Coffee Friend into a go-to destination for coffee content on YouTube—from product reviews and comparisons to educational and entertaining formats that engage and convert.
Key Responsibilities:
Strategy & Growth
Own and execute the YouTube content strategy, aligned with business and brand goals.
Identify content opportunities based on audience insights, trends, and performance data.
Develop scalable content formats (reviews, comparisons, guides, storytelling, etc.).
Drive channel growth: subscribers, watch time, engagement, and conversions.
Team Leadership
Lead, mentor, and grow a team of videographers and video editors.
Set clear goals, workflows, and quality standards for the video team.
Foster a creative, high-performance culture with strong ownership.
Content Production
Oversee the full video production lifecycle—from idea to published content.
Ensure consistent brand voice, storytelling quality, and production standards.
Collaborate with marketing, product, and e-commerce teams for content alignment.
YouTube & Distribution
Own YouTube publishing workflows: SEO, thumbnails, titles, retention optimization.
Understand and leverage the YouTube algorithm to maximize reach and engagement.
Adapt and distribute content across platforms (Instagram, TikTok, etc.).
Performance & Optimization
Track and analyze video performance (CTR, retention, watch time, conversions).
Continuously optimize content based on data and experimentation.
Implement A/B testing for thumbnails, formats, and hooks.
Requirements:
Proven experience leading video content teams or similar creative teams.
Strong expertise in YouTube content strategy and growth.
Deep understanding of video storytelling, pacing, and audience retention.
Analytical mindset with the ability to turn data into actionable insights.
Experience managing multiple content workflows and priorities.
Excellent communication skills in English (C1 or higher).
Hands-on attitude—you’re comfortable diving into content, not just managing.
What we offer:
Experience in a fast-growing international company.
A fun and youthful collective, both in Lithuania and across Europe.
COFFEE! Naturally. We have plenty of it, and you'll have the chance to become a true coffee guru with employee-exclusive prices on our entire range.
Flexible working hours and a people-first culture.
A hybrid work model or the option to work from our Kaunas office, featuring a stunning view of the Santaka and the Old Town.
Company offers
Work life balance
Remote work possibility
Transport
Free parking
Salary
3350-4350
                                €/mon.
                                gross",https://www.cvbankas.lt/head-of-video-content-youtube-focus-kaune/1-13790917,2026-04-17,2026-05-17,Marketing / Reklama,,ACTIVE
Marketingo vadovas (-ė) | Odore d’amore,UAB „Melcon“,Vilnius,3000,3000,"Pozicija
Ieškome Marketingo vadovo (-ės), kuris (-i) būtų atsakingas (-a) už Odore d’amore marketingo veiklų vystymą ir įgyvendinimą, prisidedant prie prekės ženklo augimo ir komercinių rezultatų.
Tai plati ir atsakinga rolė, apimanti tiek prekės ženklo vystymą, tiek pardavimus palaikančias marketingo veiklas online ir offline kanaluose, glaudžiai bendradarbiaujant su komanda ir partneriais.
Atsakomybės
Formuoti ir įgyvendinti Odore d’amore marketingo strategiją, apimančią prekės ženklo vystymą ir pardavimų augimą visuose kanaluose
Kurti ir vystyti prekės ženklo identitetą bei užtikrinti nuoseklią, aukštos kokybės komunikaciją visuose klientų sąlyčio taškuose
Planuoti ir įgyvendinti įvaizdines bei komercines kampanijas, kolaboracijas, renginius ir specialius projektus, užtikrinant jų efektyvumą
Atstovauti įmonės interesus dirbant su tiekėjais ir prekių ženklais, planuoti bendras marketingo veiklas, valdyti metinius biudžetus ir vystyti co-marketing iniciatyvas
Valdyti ir optimizuoti visą digital marketingą (performance, social media, turinys, CRM, email), užtikrinant aiškius KPI ir augimą
Atsakyti už e-commerce ir retail marketingą: pardavimų augimą, konversijų optimizavimą bei vientisą online ir offline klientų patirtį
Analizuoti rezultatus, valdyti marketingo biudžetą, vadovauti komandai ir išoriniams partneriams, užtikrinant efektyvų ir savalaikį įgyvendinimą
Ko tikimės iš Tavęs
Patirties marketinge (ypač retail, e-commerce ar premium segmente)
Gebėjimo dirbti tiek su brand building, tiek su performance marketingu
Strateginio mąstymo ir stiprių organizacinių gebėjimų
Analitinio požiūrio ir gebėjimo priimti sprendimus remiantis duomenimis
Estetinio pojūčio ir supratimo apie vizualinę komunikaciją
Iniciatyvumo, atsakomybės ir noro auginti prekės ženklą
Ką siūlome
Galimybę reikšmingai prisidėti prie sparčiai augančio ir išskirtinio prekės ženklo vystymo
Laisvę inicijuoti, kurti ir įgyvendinti idėjas, matant jų poveikį verslui
Tiesioginį bendradarbiavimą su tarptautiniais parfumerijos kūrėjais ir tiekėjais
Dinamišką, ambicingą ir augančią komandą, kurioje vertinamas iniciatyvumas ir sprendimų greitis
Aplinką, kurioje marketingas yra svarbi verslo dalis ir daro apčiuopiamą įtaką rezultatams
Motyvacinę sistemą pagal pasiektus rezultatus
Atlyginimas
Nuo 3000
                                €/mėn.
                                neatskaičius mokesčių",https://www.cvbankas.lt/marketingo-vadovas-e-odore-d-amore-vilniuje/1-13790705,2026-04-17,2026-05-17,Marketing / Reklama,,ACTIVE
Marketingo vadybininkas (-ė),MB „Filmai ir kvapai“,Kaunas,1100,1500,"Darbo pobūdis
aromáma ieško drąsaus, kūrybingo norinčio dirbti mūsų komandoje marketingo specialisto.
Kurdami turinį, dalindamiesi patirtimi turėsite visas galimybes realizuoti save. Patinka filmuotis? Jūs mums tinkate. Patinka ir mokate sklandžiai, o gal net ekspertiškai rašyti tekstus? Laukiame jūsų. Vieną po kitos generuojate kūrybines idėjas? Jūsų darbo vieta jau paruošta!
Pagrindinės užduotys
Kurti įtraukiančius tekstus atspindinčius įmonės kasdienį gyvenimą (naujienlaiškiai, straipsniai, socialinių tinklų postai ir kt. tekstai);
Užtikrinti estetišką, įtraukiantį turinį aromáma socialiniuose tinkluose;
Socialinių medijų sekėjų skaičiaus didinimas ir bendruomenės įtraukimas;
Gebėjimas savarankiškai vykdyti projektus nuo idėjos generavimo iki įgyvendinimo;
Gebėjimas vienu metu atlikti keletą darbų;
Nuolatinis naujovių ir tendencijų stebėjimas, siekiant išlikti konkurencingiems rinkoje;
Ko mes iš Jūsų tikimės?
Degančių akių;
Žingeidumo, noro mokytis ir tobulėti;
Puikūs lietuvių kalbos rašymo, gramatikos, bei skyrybos įgūdžiai;
Kūrybingų idėjų;
Noro savirealizuotis;
Mažiausiai 3 metų patirties marketingo vadybininko pozicijoje;
Supratimo dirbant su socialiniais tinklais, tokiais kaip: Facebook, Instagram, TikTok, YouTube, Linkedin;
Privalumas - patirtis dirbant Google; Meta;
Privalumas - patirtis su video montavimo programomis;
Privalumas - patirtis dirbant kosmetikos ir sveikatinimosi srityje;
Privalumas - adobe paketas.
Ką mes Jums siūlome?
Prasmingą darbą gražioje aplinkoje, be galo linksmame ir palaikančiame kolektyve, šviesiomis idėjomis, nerealiais, daug teigiamo grįžtamojo ryšio dovanojančiais klientais ir tikrai supratingais vadovais.
Nuolatinį tobulėjimą sveikatingumo srityje - mūsų kolektyvas reguliariai dalyvauja seminaruose, mokymuose, konferencijose, parodose, kelionėse, tad darbuotojų akiratis platus, o žinios - gilios (ir ne tik aromaterapijos srityje).
Premijas, dovanas ir skatinimą už gerus darbo rezultatus, nuoširdžias pastangas ir atliktus darbus.
Nuolaidą visai aromáma laboratorijoje gaminamai produkcijai.
Neterminuotą darbo sutartį su 3 mėnesių bandomuoju laikotarpiu ir visas socialines garantijas;
Sveikatos draudimą 24/7
Ką mes siūlome?
Sveikatingumas
Sveikatos draudimas
Biuras
Dušas
Transportas
Nemokamas automobilio parkingas
Kiti privalumai
Nuolaidos įmonės produkcijai/paslaugoms
Atlyginimas
1100-1500
                                €/mėn.
                                į rankas
Nurodytas atlyginimas - orientacinis. Esame lankstūs ir dosnūs tiems, kurie kuria realią naudą įmonei.",https://www.cvbankas.lt/marketingo-vadybininkas-e-kaune/1-13790293,2026-04-17,2026-05-17,Marketing / Reklama,,ACTIVE
Events Specialist (Paid Internship),UAB „Helis play“,Kaunas,600,800,"About your team
We are the Marketing Team. We are driving growth in a sustainable way with the aim to become the leading marketplace for gamers. We obsess over merging data driven optimization, entertainment and creativity. None of our day to day activities could do without either of those, as we build the strong, fun, and trustworthy brand that is Eneba.
About you
As an Events Specialist, you’ll play an important role in bringing our internal culture to life. Working closely with the Internal Communications Specialist, you’ll support the planning and execution of company events, internal initiatives, and engagement activities that connect and inspire our people.
From coordinating logistics and managing event details to helping shape employee experiences and communications, you’ll collaborate with teams across Eneba — including Marketing, People, and Leadership — to make sure everything runs smoothly and leaves a lasting impact.
If you enjoy organizing, communicating, and turning ideas into engaging experiences — this role is for you!
Responsibilities:
The Basecamp: Play a key role in planning and executing ""The Basecamp"" - our signature week of office activities designed to bond teams, excel goal-setting and spark creativity.
Summer Party: Assist in the end-to-end coordination of our Summer Party, from brainstorming themes to on-site logistics.
Newcomer Presentations: Be the face for new joiners, helping prepare and deliver engaging presentations that make their first days easy and appreciated.
Content Creation: Use your eye for detail to create videos and visual content documenting our office life and events for internal and external sharing.
Ad-hoc Events: Support the team with various office celebrations, gaming tournaments, and community-building initiatives.
Requirements:
Action-oriented: You don't wait for things to happen; you make them happen.
Creative Mindset: Experience or a strong interest in video making/editing and content creation (TikTok, Reels, or internal comms style).
Organizational Skills: Ability to handle multiple small tasks and one big event simultaneously without breaking a sweat.
Communication Skills: Comfortable speaking in front of groups and presenting information in a fun, clear, and engaging way.
Language: Professional-level English (our business language of choice).
Ability to work at least 20 hours per week with full involvement during the Basecamp - June 29th - July 5th.
What it’s like to work at Eneba
Opportunity to help scale a unique product.
Various bonus systems: performance-based, referral, additional paid leave.
Paid volunteering opportunities.
Personal and professional growth at an exponential rate supported by well-defined feedback and promotion processes.
Please attach CV's in English.
To find out about how we handle your personal data, make sure to check out our Candidate Privacy Noticehttps://
Salary
600-800
                                €/mon.
                                gross
Salary ranges may vary. We’re seeking candidates with varied experience levels; from individual contributors to functional leaders in this space.
We’re an international team and our business language of choice is English. Good English level is required, proficiency is preferred.",https://www.cvbankas.lt/events-specialist-paid-internship-kaune/1-13789847,2026-04-17,2026-04-27,Marketing / Reklama,,ACTIVE
Skaitmeninės rinkodaros asistentas (-ė),"MERITS elektroninės sistemos, UAB",Vilnius,1100,1100,"Darbo pobūdis
Prisidėsi prie marketingo strategijos įgyvendinimo;
Administruosi įmonės socialinių tinklų paskyras;
Prižiūrėsi ir atnaujinsi įmonės interneto svetainę;
Planuosi, kursi ir siųsi naujienlaiškius;
Analizuosi vykdomų kampanijų ir turinio rezultatus, teiksi įžvalgas bei pasiūlymus;
Asistuosi vadovui įgyvendinant projektus ir atliekant kasdienes užduotis.
Mes siūlome:
Dinamišką in-house aplinką, kur viskas vyksta viduje – nuo idėjos iki įgyvendinimo (kasdienis bendradarbiavimas su video, dizaino, IT ir turinio kūrimo profesionalais);
Modernų biurą Žvėryne su nemokama parkavimo vieta;
Komandos renginius ir papildomas naudas svarbiomis gyvenimo progomis;
Jaukią kasdienybę biure – kava, užkandžiai ir gera atmosfera.
Ko tikimės iš Tavęs?
Kruopštumo, atidumo detalėms ir atsakomybės;
Gerų darbo kompiuteriu įgūdžių;
Patirties marketingo, socialinių tinklų ar komunikacijos srityje;
Patirties su el. pašto rinkodara;
Tekstų rašymo įgūdžių – privalumas;
Puikių lietuvių kalbos žinių (raštu ir žodžiu);
Gebėjimo dirbti tiek savarankiškai, tiek komandoje;
Motyvacijos mokytis ir tobulėti skaitmeninės rinkodaros srityje.
Atlyginimas
Nuo 1100
                                €/mėn.
                                į rankas",https://www.cvbankas.lt/skaitmenines-rinkodaros-asistentas-e-vilniuje/1-13789601,2026-04-17,2026-05-17,Marketing / Reklama,,ACTIVE
Marketingo vadybininkė (-as),UAB „Nauji verslo projektai“,Kaunas,1000,1200,"Apie mus:
Prancūziška „MonAmi“ kepyklėlė, kepanti aukščiausios kokybės natūralius kepinius, prie komandos kviečia prisijungti marketingo vadybininkę (-ą).
Esame daugiau nei 150 žmonių komanda, orientuota į kokybę, augimą ir stiprius rezultatus.
Mes tikimės, kad Tu:
Moki filmuoti, montuoti;
Kurti pritraukiančius tekstus;
Dirbti su spaustuvėmis, derinant bukletus ir kitus spaudos projektus;
Turi patirties administruojant socialinius tinklus;
Domiesi marketingu;
Esi komunikabili (-us) ir organizuota (-s).
Siūlome:
Galimybę augti ir realizuoti savo idėjas;
Palaikančią komandą ir profesionalią aplinką;
Šiuolaikišką biurą miesto centre.
Atlyginimas
1000-1200
                                €/mėn.
                                į rankas
Konkretus darbo užmokestis siūlomas atsižvelgiant į darbo patirtį ir kompetenciją.",https://www.cvbankas.lt/marketingo-vadybininke-as-kaune/1-13789537,2026-04-17,2026-05-17,Marketing / Reklama,,ACTIVE
CNC staklių operatoriaus/ Spaudos operatoriaus (-ės) (reklamos spauda),UAB „Re formus“,Vilnius,1200,1400,"Darbo pobūdis
Darbas CNC frezavimo / pjovimo staklėmis (apie 30–40 % darbo laiko);
Darbas lazerinio pjovimo ir graviravimo įranga;
Darbas su skaitmeninės spaudos įranga („Konica Minolta“)
Darbas su plačiaformatės spaudos („Mutoh“) ir UV spaudos įranga;
Spaudos ir gaminių paruošimas užbaigimui, užbaigimo darbai;
Darbas su kompiuteriu (failų paruošimas, elementari kontrolė);
Bendradarbiavimas su komanda, tvarkos palaikymas darbo vietoje.
Reikalavimai darbuotojui
Patirtis dirbant su CNC frezavimo / pjovimo staklėmis (gali būti ne pilnu etatu – svarbu supratimas ir praktika);
Patirtis arba supratimas reklamos gamybos / spaudos srityje – didelis privalumas;
Gebėjimas dirbti su kompiuteriu, failų peržiūra / bazinis paruošimas gamybai;
Patirtis dirbant su „CorelDRAW“ arba panašiomis vektorinio dizaino programomis – privalumas;
Noras mokytis dirbti su kitomis staklėmis ir technologijomis (lazeris, spauda ir kt.);
Atsakingumas, kruopštumas, tikslumas, gebėjimas dirbti komandoje;
Techninis mąstymas ir savarankiškumas kasdienėse užduotyse.
Gamyklos vieta
Dėmesio, įmonė įsikūrusi yra Avižieniuose, Vilniaus. raj.
Sudervės g. 14K. tačiau nuo 2026 08 01 persikrausto į Maišiagalą
Įmonė siūlo
Darbą spaudos / gamybos operatoriaus pozicijoje augančioje reklamos gamybos įmonėje;
Modernias, ~1400 m² gamybos ir biuro patalpas Maišiagaloje, pritaikytas patogiam ir saugiam darbui;
Šiuolaikišką, tvarkingą darbo aplinką ir naują įrangą;
Geras darbo sąlygas ir aiškius darbo procesus;
Konkuruojantį, laiku mokamą atlyginimą, priklausantį nuo patirties ir kompetencijų;
Draugišką, palaikančią komandą (3 žmonių gamybos skyrius);
Galimybę mokytis, tobulėti ir augti kartu su įmone;
Karjeros ir profesinio augimo galimybes ilgalaikėje perspektyvoje.
Atlyginimas
1200-1400
                                €/mėn.
                                į rankas",https://www.cvbankas.lt/cnc-stakliu-operatoriaus-spaudos-operatoriaus-es-reklamos-spauda-vilniuje/1-10846456,2026-04-16,2026-05-16,Marketing / Reklama,,ACTIVE
Komercijos skyriaus asistentė (-as),UAB „Saurida“,Vilnius,1137,1137,"Darbo pobūdis:
prekių duomenų paruošimas;
informacijos į duomenų bazę suvedimas;
bendravimas su tiekėjais;
ataskaitų paruošimas;
pagalba skyriaus kolegoms.
Reikalavimai darbuotojui:
Aukštasis išsilavinimas (verslo vadybos, ekonomikos arba rinkodaros srityje būtų privalumas);
Geros lietuvių k. žinios;
Gebėjimas priimti sprendimus, remiantis nustatytais tikslais;
Bendravimo įgūdžiai, analitinis įžvalgumas, kompiuterinis raštingumas (puikūs Excel įgūdžiai);
Patirtis nebūtina - apmokome.
Įmonė siūlo:
Galimybę tobulėti profesinėje srityje;
Darbo laiką nuo 8:00val. iki 17:15val., penktadieniais iki 16:00;
Komandą, kuri įkvepia, motyvuoja, palaiko ir noriai dalinasi sukauptomis žiniomis.
Atlyginimas
1137
                                €/mėn.
                                į rankas
Platesnė informacija telefonu 068878999 Rasa",https://www.cvbankas.lt/komercijos-skyriaus-asistente-as-vilniuje/1-13786741,2026-04-16,2026-05-16,Marketing / Reklama,,ACTIVE
SEO Specialist,Oxylabs,Vilnius,2000,3700,"Your day-to-day:
Analyze domain performance and organic trends.
Conduct keyword research, track key SEO metrics and identify organic growth opportunities.
Prepare SEO content briefs and ensure content aligns with best practices and search intent.
Conduct market and competitor analysis to identify optimization opportunities.
Monitor LLM and AI search landscape trends and identify opportunities to improve visibility in AI-driven search results.
Monitor website technical health, identify issues, and collaborate with the team to resolve them.
Ensure proper implementation of SEO requirements and maintain optimal site performance.
Identify and develop outreach opportunities based on market analysis and SEO data.
Report on results and key metrics.
Your skills & experiences:
1+ years of experience in SEO (agency or in-house).
Understanding of core SEO principles: on-page, off-page, and technical SEO.
Experience working with SEO tools (e.g., Google Search Console, Google Analytics, Ahrefs, SEMrush, or similar).
Ability to analyze data and identify opportunities for improvement.
Experience contributing to SEO projects or executing SEO tasks.
Understanding of content optimization and search intent.
Strong attention to detail and structured approach to tasks.
Ability to track and report on SEO performance.
Proactive mindset and willingness to learn.
Fluency in English and Lithuanian.
Salary:
Gross salary: 2000-3700  EUR/month. Keep in mind that we are open to discussing a different salary based on your skills and experience.
The rest is on us:
Growth:
Turn your experience into a personal career journey through internal and external training, a books library, training platforms, online courses and mentorship;
Travel:
Get a taste of the world by attending conferences and business trips from Silicon Valley to the Middle East;
Comfort:
Hybrid work, offices based in the heart of Vilnius & Kaunas, and the ability to travel the world while working;
Well-being:
Private health insurance, on-site gyms, personal coaches, and other mental and physical well-being benefits help you stay fresh and steady;
Celebrations:
Extra vacation days & gifts for special occasions and the years spent with us;
Team building:
Regular internal events, quarterly team buildings, workshops, team retreats & workation trips;
Office perks:
Fully stocked kitchens, PS5, Foosball, ping-pong, Friday bun tradition, Mixtape Fridays & more;
Tech:
Bringing you the latest in technology, software, and gadgets to make your workday as smooth as possible;
Bonus:
Referral bonuses, discount offers and more. Much more;
Salary
2000-3700
                                €/mon.
                                gross",https://www.cvbankas.lt/seo-specialist-vilniuje/1-13784245,2026-04-15,2026-05-15,Marketing / Reklama,,ACTIVE
Skaitmeninio turinio kūrėja (-as),UAB „Ažuona“,Kaunas,1200,1200,"Darbo pobūdis
Vizualinio turinio kūrimas ir adaptavimas (statiniai vizualai, trumpi video) socialiniams tinklams
Vizualinės medžiagos pritaikymas reklaminėms kampanijoms pagal marketingo planus
Produktų filmavimas ir video montavimas
Naujienlaiškių kūrimas ir optimizavimas
Produktų aprašymų tobulinimas, siekiant didesnių konversijų
Bendradarbiavimas su skaitmeninės rinkodaros komanda
Ko tikimės
1–2+ metų patirties dizaino ar turinio kūrimo srityje (nebūtina agentūrinė patirtis)
Gebėjimo greitai ir kokybiškai paruošti įvairius vizualinius formatus
Darbo su Adobe Creative Cloud (Photoshop, Premiere Pro ar pan.) arba Canva
Estetikos, proporcijų pojūčio ir dėmesio detalėms
Supratimo arba noro išmokti, kas veikia reklamoje
Gebėjimo dirbti komandoje ir prisitaikyti prie greitesnio tempo
Anglų kalbos pagrindų (darbui su įrankiais ir turinio adaptavimui)
Privalumai
Patirtis kuriant turinį socialinių tinklų reklamoms
Gebėjimas filmuoti ir montuoti trumpus video (Reels / TikTok)
Patirtis su naujienlaiškių platformomis (pvz., Omnisend)
Supratimas apie Meta Ads vizualų kūrybą
Portfolio su realiais darbais
Įmonė siūlo
Galimybę augti kartu su e. prekybos projektu
Aiškias užduotis ir tiesioginį ryšį su marketingo sprendimais
Praktinę patirtį dirbant su reklama ir pardavimais
Atlyginimas
Nuo 1200
                                €/mėn.
                                į rankas
+ priedai už rezultatus",https://www.cvbankas.lt/skaitmeninio-turinio-kureja-as-kaune/1-13783415,2026-04-15,2026-05-15,Marketing / Reklama,,ACTIVE
VYR. RINKODAROS PROJEKTŲ VADOVAS (-Ė) DARBUI SU VADOVŲ STUDIJOMIS,UAB „ISM Vadybos ir ekonomikos universitetas“,Vilnius,2500,2500,"ISM Vadybos ir ekonomikos universitetas – tai ypatinga vieta, keičianti žmonių gyvenimus. Tai vieta, kur esami ir būsimi lyderiai mokosi ir kuria kartu. Tai verslo, akademikų, specialistų ir studentų bendruomenė, kuriai rūpi mūsų visų ateitis. Tai vieta, kurioje Jūs galite įgyvendinti savo idėjas, dalintis patirtimi ir žiniomis. Mes ieškome talentingų žmonių, kurie nori keisti, augti ir daryti prasmingus pokyčius visuomenėje.
ISM rinkodaros ir komunikacijos komanda kviečia prisijungti: Vyr. rinkodaros projektų vadovą (-ę) darbui su vadovų studijomis
Tikimės, kad Tau bus įdomu:
Vystyti ISM Executive School prekės ženklą, formuoti rinkodaros strategiją;
Kurti ir įgyvendinti rinkodaros projektus pardavimų tikslams pasiekti;
Planuoti, įgyvendinti ir analizuoti rinkodaros kampanijas vadovų auditorijai;
Siūlyti idėjas, aktyviai dalyvauti planuojant, organizuojant renginius, parodas ir konferencijas vadovų auditorijai bei rūpintis jų komunikacija;
Bendradarbiauti ir prižiūrėti išorinių rinkodaros partnerių darbą, užtikrinti suteikiamu paslaugų kokybę;
Glaudžiai bendradarbiauti su kolegomis iš pardavimų ir kitų padalinių bendriems tikslams pasiekti;
Gebėti pateikti pasiūlymus atitinkamai projektų ir kampanijų analizei bei jų efektyvumui;
Proaktyviai stebėti rinkodaros tendencijas vadovų mokymosi srityje.
Tikimės, kad Tu:
Turi ne mažesnę nei 4 metų patirtį rinkodaros projektų valdymo srityje esi dirbęs (-usi) agentūroje (didelis privalumas);
Gebi įgyvendinti rinkodarines kampanijas, puikiai išmanai skaitmeninės rinkodaros rodiklius, gebi juos analizuoti ir inicijuoti reikalingus pakeitimus;
Mėgsti organizuoti renginius pasitelkdamas netradicinį, kūrybišką požiūrį, dar vadinamą „wow“ efektu;
Gebi dirbti su daug projektų vienu metu, greitai ir kūrybiškai orientuojiesi nestandartinėse situacijose;
Puikiai kalbi ir rašai anglų kalba;
Sieki ne tik asmeninio tobulėjimo, bet ir nori prisidėti prie prasmingų projektų, kurie daro įtaką visuomenėje.
Mes Tau siūlome:
Organizacinę kultūrą, kurioje nuolatinis siekis tobulėti ir buvimas žingsniu priekyje yra pagrindinės vertybės;
Nuolatinio profesinio tobulėjimo galimybes – Erasmus+ stažuotes, nuolaidas studijoms ISM universitete ir kt.;
Hibridinį darbo modelį (3/2);
Papildomas atostogų dienas žiemos švenčių laikotarpiu;
Sveiką darbo ir asmeninio gyvenimo balansą skatinančias iniciatyvas, tokias kaip „Wellness Day“, „Detox Room“, psichologinės konsultacijos ir kt.;
Prieigą prie „Perks.lt“ platformos, siūlančios nuolaidas ir pasiūlymus iš daugiau nei 600 partnerių (pvz., Rimi, About You, Telia, Samsung, Apollo, Impuls ir kt.);
Patogią darbo vietą pačiame Vilniaus centre, moderniame biure;
Papildomą sveikatos draudimą pagal vidaus tvarką;
Vilniečio viešojo transporto kortelę pagal vidaus tvarką;
Galimybę realizuoti savo stipriąsias puses – laiko planavimą, organizuotumą, kūrybiškumą, klientų poreikių atpažinimą ir sprendimų pasiūlymą;
Šventines ir bendruomenines tradicijas – gimtadienio staigmenas, Kalėdų šventes, sezono atidarymo ir uždarymo renginius, komandos formavimo ir mokymų biudžetus bei lojalumo skatinimo dovanas;
Mėnesinį darbo užmokestį nuo 2500 Eur (neatskaičius mokesčių), priklausomai nuo patirties.
Konfidencialumas garantuojamas. Susisieksime tik su atrinktais kandidatais.
Vadovaujantis ISM asmens duomenų apsaugos politika, kandidatų asmens duomenys tvarkomi ne ilgiau kaip 6 mėnesius nuo jų pateikimo datos. Universitetas laikosi griežtų konfidencialumo įsipareigojimų ir asmens duomenų apsaugos reikalavimų.
Įmonė siūlo
Darbo ir laisvalaikio balansas
Lankstus darbo grafikas
Galimybė dirbti nuotoliniu būdu
Papildomos apmokamos atostogos
Sveikatingumas
Sveikatos draudimas
Transportas
Kelionės į/iš darbo kompensavimas
Kiti privalumai
Telefonas asmeniniam naudojimui
Nuolaidos įmonės produkcijai/paslaugoms
Reguliarūs mokymai
Atlyginimas
Nuo 2500
                                €/mėn.
                                neatskaičius mokesčių
Darbo užmokestis, pasirinktam kandidatui priklauso nuo jo patirties ir kompetencijos. Be darbo užmokesčio, yra siūlomas papildomos naudos paketas.",https://www.cvbankas.lt/vyr-rinkodaros-projektu-vadovas-e-darbui-su-vadovu-studijomis-vilniuje/1-13783569,2026-04-15,2026-05-15,Marketing / Reklama,,ACTIVE
PRODUKTO SPECIALISTAS (-Ė) (Endovaskuliniai produktai ir chirurgija),UAB „PERSONALO SPRENDIMAI“,Kaunas,1800,2400,"PRISIJUNGUSI (-ĘS) PRIE KOMANDOS, JŪS BŪSITE ATSAKINGA (-AS) UŽ:
Atstovavimą kuruojamos srities produktų portfeliui gydymo įstaigose;
gydytojų ir medicinos personalo konsultavimą dėl produktų naudojimo, indikacijų ir techninių savybių;
dalyvavimą operacijose (jei reikalinga) ir techninės pagalbos teikimą naudojant produktus;
produktų pristatymų, mokymų ir demonstracijų organizavimą klientams;
komercinių pasiūlymų rengimą ir dalyvavimą viešuosiuose pirkimuose.
Darbo vieta: Lietuva.
TIKIMĖS, KAD JŪS:
Turite aukštesnįjį arba aukštąjį išsilavinimą (išsilavinimas medicinos srityje – privalumas);
turite darbo patirties ligoninėje ar operacinėje (didelis privalumas);
puikiai mokate anglų kalbą (bendravimui su partneriais ir gamintojų atstovais);
pasižymite atsakingumu, kruopštumu ir gebėjimu dirbti dinamiškoje aplinkoje;
turite puikių komunikacinių įgūdžių ir gebate užmegzti profesionalius ryšius su medicinos specialistais;
domitės medicinos naujovėmis ir norite nuolat tobulėti.
ĮMONĖ SIŪLO:
Automobilį (su galimybe naudotis ir asmeniniams poreikiams);
nuolatinius kvalifikacijos kėlimo kursus ir profesinius mokymus užsienyje;
nuo darbo rezultatų priklausančius priedus bei kintamąją atlygio dalį;
galimybę dirbti su inovatyviais, medicinos rinką keičiančiais produktais;
palaikančią komandą ir pagalbą įsiliejant į medicinos rinką.
Atlyginimas
1800-2400
                                €/mėn.
                                į rankas",https://www.cvbankas.lt/produkto-specialistas-e-endovaskuliniai-produktai-ir-chirurgija-kaune/1-13783467,2026-04-15,2026-05-15,Marketing / Reklama,,ACTIVE
Senior Email Marketing Strategist,UAB „NFQ Technologies“,Vilnius,2530,3790,"We build the tech that moves industries forward. We have our eyes set on AI, energy, logistics, sports and other complex and exciting segments.
We believe in an innovative approach to solving deep issues and encourage our people to find their own solutions. We are constantly rethinking processes, business models, architecture, and tech stacks.
We foster a sense of curiosity, experimentation, and passion beyond code. With us, you can easily deepen your knowledge in any field you’re curious about. And because we work across many industries, you’ll be gaining the experience others can only dream of.
NFQ.email
nfq.email/
team is a leading Email Marketing service provider in Lithuania with national rights to represent Omnisend (Marketing Automation platform) among over 2000 national and international accounts. Our daily tasks include strategy planning, content creation, sales, client support, and overall E-commerce business consulting.
With 15+ years of experience in this field, we have consulted and worked with over 500 businesses, including names such as
MemberShop.lt
,
Barbora.lt
,
Ermitazas.lt
,
Pegasas.lt
,
Audimas.lt
,
Makalius.lt
, and many others, including international brands.
Currently, we are looking for a Senior Email Marketing Strategist to join our delivery team. You will develop email and omnichannel strategies (Email, SMS, Push) for leading Lithuanian E-commerce brands, collaborating closely with project managers and content creators to drive performance and retention initiatives in a dynamic and diverse role.
In this role, you will
Act as a strategic owner for dedicated long-term e-commerce clients, defining retention direction, identifying growth opportunities, and guiding the delivery team with clear strategic leadership
Own, design, and continuously evolve email &amp; omnichannel strategies (Email, SMS, Push) aligned with customer lifecycle models and broader long-term business goals, including strategic content planning based on creative, performance-driven tactics
Create comprehensive audits for new incoming clients, including channel maturity assessments, customer journey mapping, revenue optimization insights, and prioritized action plan
Collaborate with the delivery team to improve operational efficiency, enhance internal processes, frameworks, and strategic methodologies used across client projects
Identify upsell and account expansion opportunities aligned with client needs
Leverage data and analytics to monitor performance, uncover trends, and recommend actionable experiments and improvements for customer retention
Mentor other strategists and contribute to raising the overall strategic standard of the team
Contribute to Omnisend-related account growth initiatives, including consulting and customer-centric program recommendations
What you will bring
At least 4 years of experience in Email Marketing, working with multiple e-commerce and other industry brands, preferably in an agency or service delivery environment
Demonstrated success owning, developing, and scaling long-term client retention strategies, including email creative direction, messaging frameworks, and offer architecture
Advanced experience with Omnisend, Klaviyo, or other Email Marketing platforms for e-commerce
Strong strategic and analytical mindset with the ability to translate data into long-term growth decisions
Strong understanding of retention economics (LTV, churn, lifecycle performance, profitability logic)
Experience contributing to process, framework, or methodology improvements across client projects
Strong ownership mindset with the ability to operate autonomously, collaborate effectively across teams, and maintain high attention to detail and problem-solving standards in a fast-moving environment with multiple ongoing projects
Willingness to continuously learn and improve personal, client, and team member skills
Fluency in Lithuanian and English
What we offer
A working culture that is high performing, ambitious, collaborative and fun
Health insurance
Flexible working hours
Bonus for referrals
Employee-led workshops and office perks
Extra vacation days: 2 after working at NFQ for two years and 4 after four years on our team
Unlimited WFH (work from home) policy
For those who dream of traveling: WFA (work from anywhere) possibilities in NFQ - approved countries
Salary
2530-3790
                                €/mon.
                                gross",https://www.cvbankas.lt/senior-email-marketing-strategist-vilniuje/1-13699715,2026-04-14,2026-05-15,Marketing / Reklama,,ACTIVE
Techninis marketingo specialistas (-ė),UAB „Lead Management LT“,Kaunas,,,"Apie mus
Esame jaunas ir veržlus kolektyvas, kuriantis AI pagrindu veikiančią transporto valdymo sistemą (TMS). Šiuo metu aktyviai dirbame su JAV rinką.
Ieškome marketingo specialisto (-ės), kuris (-i) nori prisidėti prie produkto augimo tarptautinėje rinkoje ir realiai daryti įtaką rezultatams.
Siūlome stiprią komandą, jaukų ofisą bei lanksčias darbo sąlygas.
Ką veiksi
Diegsi ir prižiūrėsi tracking’ą (Meta, Google, event tracking)
Kursi ir optimizuosi pardavimo funnel’ius (landing’ai, formos, integracijos)
Analizuosi duomenis ir ieškosi konversijos praradimų
Vykdysi A/B testus ir gerinsi konversijas
Prižiūrėsi SEO pagrindus (GSC, SEMrush ar pan.)
Integruosi skirtingus įrankius į vieną veikiančią sistemą
Prižiūrėsi soc. tinklus
Administraciniai darbai
Ko tikimės
2-4+ metų patirties techniniame marketinge / CRO / growth
Praktinės patirties su:
GA4, Meta Pixel, Google Tag Manager
Funnel’iais ir konversijų optimizavimu
A/B testavimu ir analitika
Gebėjimo dirbti su formomis, integracijomis, duomenų srautais
Privalumas:
SEO įrankiai, Hotjar, no-code sprendimai, bazinės HTML/CSS/JS žinios
Požiūris
Mąstai sistemomis ir funnel’iais, ne kampanijomis
Sprendimus priimi remiantis duomenimis
Testuoji viską - nespėlioji
Kodėl verta:
Įdomi atsakomybė už visą growth sistemą
Tiesioginis darbas su produktu ir marketingo komanda
Greitis, aiškūs rezultatai ir iššūkiai",https://www.cvbankas.lt/techninis-marketingo-specialistas-e-kaune/1-13761901,2026-04-14,2026-05-03,Marketing / Reklama,FULL_TIME,ACTIVE
Marketingo ir komunikacijos specialistas (-ė),UAB „Narbutas International“,Vilnius,2611,2811,"Esame NARBUTAS – tarptautinė biuro baldų įmonių grupė, per 35 veiklos metus išaugusi iki 1700 darbuotojų, dirbančių ne tik Europos, bet ir kituose žemynuose, o mūsų baldų salonai įsikūrę Londone, Paryžiuje, Diuseldorfe, Čikagoje, Niujorke ir Vašingtone. Daugiau nei 60-yje šalių pasklidusi NARBUTAS produkcija yra gaminama modernioje gamykloje Ukmergėje, naudojant 100 proc. tvarią elektros energiją – saulės, vėjo ir vandens. Kurdami vertę klientams ir partneriams, rūpinamės savo darbuotojais skatindami karjeros galimybes, siūlydami lanksčias darbo sąlygas ir atsakomybe, sąžiningumu, pagarba bei meile grįstą įmonės kultūrą.
Šiuo metu NARBUTAS ieško
Marketingo ir komunikacijos specialisto (-ės),
kuris (-i) užtikrins sklandžią įmonės komunikaciją Lietuvoje bei užsienio šalyse.
PAGRINDINĖS ATSAKOMYBĖS IR TIKSLAI:
Rašyti tekstus pristatančius naujas baldų kolekcijas: prezentacija (power point), web puslapis, naujienlaiškis bei kitos marketinginės priemonės.
Rašyti išorinei komunikacijai skirtus pranešimus, straipsnius, interviu.
Planuoti, koordinuoti ir įgyvendinti įmonės bei parodų komunikaciją rašant, derinant turinį nuo idėjos iki jos realizavimo.
Planuoti ir įgyvendinti įmonės komunikaciją išoriniuose komunikacijos kanaluose: leidiniuose, platformose.
Bendradarbiauti su leidiniais, komunikacijos partneriais užsienyje.
SĖKMINGAM DARBUI REIKĖS:
Išsilavinimo žurnalistikos, komunikacijos srityje.
Gebėjimo sklandžiai reikšti mintis raštu ir žodžiu, argumentuotai komunikuoti.
Gebėjimo valdyti kelis projektus vienu metu ir deleguoti darbus projekte dalyvaujančiai komandai.
Kelerių metų darbo patirties komunikacijos, viešųjų ryšių srityje.
Puikių gebėjimų bendrauti bei rašyti lietuvių ir anglų kalba.
Analitinio mąstymo įgūdžių ir gebėjimo atidžiai atsirinkti ir kritiškai tikrinti informaciją, faktus, kuriais remiantis rengsi turinį.
Savarankiškumo, iniciatyvumo, kūrybingumo ir pozityvumo.
KOMPANIJA SIŪLO:
Finansinių naudų paketą:
Išmokas laimės ir nelaimės atvejais.
Partnerių pasiūlymus ir nuolaidas darbuotojams.
Modernias ir patogias darbo sąlygas:
Dirbti moderniai įrengtame biure Vilniuje.
Ergonomišką darbo aplinką ir visas reikalingas priemones efektyviam darbui.
Dieninį darbo grafiką 8:00–17:00 val.
Sveikatingumą ir bendruomeniškumą skatinančias priemones:
Papildomą sveikatos draudimą po bandomojo laikotarpio.
Skiepus nuo gripo kiekvienais metais.
Dalyvavimą įmonės renginiuose ir socialinėse veiklose.
Plačias vidinės karjeros galimybes:
Mokymąsi iš didelę patirtį sukaupusių kolegų.
Galimybę išbandyti skirtingas sritis, tobulėti ir kilti karjeros laiptais.
Atlyginimas
2611 - 2811 €/mėn. neatskaičius mokesčių. Darbo užmokestis priklausys nuo turimos darbo patirties ir kompetencijų.
Susisieksime tik su atrinktais kandidatais.
Dėkojame už supratingumą.",https://www.cvbankas.lt/marketingo-ir-komunikacijos-specialistas-e-vilniuje/1-13781417,2026-04-14,2026-05-14,Marketing / Reklama,,ACTIVE
Vyresnysis (-ioji) skaitmeninės rinkodaros specialistas (-ė),UAB „Barbora“,Vilnius,3500,4000,"Tavo užduotys:
Kurti, vystyti ir įgyvendinti skaitmeninės rinkodaros strategiją pagal įmonės tikslus.
Valdyti skaitmeninės rinkodaros kanalus.
Planuoti ir valdyti skaitmeninės rinkodaros biudžetus bei prioritetus.
Nustatyti skaitmeninės rinkodaros KPI, stebėti rezultatus ir inicijuoti optimizavimo sprendimus.
Koordinuoti skaitmeninės rinkodaros veiklas su marketingo, prekinio ženklo, rinkodaros pajamų, asortimento ir žmogiškųjų išteklių komandomis.
Užtikrinti duomenimis grįstą sprendimų priėmimą (analitika, ataskaitos, įžvalgos).
Stebėti skaitmeninės rinkodaros tendencijas, technologinius sprendimus ir inicijuoti jų taikymą.
Bendradarbiauti su media kanalais ir agentūromis, koordinuojant kampanijų planavimą, biudžetų valdymą, įgyvendinimą ir optimizavimą.
Prisidėti prie ilgalaikės augimo ir efektyvumo strategijos.
Reikalavimai:
Aukštasis išsilavinimas marketingo, verslo,IT, komunikacijos ar panašioje srityje.
Ne mažiau kaip 4–6 metų patirtis skaitmeninės rinkodaros srityje, įskaitant strateginį planavimą ir kanalų valdymą.
Skaitmeninės rinkodaros strategijos kūrimo ir įgyvendinimo patirtis.
Puikus skaitmeninių kanalų ir jų veikimo principų išmanymas.
Patirtis dirbant su media kanalais ir agentūromis.
Gebėjimas valdyti biudžetus, KPI ir analizuoti rezultatus.
Supratimas apie e-komerciją, konversijų optimizavimą ir kliento kelionę.
Strateginis ir analitinis mąstymas.
Lyderystė ir gebėjimas koordinuoti kelias kryptis bei partnerius.
Orientacija į rezultatą, efektyvumą ir augimą.
Aiški, konstruktyvi komunikacija.
Geros lietuvių ir anglų kalbos žinios.
Programavimo ir dizaino pagrindų supratimas – privalumas.
Garantuojame:
šaunią komandą, su kuria viskas yra įmanoma;
profesinio ir asmeninio tobulėjimo galimybes;
naudas apsiperkant BARBORA internetinėje parduotuvėje bei partnerių teikiamas nuolaidas;
papildomą sveikatos draudimą tavo gerai savijautai (po 3 mėnesių bandomojo laikotarpio) ir nemokamas psichologo konsultacijas tavo emocinei pusiausvyrai;
palaikymą ypatingomis gyvenimo progomis (susituokus, gimus vaikui ir kt.).
Atlyginimas
3500-4000
                                €/mėn.
                                neatskaičius mokesčių
Esame pasiruošę aptarti ir kitokius atlyginimo rėžius priklausomai nuo jūsų turimos patirties ir kompetencijos.",https://www.cvbankas.lt/vyresnysis-ioji-skaitmenines-rinkodaros-specialistas-e-vilniuje/1-13780515,2026-04-14,2026-05-14,Marketing / Reklama,,ACTIVE
Vidinės komunikacijos specialistas (-ė),AB „Vilniaus paukštynas“,Vilnius,1100,1300,"Ką veiksi šiame darbe?
Administruosi komunikacijos kanalus (naujienlaiškius, socialinius tinklus, skelbimų lentas ir kt.);
Kursi ir rengsi turinį – pranešimus, darbuotojų istorijas, iniciatyvų ir renginių komunikaciją;
Maketuosi vizualus, ruoši vaizdo turinį vidinei komunikacijai ir socialiniams tinklams;
Bendradarbiausi su skirtingais įmonės skyriais, kad atrastum įdomias istorijas ir paverstum jas įtraukiančiu turiniu;
Prisidėsi organizuojant vidinius renginius, iniciatyvas;
Padėsi skleisti įmonės vertybes ir stiprinti organizacijos kultūrą.
Tikimės, kad Tu:
Esi įgijęs (-usi) aukštąjį išsilavinimą komunikacijos, žurnalistikos ar panašioje srityje;
Turi patirties komunikacijos, rinkodaros ar žurnalistikos srityje (patirtis gamybinėje įmonėje – privalumas);
Puikiai rašai lietuvių kalba ir gebi kurti įtraukiantį turinį;
Moki naudotis grafinio dizaino ar vaizdo redagavimo programomis (Canva, Adobe, CapCut ar pan.).
Gerai moki anglų kalbą;
Esi kūrybiškas (-a), iniciatyvus (-i), organizuotas (-a) ir atsakingas (-a)
Mes siūlome:
Galimybę įgyvendinti kūrybines idėjas ir prisidėti prie organizacijos kultūros kūrimo;
Papildomą sveikatos draudimą;
Premijas, priklausančias nuo įmonės rezultatų;
Lojalumo programas įmonių grupės gaminamai produkcijai;
Papildomos naudos, tokios kaip išmokos jubiliejaus, vaiko gimimo proga ir kt.
Darbą draugiškoje komandoje.
Atlyginimas
1100-1300
                                €/mėn.
                                į rankas",https://www.cvbankas.lt/vidines-komunikacijos-specialistas-e-vilniuje/1-12990135,2026-04-14,2026-05-14,Marketing / Reklama,,ACTIVE
Verslo vystymo ir rinkodaros projektų asistentas (-ė),Advokatų profesinė bendrija „Ellex Valiūnas“,Vilnius,1300,1800,"„Ellex“ – viena didžiausių ir stipriausių verslo advokatų kontorų Baltijos šalyse. Jau daug metų gauname aukščiausius tarptautinius įvertinimus už profesionalumą, rūpestį savo darbuotojais ir aktyvų dalyvavimą bendruomenėje.
Mūsų misija – neapsiriboti vien profesine veikla. Savo vaidmenį matome daug plačiau: įkvėpti, telkti Lietuvą auginančius profesionalus, kad žmonių gerovė augtų, o mūsų šalis būtų stipresnė ir ryškiai spindėtų pasaulio žemėlapyje.
Šiuo metu į savo komandą ieškome verslo vystymo ir rinkodaros projektų asistento (-ės), kuris (-i) prisidėtų prie verslo plėtros iniciatyvų įgyvendinimo, padėtų koordinuoti rinkodaros projektus ir prisidėtų prie profesionalios bei nuoseklios komunikacijos kūrimo.
Ši pozicija tau, jei:
Studijuoji verslo vystymą, vadybą, rinkodarą, marketingą ar komunikaciją;
Gali didžiuotis savo smalsumu ir nori save išbandyti plataus spektro komunikacijos, rinkodaros ir verslo vystymo užduotyse;
Mąstai kritiškai, esi iniciatyvus, atsakingas ir į rezultatą orientuotas žmogus, kuris nepasiduoda išgirdęs pirmąjį „ne“, o kūrybiškai ieško kitų išeičių;
Esi imlus naujovėms ir moki apdoroti didelį informacijos kiekį (pats ar atsakingai ir kritiškai naudodamas DI įrankius);
Esi pozityvus, moki prioritetizuoti darbus ir degi noru įvairiapusiškai tobulėti;
Tau lengva bendrauti gimtąja ir anglų kalbomis (žodžiu ir raštu);
Mėgsti bendrauti ir tiki, kad tikroji magija įvyksta žmonėms kalbantis;
„Turi akį“ dizainui, valdai žodį ir greitai išmoksti suvaldyti ir įrankius bei programas.
„Ellex Valiunas“ komandoje tu:
Prisidėsi prie plataus spektro verslo vystymo ir rinkodaros darbų – nuo paveikių komunikacijos žinučių iki padėkų sulaukiančių klientų renginių;
Būsi svarbia profesionalų komandos dalimi, kurioje dirbsi su puikiai žinomų rinkoje klientų duomenų bazėmis;
Padėsi stiprinti kontoros prekinio ženklo žinomumą ir užtikrinti jo vientisumą visur, prie ko prisiliesi;
Kartu su kolegomis teiksi informaciją teisiniams žinynams, apdovanojimams ir leidiniams ir padėsi „skinti“ apdovanojimus;
Prisidėsi organizuojant kontoros vidinius ir išorinius renginius klientams ir darbuotojams;
Išmoksi naviguoti tarp skirtingų verslo vystymo ir rinkodaros komandos funkcijų ir gausių įrankių, pasitelkiamų rezultatams siekti.
Kodėl verta?
Išbandysi verslo vystymo asistento rolę lyderiaujančioje advokatų kontoroje ir įgausi vertingų žinių, prisidėdamas prie verslo vystymo ir rinkodaros projektų;
Turėsi visus šansus augti ir tobulėti plačioje verslo vystymo ir rinkodaros srityje, kurie atvers tau profesinius vandenynus karjerai ateityje;
Tapsi didelės bendruomenės dalimi, kurioje daug įkvepiančių pavyzdžių, o kolegos bus tavo profesiniais mentoriais bei bičiuliais;
Dirbsi ugdantį darbą, kuriame visos naujos iniciatyvos yra labai vertinamos;
Stengiamės, kad būtų gera ne tik dirbti, bet ir laiką leisti kartu – tavęs lauks reguliarios teambuildingo pramogos ir išvykos ne tik Lietuvoje;
Darbo dienos bėgs stilingiausiame miesto biure (oficialus architektų apdovanojimas!), gausios meno kolekcijos apsuptyje;
Suteiksime papildomas atostogų dienas, sveikatos ir kelionių draudimą.
Įmonė siūlo
Darbo ir laisvalaikio balansas
Lankstus darbo grafikas
Galimybė dirbti nuotoliniu būdu
Papildomos apmokamos atostogos
Sveikatingumas
Sveikatos draudimas
Biuras
Nemokami užkandžiai
Dviračių saugykla
Dušas
Kiti privalumai
Reguliarūs mokymai
Atlyginimas
1300-1800
                                €/mėn.
                                neatskaičius mokesčių",https://www.cvbankas.lt/verslo-vystymo-ir-rinkodaros-projektu-asistentas-e-vilniuje/1-13780069,2026-04-14,2026-05-14,Marketing / Reklama,,ACTIVE
Kūrybos projektų vadovas (-ė),T&S Coin MB,Vilnius,1200,1500,"Darbo pobūdis
Naujų produktų dizainų vystymas;
Bendravimas su dailininkais ir grafikos dizaineriais;
Konkurentų produktų analizė ir įžvalgų, fokusuotų į naujus produktus pristatymas;
Kūrybinės komandos auginimas;
Kitų su produktų vystymu susijusių užduočių vykdymas;
Reikalavimai darbuotojui
Ambicingai sieki užsibrėžtų tikslų ir esi orientuotas (-a) į rezultatą;
Atsakingai planuojiesi savo laiką, gebi savarankiškai priimti sprendimus;
Laisvai komunikuoji anglų kalba ir pasižymi gerais tekstų rašymo įgūdžiais;
Esi kūrybiškas (-a), turi strateginį mąstymą;
Rusų kalba būtų privalumas;
Įmonė siūlo
Darbo ir laisvalaikio balansas
Lankstus darbo grafikas
Galimybė dirbti nuotoliniu būdu
Biuras
Stalo futbolas
Stalo tenisas
Dviračių saugykla
Dušas
Transportas
Nemokamas automobilio parkingas
Kiti privalumai
Reguliarūs mokymai
Dalyvavimas parodose
Atlyginimas
1200-1500
                                €/mėn.
                                į rankas
Galimi papildomi priedai priklausomi nuo darbo rezultatų",https://www.cvbankas.lt/kurybos-projektu-vadovas-e-vilniuje/1-13633695,2026-04-13,2026-05-13,Marketing / Reklama,,ACTIVE
Email Marketing Specialist,UAB „Gera dovana“,Vilnius,2400,2400,"About the role:
We’re looking for an Email Marketing Specialist to strengthen our marketing team and build smart, data-driven email journeys for our customers for customers across brands managed by Gera Dovana Group. If you love combining creativity with numbers and enjoy testing, optimising and scaling email flows – this role is for you.
What you’ll be doing:
Execution and optimisation of newsletter campaigns, push notifications, pop-ups, and SMS strategies in line with the overall marketing strategy to drive engagement and conversions.
Develop, implement, and optimise automated email campaigns and personalised, segmented customer journeys (e.g. welcome, win-back, abandoned cart, post-purchase) based on audience behaviour and aligned with the overall marketing strategy.
Monitor, analyse, and optimise performance across all owned channels and campaigns, using data-driven insights to continuously improve results.
Ensure all email campaigns comply with GDPR and follow industry best practices.
Collaborate with the Group Digital Marketing Project Manager on strategy and execution, as well as with copywriters and designers on content and creative, and with Commerce and IT teams on technical implementation, ensuring all email communications are aligned with the overall marketing strategy.
Assist in maintaining database hygiene across email, push, and SMS channels, including segmentation, unsubscribes, bounces, and overall data accuracy.
Assist with social media content creation, and advertisement.
Other tasks from marketing department.
What we expect from you:
2+ years of hands-on experience with email marketing / marketing automation platforms.
Understanding of how email funnels, triggers and A/B testing work in practice.
Experience with at least one email tool (preferably Omnisend).
Proficiency with Google Analytics 4 (GA4) is preferred.
English skills at least B2 level (written and spoken).
Solid computer skills and ability to work with MS Office / Google Workspace.
A mix of creative thinking and analytical mindset – you care both about the story and the numbers.
Result-oriented approach and ownership of your KPIs/OKRs.
Understanding of social media platforms and content creation.
What we've got for you:
International Experience: Be part of a team that operates not only in Lithuania but also in Latvia and Poland.
Hybrid Work Model: Embrace flexibility with a 3+2 work model.
Workation: Enjoy the unique opportunity to combine work and leisure by working remotely from any location of your choice for up to one month.
Birthday day off to celebrate your special day.
Benefits Package: including medical insurance and generous discounts on our products and partner offers.
Informal Culture: Engage in a culture where everyone's involvement matters from idea generation to decision-making, goal achievement, and celebrating victories together.
Team Activities: Enjoy various team activities like opportunities to try partner entertainments, and fun parties.
Salary
From 2400
                                €/mon.
                                gross",https://www.cvbankas.lt/email-marketing-specialist-vilniuje/1-13778797,2026-04-13,2026-04-26,Marketing / Reklama,,ACTIVE
IT Specialist,UAB „Heston Airlines“,Vilnius,2500,2500,"IT SPECIALIST WILL:
Review diagnostics and independently assess the functionality and efficiency of company hardware;
Provide end‑to‑end technical support to employees, troubleshooting hardware, software, and access‑related issues across multiple systems;
Monitor hardware, software, and system performance, identifying issues, risks, and improvement opportunities;
Install, configure, and update company software and hardware in line with internal standards;
Maintain and improve IT documentation and follow established IT procedures;
Stay informed about relevant technological developments and apply practical improvements where appropriate.
YOU ARE WELCOME TO APPLY IF YOU HAVE:
At least 2 years of experience as an IT Support Specialist or in a similar hands‑on IT role;
Solid, practical knowledge of computer hardware, operating systems, and basic networking;
Proven ability to analyze, prioritize, and resolve multiple issues independently;
Strong communication skills with the ability to support non‑technical users professionally;
A responsible, structured, and security‑aware approach to IT operations;
Fluency in Lithuanian and English (written and spoken).
AND WE WILL BE HAPPY TO PROVIDE YOU:
A vibrant and dynamic work environment, surrounded by talented professionals and opportunities to grow;
A range of benefits, including private health insurance, commuting, and daily lunch allowance;
An extra day off to celebrate your birthday and additional vacation days based on your work tenure;
Exclusive discounts on travel with our airline and partner companies;
Full-Time job in Vilnius, Lithuania, with a salary range for this position from 2500 EUR, depending on your experience.
Salary
From 2500
                                €/mon.
                                gross",https://www.cvbankas.lt/it-specialist-vilniuje/1-13778563,2026-04-13,2026-05-13,Marketing / Reklama,,ACTIVE
Komunikacijos projektų vadovas (-ė),"Headline Agency, UAB",Vilnius,3000,4000,"Darbo pobūdis
Ieškome žmogaus, kuris geba valdyti komunikacijos projektus ir tuo pačiu supranta, kaip veikia turinys, socialiniai tinklai ir duomenys.
Tai nėra „task manager“ rolė. Tai pozicija žmogui, kuris priima sprendimus, prisiima atsakomybę ir gali būti realus partneris klientui - ne tik įvykdyti užduotis, bet ir patarti, ką daryti.
Pagrindinės atsakomybės:
– Projektų valdymas nuo planavimo iki įgyvendinimo
– Darbas su klientais ir jų komunikacijos krypties formavimas
– Savarankiškas sprendimų priėmimas kasdienėse situacijose
– Socialinių tinklų strategijos ir turinio priežiūra
– Rezultatų analizė ir aiškios rekomendacijos
– Komandos koordinavimas (be mikrovaldymo)
Reikalavimai:
– Patirtis komunikacijos / reklamos srityje (agentūroje – privalumas)
– Stiprūs komunikacijos įgūdžiai
– Aiškus socialinių tinklų ir jų metrikų supratimas
– Gebėjimas dirbti su duomenimis ir jais grįsti sprendimus
– Savarankiškumas ir gebėjimas prisiimti atsakomybę
– Požiūris „sprendžiu, o ne eskaluoju“
Siūlome:
– Darbą Vilniaus senamiestyje
– „No BS“ darbo kultūrą
– Komandą, orientuotą į rezultatą
Atlyginimas
3000-4000
                                €/mėn.
                                neatskaičius mokesčių",https://www.cvbankas.lt/komunikacijos-projektu-vadovas-e-vilniuje/1-13778329,2026-04-13,2026-05-13,Marketing / Reklama,,ACTIVE
RINKODAROS PROJEKTŲ VADOVAS (-Ė) (TERMINUOTA DARBO SUTARTIS),AB „Lietuvos radijo ir televizijos centras“,Vilnius,1800,2450,"Žengdami kartu su naujausiomis technologijomis ir vis greitėjančiu technologiniu bei gyvenimo tempu, ieškome inovatyvaus kolegos prisijungiant prie mūsų komandos. Jei jūs esate iniciatyvi ir jaunatviška asmenybė, turinti rinkodaros ir projektų valdymo žinių, kviečiame prisijungti prie Telecentro komandos!
O jei esate įgijęs dar ir IT sektoriaus „know-how“ – Jūsų laukia trumpesnė adaptacijos kelionė.
Darbo pobūdis
Įmonės paslaugų (pagrindas -IT paslaugos) įvaizdžio formavimas ir valdymas;
Produktų rinkodaros ir komunikacijos kompanijų rengimas – nuo idėjos iki įgyvendinimo;
Skaitmeninės rinkodaros turinio kūrimas, planavimas bei įgyvendinimas: tekstų rašymas, vizualų ir maketų ruošimas, naujienlaiškių rengimas;
Įmonės soc. tinklų (Linkedin, Facebook, Instagram) bei internetinio puslapio (Wordpress) atnaujinimas ir nuolatinė priežiūra;
Prezentacijų, vienlapių ir kitos pardavimų medžiagos rengimas (dažniausiai IT paslaugų tema);
Straipsnių rengimas interneto portalams;
Vidinės komunikacijos valdymas: svarbių naujienų rengimas įmonės intranetui;
Renginių ir konferencijų organizavimas: nuo vidinių renginių (pranešėjų derinimas, techninis pasirengimas, komunikacija su dalyviais) iki dalyvavimo išorinėse konferencijose koordinavimo;
Išorinių partnerių bei agentūrų valdymo procesas: užduočių formavimas bei rezultatų kontrolė įvairiose srityse (pvz., skaitmeninės reklamos – Google Ads, Meta Ads ir kt.);
Rinkodaros procesų administravimas: techninių specifikacijų ir pirkimo dokumentacijos rengimas (pagal VP), sąskaitų administravimas bei metinio biudžeto planavimas.
Ko tikimės iš Jūsų?
Turite aukštąjį išsilavinimą;
Esate įgijęs patirties rinkodaros ir/ar projektų valdymo srityse;
Domitės IT technologijomis ir žinote, kad cloud tai nėra vien debesys Lietuvos padangėje;
Gebate ne tik generuoti idėjas, bet galite jas paversti dar ir apčiuopiamais rezultatais;
Lengvai kuriate turinį ir valdote išorės komunikacijos kanalus (WEB Wordpress, Linkedin ir kt.);
Esate įvaldęs bent vieną programą dizaino kūrimui (pvz. Canva), gebate turiniui sukurti formą bei jausmą;
Puikiai komunikuojate lietuvių ir anglų kalbomis, žodžiu bei raštu;
Privalumą teiksime kandidatams, kurie turi išsilavinimą rinkodaros/marketingo/viešųjų ryšių srityse bei patirties dirbant su IT paslaugomis.
Kodėl verta prisijungti prie Telecentro komandos?
💯Dirbsite strateginėje valstybės įmonėje;
🦻Dinamiška aplinka, kuri vertina iniciatyvą, idėjas ir atsakomybę;
🆘Profesionalų komanda ir bendradarbiavimo kultūra;
❣️Papildomos apmokamos atostogų dienos, draudimas nuo nelaimingų atsitikimų 24/7;
🚀Galimybė asmeniškai susiformuoti metinį personalizuotą naudų paketą, kurį sudaro pasirinkta nauda arba jų miksas: papildomas sveikatos draudimas, pensijų kaupimas, tobulėjimo išlaidų kompensavimas, biudžetas skirtas sveikatingumui skatinti;
🫶 Socialinės naudos ir garantijos pagal kolektyvinę sutartį;
🚗 Saugoma automobilių stovėjimo aikštelė;
💸 Darbo užmokestis: 1800-2450 EUR (bruto) + kintama atlygio dalis (iki 10 %, priklausomai nuo rezultatų).
Konkretus atlygis priklausys nuo Jūsų patirties ir kompetencijų.
Dėkojame visiems susidomėjusiems. Atranką pradėsime vykdyti anksčiau, nei baigsis skelbimo galiojimo laikas.
Atlyginimas
1800-2450
                                €/mėn.
                                neatskaičius mokesčių
Papildomai, kiekvieną mėnesį mokama kintama atlygio dalis, iki 10% nuo fiksuoto darbo užmokesčio, priklausanti nuo rezultatų",https://www.cvbankas.lt/rinkodaros-projektu-vadovas-e-terminuota-darbo-sutartis-vilniuje/1-13778117,2026-04-13,2026-05-13,Marketing / Reklama,,ACTIVE
Marketingo specialistas (-ė),"Fomisas, UAB",Kaunas,1500,3000,"Darbo pobūdis
Planuoti, įgyvendinti ir prižiūrėsi marketingo projektus bei kampanijas;
Turinio kūrimas ir administravimas: socialiniai tinklai, naujienlaiškiai, įmonės svetainė;
Skaitmeninės rinkodaros kampanijų (Google Ads, Meta Ads ir kt.) planavimas, vykdymas, duomenų analizė ir optimizavimas;
Vizualinės ir tekstinės medžiagos ruošimas;
Rinkos tendencijų analizė ir kūrybiškų būdų ieškojimas, kaip išsiskirti iš minios;
Reikalavimai darbuotojui
Patirtis;
Išsilavinimas (privalumas marketingo, rinkodaros ar komunikacijos srityse);
Rinkodaros žinios: reklamos priemonių, kanalų veikimas, jų efektyvumo vertinimas;
Puikios lietuvių ir anglų kalbų žinios;
Skaitmeninės rinkodaros kompetencijos: SEO, Google Analytics, Meta Ads, Google Ads; gebėjimas analizuoti duomenis ir teikti įžvalgas;
Patirtis administruojant socialinių tinklų paskyras ir interneto svetaines.
Kūrybiškumas ir turinio kūrimo įgūdžiai: sklandi komunikacija, gebėjimas generuoti idėjas, rašyti įtraukiantį tekstinį turinį;
Puikus savarankiškas planavimas, organizavimas;
Atlyginimas
1500-3000
                                €/mėn.
                                į rankas
Darbo užmokestis priklauso nuo darbo patirties bei įgūdžių",https://www.cvbankas.lt/marketingo-specialistas-e-kaune/1-13777909,2026-04-13,2026-05-13,Marketing / Reklama,,ACTIVE
Programmatic Strategy Specialist (DSP),UAB „Adform Lithuania“,Vilnius,2000,2700,"In the Revenue and Operations department, the mission is to promote, sell, onboard, and service the products built by our technical teams and departments. This means we focus on a 360-degree commercial strategy that helps bring new products to market, promote them, and maximize clients’ usage and experience with existing products.
Our Programmatic Consultancy team takes on a hands-on approach to the success of our clients. While we guide them to improvements on a daily basis, we also look at the larger picture of the client‘s programmatic activities and guide them to attain not only KPIs but also their strategic goals, and are always on the lookout for new solutions to help the clients grow. In short, we are strategic consultants who plan clients' activities, encourage best practices, and help them learn.
We hope you are ready to change the game! Be ready to:
Own the success of the programmatic campaigns of key clients – starting from planning activities to consulting them regarding improvements and education regarding KPIs that will help them measure the success of their activities.
Understand the client‘s goals and strategy and adapt it to our DSP.
Address the performance of the client‘s programmatic campaigns, consult them on best practices and ways to improve activities.
Deliver campaign results to clients using reporting solutions and your people skills to ensure their knowledge of the activities and ways to progress towards success.
Consult and mentor your colleagues regarding programmatic best practices and use your expertise to guide them.
Use your expertise to drive or contribute to strategic projects.
Attitude First. Everything else will follow. We can grow together faster if you have:
Full proficiency in the English language.
Programmatic Expertise - you understand how to build, launch, and troubleshoot digital campaigns across different DSP platforms, using features to meet campaign goals effectively. It also means you can adapt strategies to platform strengths and resolve basic technical issues.
Critical and strategic thinking – you can connect campaign execution to broader client goals, assess KPIs critically, and design multi-channel strategies that align with business needs.
Data reporting and analytical skills - you can gather, interpret, and explain campaign data to inform decisions and optimize performance.
Presentation skills -  you can clearly and persuasively share campaign results and strategies, using visual storytelling and minimal text to engage your audience.
Adform‘s guiding principles ingrained in your profile: Focus on Client Value, Behave with Decency, Take Ownership, Care, Collaborate as a Team Player, Remain Ambitious, and Stand Tall in all interactions.
Stand out by having:
Attention to detail.
Self-sufficiency - ability to work independently.
Other feature knowledge (DCO, DMP, Site Tracking).
Presentation skills.
Stakeholder management skills.
Our promise to you:
A dynamic, inspiring, and international environment filled with ambitious and caring colleagues
A competitive compensation package based on your qualifications and experience, with a salary range of 2000 to 2700 EUR gross per month
Family benefits incl. additional vacation days to enjoy life outside of work
Comprehensive healthcare benefits, including accident insurance
On-site canteen offering a variety of convenient and delicious meal options
Wellness, sports, and massage benefits to keep you energized and healthy
Engaging social initiatives and company events to connect with colleagues and have fun
And much more – join us to explore the full experience!
Adform is an equal opportunity employer with a global perspective. We remain committed to creating an environment that not only respects different backgrounds but celebrates them too. We believe that diversity in all its forms enhances our teams’ creativity, innovation, and effectiveness, and therefore we value different backgrounds, perspectives, and skills.
We are committed to creating a work environment where Adform employees feel valued for who they are and what they can contribute, free from any type of discrimination.
Salary
2000-2700
                                €/mon.
                                gross",https://www.cvbankas.lt/programmatic-strategy-specialist-dsp-vilniuje/1-13777393,2026-04-13,2026-05-13,Marketing / Reklama,,ACTIVE
Head of Product & Commercial Marketing,UAB Skuba,Vilnius,4900,7500,"We are looking for a hands-on, commercially driven marketing leader to join Skuba Group and take ownership of how we grow product sales across multiple markets.
This is not a traditional marketing role.
This is a growth role at the intersection of product, marketing, and sales.
Your mission - drive product and brand growth across different countries by turning commercial opportunities into structured, well-executed marketing actions.
You will work closely with the CEO, sales managers, and suppliers to ensure that marketing directly contributes to sales performance.
Main Responsibilities:
Commercial & Product Growth
Identify which products/brands to push in specific markets (countries)
Define and execute sales-driven marketing campaigns
Work with suppliers to activate and grow their brands in different regions
Translate business needs into clear marketing actions
Cross-market collaboration
Partner with 18 country leaders to understand local needs
Adapt strategies to fit different markets
Share and implement best practices and success cases across countries
Hands-on campaign execution
Initiate, plan, and drive campaigns end-to-end
Ensure timely and high-quality delivery of marketing materials
Strategic analysis
Analyze competitors, customers, and market dynamics
Identify growth opportunities and gaps
Evaluate campaign performance and continuously improve
Leadership & alignment
Work directly with the CEO on priorities and direction
Bring structure and clarity to commercial marketing activities
Act as a bridge between sales, product, and marketing
What we’re looking for:
Experience in B2B, distribution, or product-based business
Strong understanding of commercial (sales-driven) marketing
Proven track record of executing campaigns that drive real business results
Ability to deliver results without relying on large marketing budgets
Analytical mindset (comfortable with data, not just ideas)
Hands-on attitude - you do not just plan, you execute
We Offer:
Compensation will depend on experience and competencies
Company car
International working environment
Modern and comfortable working environment in Vilnius
On-site gym available for employees
Free parking at the office
Lunch options at the company’s on-site cafeteria
What makes this role unique
Direct impact on sales and growth, not just brand awareness
High ownership and visibility (working with CEO and country leaders)
International scope (multi-market, multi-brand environment)
Opportunity to build structure where it matters
Salary
4900-7500
                                €/mon.
                                gross
Compensation will depend on experience and competencies",https://www.cvbankas.lt/head-of-product-commercial-marketing-vilniuje/1-13777113,2026-04-13,2026-05-13,Marketing / Reklama,,ACTIVE
RINKODAROS PROJEKTŲ VADYBININKAS (-Ė),UAB „Barbora“,Vilnius,3300,3800,"Tavo užduotys:
Planuoti ir koordinuoti marketingo projektus, užtikrinant jų įgyvendinimą pagal nustatytus tikslus, terminus ir biudžetą.
Organizuoti ir prižiūrėti prekinio ženklo komunikacijos įgyvendinimą skaitmeniniuose ir offline kanaluose (socialiniai tinklai, kampanijos, e. parduotuvė, pardavimų skatinimo veiksmai, tiesioginė rinkodara).
Užtikrinti, kad visi rinkodaros projektai atitiktų prekinio ženklo identitetą, toną ir vizualinę kryptį.
Koordinuoti rinkodaros kampanijų įgyvendinimą nuo planavimo iki paleidimo ir rezultatų įvertinimo.
Rengti projektų ir kampanijų brief’us bei koordinuoti kūrybinių sprendimų įgyvendinimą bendradarbiaujant su vidinėmis komandomis ir išoriniais partneriais.
Bendradarbiauti su rinkodaros, reklaminių paslaugų pardavimo, asortimento ir žmogiškųjų išteklių komandomis, užtikrinant sklandų projektų įgyvendinimą.
Valdyti projektų prioritetus, terminus ir užduočių eigą, užtikrinant efektyvų resursų panaudojimą.
Stebėti rinkodaros projektų rezultatus, rinkti ir analizuoti duomenis, teikti įžvalgas bei siūlymus efektyvumo gerinimui.
Sekti rinkos, vartotojų ir konkurentų tendencijas bei siūlyti jų pritaikymą rinkodaros projektuose.
Konsultuoti reklaminių sprendimų ir integracijų klausimais, užtikrinant jų suderinamumą su vykdomais projektais ir prekinio ženklo kryptimi.
Koordinuoti socialinių medijų veiklų įgyvendinimą, užtikrinant atitikimą nustatytai strategijai ir komunikacijos gairėms.
Planuoti ir koordinuoti bendradarbiavimą su influenceriais.
Reikalavimai:
Aukštasis išsilavinimas marketingo, komunikacijos, verslo ar panašioje srityje.
Ne mažesnė kaip 3 metų patirtis prekinio ženklo, rinkodaros ar komunikacijos srityje.
Prekinio ženklo strategijos kūrimo ir įgyvendinimo įgūdžiai.
Gebėjimas planuoti ir koordinuoti kampanijas skirtinguose kanaluose.
Gebėjimas dirbti su duomenimis ir įžvalgomis.
Strateginis mąstymas ir stipri prekinio ženklo pajauta.
Puikūs komunikacijos ir koordinavimo įgūdžiai.
Gebėjimas dirbti su keliomis suinteresuotomis pusėmis.
Orientacija į rezultatą ir ilgalaikę vertę.
Geros lietuvių ir anglų kalbos žinios.
Patirtis dirbant su agentūromis ir išoriniais partneriais – privalumas.
Garantuojame:
šaunią komandą, su kuria viskas yra įmanoma;
profesinio ir asmeninio tobulėjimo galimybes;
naudas apsiperkant BARBORA internetinėje parduotuvėje bei partnerių teikiamas nuolaidas;
papildomą sveikatos draudimą tavo gerai savijautai (po 3 mėnesių bandomojo laikotarpio) ir nemokamas psichologo konsultacijas tavo emocinei pusiausvyrai;
palaikymą ypatingomis gyvenimo progomis (susituokus, gimus vaikui ir kt.).
Atlyginimas
3300-3800
                                €/mėn.
                                neatskaičius mokesčių",https://www.cvbankas.lt/rinkodaros-projektu-vadybininkas-e-vilniuje/1-13772113,2026-04-13,2026-05-13,Marketing / Reklama,,ACTIVE
Internetinio marketingo projektų vadovas (-ė),UAB „Electronic Trade“,Kaunas,1500,2000,"Darbo pobūdis:
Prekių kategorijos marketingo projektų ir kampanijų planavimas, įgyvendinimas, priežiūra skaitmeniniuose kanaluose;
Bendradarbiavimas su išoriniais partneriais ir funkcinėmis komandomis įmonės viduje;
Kampanijų veiklos rezultatų monitoringas, ataskaitos, įžvalgos, sprendimai;
Vykdomų kampanijų ir projektų biudžetavimas, efektyvus vykdymo užtikrinimas;
Rinkos, konkurentų ir vartotojų elgsenos stebėsena, įžvalgos.
Ko tikimės iš Tavęs:
2-3 metų analogiško darbo patirties;
Gebėjimo inicijuoti, realizuoti projektus bei analizuoti jų rezultatus;
Turinio kūrimo patirties, neapsiribojant vien AI naudojimu;
Google ir Meta Ads rinkodaros pagrindų;
Patirties su turinio valdymo sistemomis;
Gebėjimo išsakyti ir pagrįsti savo nuomonę;
Atviro ir pozityvus požiūrio!
Įmonė siūlo:
“Know how” kaip veikia perspektyviausia mažmeninės prekybos sritis;
Pagalbą ir pasidalinimą tomis žiniomis ir įgūdžiais, kuriuos turime;
Jaunų bendraminčių kolektyvą;
Laisvę veikti ir augti!
Dirbame naujame erdviame biure, Veiverių g. 171 (Aleksote).
Susisieksime su pasirinktais kandidatais.
Atlyginimas
1500-2000
                                €/mėn.
                                į rankas
Atlyginimas priklauso nuo turimos patirties ir gebėjimo prisiimti atsakomybes.",https://www.cvbankas.lt/internetinio-marketingo-projektu-vadovas-e-kaune/1-13776973,2026-04-13,2026-05-13,Marketing / Reklama,,ACTIVE
Senior Digital Marketing Manager (Growth Lead),BIGBANK AS filialas,Vilnius,3400,4000,"What you will be doing
Take ownership of our paid acquisition efforts across multiple channels. You will grow and optimize our performance marketing activities from the first ad impression to account activation, and help scale our lead generation engines.
Work across several areas of digital marketing: paid acquisition, analytics and tracking, conversion optimization, content and inbound marketing, funnel strategy, and creative direction. You will manage campaigns end‑to‑end, run A/B tests, improve landing pages, and support email automation to improve key metrics like CTR, CVR, CPA, and LTV:CAC.
Lead our Google Ads work (Search, Display, YouTube, Demand Gen, PMax). You’ll shape campaign structure, scaling strategy, segmentation, and collaborate with our agency to ensure fast and high‑quality execution.
Explore and test new acquisition channels, develop inbound strategies, and suggest new partnerships, funnel ideas, and automation improvements.
Build and oversee social media channel strategies and create content funnels that support both organic and paid growth efforts.
Write effective ad copy, evaluate creative quality, and guide designers toward performance‑driven visual solutions.
Manage budget allocation and optimize ROI through experimentation and advanced bidding strategies.
Use your expertise with tracking tools (GTM, GA4, conversion APIs, Meta Pixel, server‑side tracking, enhanced conversions) to improve existing setups and identify new tracking opportunities.
Work with data in BigQuery and Looker, ensure data accuracy, resolve tracking discrepancies with agencies and IT teams, and build performance dashboards that support decision‑making.
Collaborate closely with the Head of Marketing, our digital team, external agencies, and colleagues across Bigbank in Europe.
What we expect from you
You have 5+ years of experience in digital marketing – ideally in roles such as Senior Digital Marketing Manager, Digital Project Manager, Growth Hacker, or CRO Specialist.
Strong skills in performance marketing, growth tactics, funnel building, optimization, landing page creation, A/B testing, tracking, and data interpretation. You naturally think in systems and full customer journeys, not one‑off campaigns.
A solid analytical mindset and the ability to use data to shape strategies, explain performance drivers, and make decisions.
You’re independent, organized, and proactive – you manage projects from start to finish and take ownership when solving challenges.
A cost‑efficient approach to marketing. You understand the value of efficiency and look for ways to achieve more with less.
A hands‑on attitude, curiosity, and a drive to explore new growth opportunities.
Strong English skills (B2/C1 level).
What we are offering
Fixed remuneration from 3400 EUR to 4000 EUR (brutto), based on your competencies, skills and experience.
Professional and personal development opportunities in a fast-growing international bank.
Health and well-being oriented benefits.
Hybrid work opportunity.
Really high team spirit – in 2025 employees rated it 4.6 out of 5!
Working in an international team with great people to collaborate with – check out #lifeatbigbank and #bigbankwow at Instagram.
Additional benefits according to Bigbank Remuneration system's principals.
Salary
3400-4000
                                €/mon.
                                gross",https://www.cvbankas.lt/senior-digital-marketing-manager-growth-lead-vilniuje/1-13722997,2026-04-13,2026-05-13,Marketing / Reklama,,ACTIVE
Marketingo vadybininkas elektroninei prekybai,UAB „Eurodigital“,Kaunas,1800,2500,"Darbo pobūdis
Produktų pateikimas internetinėse svetainėse B2B ir B2C.
Produktų pakuočių derinimas su dizaineriais;
Internetinės svetainės turinio atnaujinimas;
Naujienlaiškių kūrimas;
Informacijos socialiniuose tinkluose skleidimas.
Reklama socialiniuose tinkluose ir Google.
Prekių pozicionavimo strategijos kūrimas ir įgyvendinimas;
Naujų produktų įvedimo į rinką strategijos kūrimas ir įgyvendinimas veikiant B2B ir B2C rinkoje;
Pardavimų skatinimo strategijos kūrimas ir įgyvendinimas
Pardavimų akcijų organizavimas.
Reikalavimai darbuotojui
Aukštasis išsilavinimas ( gali būti paskutinių kursų studentas).
Labai geros kompiuterinės žinios (MS office paketas, Outlook, Internet).
Geros anglų kalbos žinios.(rusų ar kt kalbos žinojimas būtų privalumas)
Gyvenimo aprašymą siųskite su nuotrauka ir motyvaciniu laišku. Taip pat būtinai paminėkite norimą uždirbti atlyginimą.
Privalumai:
Panašaus darbo patirtis.
Baigtas aukštasis išsilavinimas.
Kūrybiškas mąstymas.
Įmonė siūlo
Įdomų ir dinamišką darbą.
Profesinio tobulėjimo ir karjeros galimybes.
Laiku mokamą ir nuolatos didėjantį atlyginimą.
Geras darbo sąlygas.
Kita informacija:
Galimybę informuoti turime labiausiai reikalavimus atitinkančius kandidatus.
Atlyginimas
1800-2500
                                €/mėn.
                                į rankas",https://www.cvbankas.lt/marketingo-vadybininkas-elektroninei-prekybai-kaune/1-5405489,2026-04-13,2026-05-10,Marketing / Reklama,,ACTIVE
Rinkodaros ir komunikacijos projektų specialistas (-ė),ACME įmonių grupė,Kaunas,2480,2650,"Kaip rinkodaros ir komunikacijos projektų specialistas Tu:
Planuosi ir administruosi reklamines kampanijas: parinksi auditorijas, vykdysi reklamos užsakymą, seksi efektyvumo rodiklius bei operatyviai reaguosi į rezultatus.
Vertinsi nuomonės formuotojų tinkamumą prekės ženklų komunikacijai ir koordinuosi bendradarbiavimą.
Kursi ir redaguosi turinį (copywriting, grafinis dizainas, fotografija, filmavimas), inicijuosi bei įgyvendinsi auditoriją įtraukiantį turinį (stories, reels ir kt.).
Generuosi kūrybines idėjas kampanijoms ir komunikacijos projektams.
Rengsi komunikacijos ir reklamų ataskaitas, analizuosi veiksmų efektyvumą bei teiksi įžvalgas tobulinimui.
Dirbsi komandoje: savarankiškai rinksi informaciją, derinsi darbus su kolegomis ir partneriais, laikysiesi terminų bei pristatysi rezultatus.
Planuosi, organizuosi ir įgyvendinsi rinkodaros bei pardavimo skatinimo kampanijas online ir offline kanalais Baltijos šalių rinkose.
Rengsi atstovaujamų namų elektronikos gamintojų rinkodaros planus ir valdysi jiems skirtus biudžetus.
Bendradarbiausi su nuomonės formuotojais, reklamos ir medijos planavimo agentūromis bei kitais išorės partneriais, įgyvendinsi bendrus projektus.
Tikimės, kad Tu""
Turi bent 2 metų patirtį socialinių tinklų administravime ir bendradarbiaujant su nuomonės formuotojais.
Turi bent 2 metų patirtį administruojant ir optimizuojant mokamą reklamą socialiniuose tinkluose.
Turi maketavimo įgūdžių, reikalingų vizualinės medžiagos socialiniams tinklams rengimui.
Gebi rengti tekstus lietuvių ir anglų kalbomis.
Turi komunikacijos ir reklamos efektyvumo vertinimo patirties.
Gebi parinkti ir įvertinti nuomonės formuotojų tinkamumą prekės ženklų komunikacijai.
Esi kūrybiškas (-a) ir gebi dirbti komandoje.
Mes siūlome:
Lanksčią darbo aplinką: dirbame hibridiniu būdu – deriname darbą iš biuro ir namų. Taip pat suteikiame galimybę iki 30 dienų per metus dirbti iš bet kurios Europos Sąjungos šalies.
Profesinio augimo galimybes: mentorystės programa, mokymai, konferencijos, bendruomenės „Community hours“ susitikimai. Darbas didelėje įmonių grupėje suteikia plačias karjeros ir augimo galimybes.
Dėmesį Tavo savijautai: papildomas sveikatos draudimas, galimybė naudotis emocinės sveikatos specialistų pagalba per visipsichologai.lt.
Bendruomenės iniciatyvas ir prasmingą įsitraukimą: „Acme cup“ iššūkiai, renginiai „Žalgirio arenoje“ iš VIP ložės, socialiniai projektai per VšĮ „Acme Geri darbai“.
Patirtį atitinkantį atlygį: darbo užmokestis nuo 2480 - 2650 Eur neatskaičius mokesčių.
Atlyginimas
2480-2650
                                €/mėn.
                                neatskaičius mokesčių
Siūlomas darbo užmokestis nuo 2480 - 2650 Eur neatskaičius mokesčių.",https://www.cvbankas.lt/rinkodaros-ir-komunikacijos-projektu-specialistas-e-kaune/1-13772169,2026-04-10,2026-05-10,Marketing / Reklama,,ACTIVE
Marketing & Online Sales Manager,UAB „Workland Lithuania“,Vilnius,3300,3300,"Darbo pobūdis
Ieškome į rezultatus orientuoto (-os) rinkodaros vadovo (-ės), kuris (-i) stiprintų Workland žinomumą, augintų online pardavimus ir tiesiogiai prisidėtų prie B2B ir B2C pardavimų augimo tiek vietinėje, tiek tarptautinėje rinkoje.
Ši pozicija orientuota į potencialių klientų pritraukimą (lead generation), konversijų optimizavimą, kampanijų įgyvendinimą ir rinkodaros veiklų suderinimą su verslo rezultatais. Jūs koordinuosite skaitmeninius kanalus, agentūras, partnerystes ir kampanijas, siekdami didinti matomumą ir pajamas.
Pagrindinės atsakomybės:
Auginti pardavimus internetu per skaitmenines kampanijas, pardavimo „funnels“ ir konversijų optimizavimą.
Planuoti ir įgyvendinti į pardavimus orientuotas rinkodaros kampanijas (Meta, Google, el. paštas, svetainė ir kiti kanalai).
Glaudžiai derinti rinkodaros veiklas su pardavimų komanda.
Valdyti svetainės atnaujinimus ir rezervacijų sistemos tobulinimą.
Koordinuoti agentūrų darbą (Google, Meta, web kūrimas ir kt.) bei stebėti kampanijų rezultatus.
Užtikrinti nuoseklią prekės ženklo komunikaciją tiek Lietuvos, tiek tarptautiniu lygiu.
Prižiūrėti turinio strategiją: socialiniai tinklai, naujienlaiškiai, tinklaraštis ir viešieji ryšiai.
Stebėti rinkodaros KPI, analizuoti rezultatus ir optimizuoti veiklą, pateikti ataskaitas.
Valdyti rinkodaros biudžetą ir užtikrinti investicijų grąžą (ROI).
Ko tikimės iš kandidato (-ės):
Patirties skaitmeninėje rinkodaroje ir internetiniuose pardavimuose.
Gero supratimo apie potencialių klientų pritraukimą ir konversijų „funnels“.
Gebėjimo prisidėti prie B2B ir B2C pardavimų augimo.
Patirties dirbant su Google ir Meta kampanijomis.
Atsakingumo, analitinio mąstymo ir orientacijos į rezultatą.
Puikių komunikacijos ir tekstų kūrimo įgūdžių.
Puikių anglų ir lietuvių kalbos žinių.
Proaktyvaus, struktūruoto ir į sprendimus orientuoto požiūrio.
Atlyginimas – nuo 3.300 EUR (suma su mokesčiais)
Vilnius | Pilnas etatas | Darbas biure | Terminuota 1 m. 8 mėn. sutartis
Jei ši pozicija atitinka Jūsų patirtį ir lūkesčius, lauksime Jūsų gyvenimo aprašymo (CV), kurį prašome siųsti el. paštu
Susisieksime tik su atrinktais kandidatais. Konfidencialumą garantuojame. Pasiliekame teisę užbaigti atranką anksčiau, jei tinkamas kandidatas bus rastas greičiau.
Lauksime kandidatų, pasirengusių prisidėti prie „Workland“ augimo ir sėkmės.
Mes siūlome:
Biuras
Nemokami užkandžiai
Dviračių saugykla
Dušas
Atlyginimas
Nuo 3300
                                €/mėn.
                                neatskaičius mokesčių",https://www.cvbankas.lt/marketing-online-sales-manager-vilniuje/1-13771675,2026-04-10,2026-05-10,Marketing / Reklama,,ACTIVE
Marketingo ir Pardavimų vadybininko asistentas (gali būti studentas),UAB „Ankoras“,Vilnius,1500,1500,"Darbo pobūdis
Ieškome motyvuoto ir organizuoto komandos nario, kuris padėtų vykdyti kasdienes užduotis ir prisidėti prie projektų įgyvendinimo.
Jūs būsite atsakingi už:
Medžiagos socialiniams tinklams kūrimą, MetaAds ir kitų reklamos kompanijų administravimą, grąžos analizę (Instagram, Facebook, TikTok ir kt.);
Darbą su nuomonės formuotojais, didinant prekės ženklo žinomumą ir skatinant pardavimus;
Įmonės renginių planavimą ir įgyvendinimą;
Darbą su įmonės interneto svetaine: prekių įvedimą, aprašymų kūrimą, naujienlaiškių siuntimą;
Pagalbą pardavimų vadybininkui, užtikrinant sklandų ir savalaikį užsakymų įvykdymo procesą;
Bendravimą su esamais ir potencialiais klientais el. paštu ir telefonu (esant poreikiui);
Administracines užduotis, bendradarbiaujant ir pasidalinant atsakomybėmis su kolegomis.
Reikalavimai darbuotojui
Aukštasis išsilavinimas (gali būti studentas);
Atidumas, kruopštumas;
Puikios lietuvių raštvedybos žinios;
Sugebėjimas kurti kokybiškus ir demesio sulaukiančius vaizdo įrašus ir ""reels"" socialiniams tinklams;
Gebėjimas naudotis dirbtinio intelekto įrankiais;
Komunikabilumas ir reprezentatyvi išvaizda.
Privalumai
Patirtis dirbant su socialinių tinklų paskyromis ir supratimas apie turinio rinkodarą;
Darbo patirtis pardavimų srityje ar administracinio darbo patirtis;
Patirtis administruojant MetaAds reklamą;
Rusų kalbos žinios;
Studijos viešųjų ryšių ar marketingo srityje;
Gebėjimas sklandžiai dėstyti mintis prieš kamerą;
Vairuotojo pažymėjimas ir nuosava transporto priemonė.
Įmonė siūlo
Draugišką kolektyvą, geras darbo sąlygas;
Priedus už gerus darbo rezultatus;
Galimybę įsigyti įmonės produkcijos už patrauklią kainą;
Galimybę prisidėti prie įmonės veiklos vystymo, bei įtakoti įmonės veiklos rezultatus;
Galimybė įgauti žinių juvelyrikos gamybos, brangakmenių srityje.
Atlyginimas
Nuo 1500
                                €/mėn.
                                neatskaičius mokesčių",https://www.cvbankas.lt/marketingo-ir-pardavimu-vadybininko-asistentas-gali-buti-studentas-vilniuje/1-13040880,2026-04-10,2026-05-10,Marketing / Reklama,,ACTIVE
Brand Marketing Manager,UAB „Kormotech“,Kėdainiai,1500,2000,"Job description
Adapt and implement the global brand strategy for the local market, considering consumer insights and local conditions.
Develop and execute the annual marketing plan to ensure strong brand positioning and growth.
Manage and localize marketing communication campaigns across multiple channels, including digital, social media, and offline activities.
Ensure consistent brand image and messaging in all materials and campaigns.
Cooperate with media and creative agencies to deliver effective, locally relevant campaigns.
Develop and implement social media and digital marketing strategies; manage local brand pages and communities.
Monitor campaign performance and market trends, providing actionable insights and recommendations.
Collaborate closely with sales, trade marketing, and regional teams to align marketing activities with business goals.
Manage local CSR initiatives in line with the global brand strategy and market needs.
Prepare regular reports and analysis on brand performance, consumer engagement, and market dynamics.
Requirements
Minimum 3 years of experience in a similar marketing role (preferably FMCG or pet food industry).
Bachelor’s or Master’s degree in Marketing or related field.
Proficiency in Romanian (Lithuanian) and English (minimum B2 level); Ukrainian – optional.
Excellent knowledge of Excel, Power BI, PowerPoint.
Strong analytical and communication skills; creativity and adaptability.
Company offers
Work in a fast-growing international company with strong global brands.
Opportunity to influence brand strategy and growth in your market.
Dynamic and collaborative work environment with professional growth opportunities.
Comprehensive benefits package.
Work life balance
Remote work possibility
Health
Health insurance
Salary
1500-2000
                                €/mon.
                                net
Bonus system based on individual and business results.",https://www.cvbankas.lt/brand-marketing-manager-kedainiuose/1-13772049,2026-04-10,2026-05-10,Marketing / Reklama,,ACTIVE
KOMERCIJOS VADYBININKO ASISTENTAS (-Ė),UAB „Barbora“,Vilnius,900,1350,"Tavo užduotys:
informacijos apie prekes suvedimas bei atnaujinimas sistemose;
bendravimas su kolegomis iš skirtingų komandų, informacijos apsikeitimas ir problemų sprendimas;
prekių atrinkimas reklaminėms pozicijoms;
prekių grupių kūrimas;
analizių rengimas;
pagalba komercijos vadybininkui.
Prisijunk prie mūsų jeigu:
esi kruopštus, atsakingas ir atidus;
turi analitinį mąstymą;
turi aukštesnįjį arba aukštąjį išsilavinimą;
turi gerus darbo su MS Excel įgūdžius;
turi gerus anglų kalbos įgūdžius;
esi savarankiškas ir orientuotas į rezultatą.
Garantuojame:
šaunią komandą, su kuria viskas yra įmanoma;
profesinio ir asmeninio tobulėjimo galimybes;
naudas apsiperkant BARBORA internetinėje parduotuvėje bei partnerių teikiamas nuolaidas;
papildomą sveikatos draudimą tavo gerai savijautai (po 3 mėnesių bandomojo laikotarpio) ir nemokamas psichologo konsultacijas tavo emocinei pusiausvyrai;
palaikymą ypatingomis gyvenimo progomis (susituokus, gimus vaikui ir kt.).
Atlyginimas
900-1350
                                €/mėn.
                                į rankas",https://www.cvbankas.lt/komercijos-vadybininko-asistentas-e-vilniuje/1-13772043,2026-04-10,2026-05-10,Marketing / Reklama,,ACTIVE
RINKODAROS IR KOMUNIKACIJOS GRUPĖS VADOVAS (-Ė),BTL Group,Kaunas,1900,2200,"Apie mus:
BTL Group vienija virš 3000 darbuotojų daugiau nei 50-yje įmonių, veikiančių tarptautinių krovinių gabenimo ir ekspedijavimo, nekilnojamojo turto, apgyvendinimo, keltų, tiltų ir tunelių bilietų pardavimo sektoriuose. Šiuo metu aktyviai plečiamės įmonės mastu, kviečiame
RINKODAROS IR KOMUNIKACIJOS GRUPĖS VADOVĄ (-Ę)
prisijungti į komandą
Kaune.
Darbo pobūdis:
Rengti, koordinuoti ir įgyvendinti marketingo projektus, užtikrinant efektyvų išteklių panaudojimą ir rezultatų analizę.
Organizuoti ir koordinuoti rinkodaros ir komunikacijos grupės darbą, paskirstyti užduotis, kontroliuoti jų vykdymą;
Administruoti rinkodaros ir komunikacijos grupės biudžeto vykdymą.
Rengti marketingo veiksmų planus ir įgyvendinimo grafikus bei inicijuoti, prižiūrėti jų vykdymą;
Organizuoti, analizuoti ir optimizuoti skaitmeninės reklamos kampanijas pasitelkiant išorinius paslaugų teikėjus;
Vystyti įmonių grupės komunikacijos turinį ir organizuoti įvaizdžio stiprinimo projektus;
Administruoti įmonių grupės socialinių tinklų paskyras ir kitas platformas bei aktyviai kurti įtraukiantį turinį (vaizdo įrašus, reel’us, vizualus, tekstus);
Dalyvauti renginių organizavimo procesuose, organizuoti išorinius renginius ir prisidėti prie vidinių iniciatyvų realizavimo;
Bendradarbiauti su kitų padalinių komandomis ir teikti pagalbą įgyvendinant strategines iniciatyvas;
Koordinuoti tiekėjų ir partnerių atrankos procesus, vesti derybas ir derinti sutartis.
Reikalavimai:
Mažiausiai 3 metų patirtis marketingo projektų valdyme;
Aukštasis universitetinis išsilavinimas (privalumas marketingo, rinkodaros ar komunikacijos srityse);
Tvirtos rinkodaros žinios: reklamos priemonių, kanalų veikimas, jų efektyvumo vertinimas.
Puikios lietuvių ir anglų kalbų žinios.
Skaitmeninės rinkodaros kompetencijos: SEO, Google Analytics, Meta Ads, Google Ads; gebėjimas analizuoti duomenis ir teikti įžvalgas.
Patirtis administruojant socialinių tinklų paskyras ir interneto svetaines.
Kūrybiškumas ir turinio kūrimo įgūdžiai: sklandi komunikacija, gebėjimas generuoti idėjas, rašyti įtraukiantį tekstinį turinį.
Puikus savarankiškas planavimas, organizavimas ir kelių rinkodaros projektų valdymas vienu metu.
Geri darbo kompiuteriu įgūdžiai ir Microsoft Office programų išmanymas.
Įmonė siūlo:
Sprendimų laisvę: idėjos bus išgirstos ir vertinamos;
Tobulėjimą: mokymai, kursai, karjera. Nori augti ir nebijai prisiimti daugiau atsakomybių? Puiku, parodysim konkrečius žingsnius kaip kilti karjeros laiptais;
Dinamiką: kiekviena diena atneš naujas galimybes ir iššūkius;
Laisvą dieną gimtadienio proga: Jūsų ypatingai dienai – poilsis ir šventė;
Palaikančią komandą: dirbsite su profesionalais, kurie dalinasi savo žiniomis ir kuria draugišką atmosferą;
Partnerių siūlomas naudas: specialios nuolaidos ir išskirtiniai pasiūlymai mūsų partnerių tinkle.
Atlyginimas
1900-2200
                                €/mėn.
                                į rankas
Priklausomai nuo kompetencijų.",https://www.cvbankas.lt/rinkodaros-ir-komunikacijos-grupes-vadovas-e-kaune/1-13758087,2026-04-10,2026-05-10,Marketing / Reklama,,ACTIVE
"Talent Acquisition Specialist (fixed term, 6 months)",UAB „STRATEGIC STAFFING SOLUTIONS INTERNATIONAL“,Vilnius,3500,3500,"About the company:
Strategic Staffing Solutions International Client - a fast-growing Scandinavian healthcare company that combines a strong global presence with over 100 years of industry expertise. Operating across 14 countries and supported by 3,000+ professionals, the organization is on a mission to make healthcare more accessible, sustainable, and efficient.
In this role, you’ll play a key part in building teams across the Nordics and Lithuania, helping attract top commercial talent in a dynamic, international environment. Through innovative medical products, services, and solutions, the company partners with healthcare providers across hospitals, clinics, and home care—empowering patients to live more independently, safely, and with dignity.
Here, your work goes beyond recruitment—you’ll directly contribute to improving lives.
What you will do:
✨ Own end-to-end recruitment processes across multiple functions (Commercial, Sales, Operations, etc.)
🔍 Source and attract talent using creative strategies (LinkedIn, job boards, campaigns, networking)
🤝 Partner closely with hiring managers and HR to align hiring needs with business goals
🌐 Collaborate with an international TA team to drive consistency and innovation
📈 Share insights and improve recruitment practices, tools, and processes
🧠 Stay ahead of market trends across the Nordics & Lithuania
Requirements:
🧩3–5 years of recruitment experience (healthcare or similar industry is a plus)
🧩 Experience hiring across multiple regions, ideally Nordics/Lithuania
🧩 Strong communication & stakeholder management skills
🧩 Ability to manage multiple roles in a fast-paced environment
🧩 Fluent English (Nordic languages are an advantage)
🧩 Familiarity with ATS systems and modern sourcing tools
🧩 Proactive mindset with a drive to improve and deliver results
Company offers:
💼 6-month contract with opportunity for extension
🏥 Private health insurance from day one
🌴 60 Work From Anywhere days per year
🏖️ Extra vacation days + trust days + learning days
✈️ Travel insurance
🚗 Parking compensation
🎯 Employee referral bonus program
📚 Access to internal learning platforms
🍏 Office perks: fresh fruit Tuesdays & healthy snacks Thursdays
Atlyginimas
Iki 3500
                                €/mėn.
                                neatskaičius mokesčių",https://www.cvbankas.lt/talent-acquisition-specialist-fixed-term-6-months-vilniuje/1-13771353,2026-04-10,2026-05-10,Marketing / Reklama,,ACTIVE
Creative Strategist,UAB „Finansiškai raštingi“,Vilnius,2500,4000,"Who we are
Finansiškai Raštingi is a fast-growing financial education company on a mission to help everyday people take control of their financial future. Operating across the EU and the USA, we turn financial anxiety into peace of mind through investment education and insurance products.
We're not a slow-moving corporation. We're a results-driven business powered by paid advertising campaigns and lead magnets. We're not looking for just an employee — we're looking for someone who will become the architect of our creative acquisition engine.
What you'll do
You'll own the creative strategy behind our paid acquisition — from audience research to ad concepts to performance analysis. You won't just ""make ads."" You'll translate business targets (e.g., ""500 qualified leads next month"") into creative systems that deliver.
Creative Strategy
Analyse the market, competitors, internal data and audience behaviour — every campaign starts here
Write creative briefs and coordinate a production team to deliver 100+ new ad variations (using AI) per month for EU and US markets
Kill underperformers fast and iterate on winners
Full-Funnel Thinking
Work as a team with the Head of Sales, Media Buyer, and Landing Page Developer (CRO specialist) to ensure your creative strategy matches the landing page and delivers high-quality leads
Get recordings from meetings with customers and develop new ad angles based on their pains and desires
Track beyond CTR — monitor lead quality, lead-to-conversion, and average deposit size per traffic source
Analytics & Reporting
Analyse creative performance across funnels to identify what's working and why
Weekly and monthly trend analysis for board presentations
Provide data-backed recommendations on which creative angles, formats, and hooks to scale or cut
Cross-Market Execution
Adapt creative strategy for EU and US markets while maintaining our education-first (value-first) positioning
Career Path
You'll start as a Creative Strategist — hands-on with creative strategy and performance analysis. Once you've proven results, you'll have the opportunity to grow into a Team Lead role, and eventually into a Creative Director, building and managing your own team.
We won't micromanage you. You'll have full autonomy over your projects and decisions. Deliver results — earn the opportunity to grow.
Your KPIs
Creative velocity:100+ new ad variations per month
Creative hit rate:increasing share of winning ads per batch
Lead quality:10–30%+ lead-to-conversion rate from creatives you develop
Insight-to-action speed:how fast you identify a trend and ship a new creative angle
What we Expect
Required
2–4+ years of experiencein creative strategy for paid social (Meta Ads primarily)
Scale experience:developed and tested high volumes of creative (100+/month)
Funnel expertise:deep understanding of how ad messaging must align with landing pages and audience stage
Analytics:comfortable working with Meta Ads metrics, Atria/Motion, Ads Library, GA4 to evaluate creative performance
Languages:Lithuanian and English (Polish is a strong plus)
The ""Superpower"" Bonus
Experience in financial services or high-ticket lead generation
Ability to explain why a specific ad hook works based on behavioural psychology, not just ""best practices""
Experience creating for Google, YouTube and TikTok ad formats
Experience localising creative across different markets (EU and US)
Your DNA
Independent and fast:you make decisions with 70% of the information. You don't need someone to approve every step.
Data-driven:decisions are based on metrics, not gut feeling.
Bold: You're not afraid to break the status quo and test unconventional approaches.
Company offers
Salary:€2,500 - €4,000 gross + performance-based bonuses tied directly to your results
Growth path:clear trajectory from specialist to team lead to director
Flexibility:hybrid model - 4 days from a modern office in Vilnius, 1 day remote
Resources:all the tools and budgets you need to test your ideas, an educational budget for courses/events, and a budget to hire in-house/freelancers/agencies as we scale.
Zero bureaucracy:work directly with the company founder and make decisions fast
Meaningful work:build a product that genuinely changes people's financial habits
Company offers
Work life balance
Flexible work hours
Remote work possibility
Office
Free snacks
Salary
2500-4000
                                €/mon.
                                gross",https://www.cvbankas.lt/creative-strategist-vilniuje/1-13770913,2026-04-10,2026-05-10,Marketing / Reklama,,ACTIVE
GAME ROOM Marketingo specialisto (-ės),UAB „GAME ROOM“,Vilnius,1000,1400,"Darbo pobūdis
Marketingo kampanijų planavimas ir įgyvendinimas (online / offline).
Socialinių tinklų turinio kūrimas ir administravimas.
Bendradarbiavimas su marketingo įmone, kuri rūpinasi reklaminėmis kampanijomis (Meta, Google, kt.).
Bendradarbiavimas su influenceriais, partneriais, bendruomene.
Naujų produktų ir akcijų komunikacija.
Marketingo rezultatų stebėjimas ir analizė
Reikalavimai darbuotojui
Motyvuotas ir atsakingas požiūris į darbą
Supratimas apie skaitmeninį marketingą ir socialinius tinklus
Kūrybiškumas, iniciatyvumas ir atsakomybė
Gebėjimas dirbti savarankiškai ir komandoje
Domėjimasis žaidimais ar žaidimų kultūra (didžiulis privalumas!)
Įmonė siūlo
Pietūs įmonės sąskaita
Darbą augančioje ir dinamiškoje įmonėje
Galimybę dirbti su įdomiais produktais ir projektais
Laisvę siūlyti idėjas ir jas realiai įgyvendinti
Draugišką komandą, kuri tikrai supranta, kas yra „GG“
Darbo ir laisvalaikio balansas
Lankstus darbo grafikas
Transportas
Nemokamas automobilio parkingas
Kiti privalumai
Nuolaidos įmonės produkcijai/paslaugoms
Atlyginimas
1000-1400
                                €/mėn.
                                į rankas",https://www.cvbankas.lt/game-room-marketingo-specialisto-es-vilniuje/1-13769681,2026-04-09,2026-05-09,Marketing / Reklama,,ACTIVE
Marketingo projektų koordinatorius (-ė),UAB „Light Conversion“,Vilnius,2100,2400,"Esame inovatyvi lazerių gamybos įmonė, kurioje dirba daugiau nei 750 specialistų, siekiančių pažangos ir meistriškumo. Jau daugiau nei 30 metų dirbame lazerinių technologijų priešakyje, bendradarbiaudami su prestižiniais mokslo centrais, universitetais ir pramonės lyderiais visame pasaulyje. Būtent dėl to esame tarp stipriausių pasaulinės femtosekundinių lazerių rinkos žaidėjų, o 2025 m. LRT verslo apdovanojimuose buvome įvertinti Verslo lyderystės apdovanojimu.
Mūsų lazeriai – tai kruopštaus komandos darbo rezultatas. Nuo smulkių mechaninių komponentų surinkimo iki sudėtingų lazerinių sistemų derinimo, kiekvienas žingsnis reikalauja nepriekaištingo tikslumo.Kiekvienas mūsų darbuotojas prisideda prie technologijų, kurios atveria naujas galimybes medicinoje, pramonėje ir moksle.
Šioje pozicijoje tavęs laukia:
Marketinginės medžiagos administravimas: poreikio analizė ir užsakymų planavimas, apskaita, pagalba generuojant naujas idėjas bei jas įgyvendinant
Prisidėjimas organizuojant įmonės reprezentavimą parodose ir konferencijose
Bendradarbiavimas su tarptautiniais ofisais ir distributoriais marketinginės medžiagos ir renginių klausimais, grįžtamojo ryšio rinkimas
Bendradarbiavimas su įmonės tiekėjais ir partneriais marketinginės medžiagos gamybos ir kūrimo klausimais
Marketinginės informacijos įmonės vidaus informacinėse sistemose administracija
Demonstracinių lazerių kontraktų ir logistikos administravimas
Kviečiame virtualiam turui Light Conversion koridoriais!
Komanda iš tavęs tikisi:
Savarankiškumo, organizuotumo, gebėjimo efektyviai planuoti laiką bei atsakingai vykdyti užduotis
Gebėjimo dirbti su skirtingais partneriais ir derinti užduotis tarptautinėje aplinkoje
Puikių bendravimo ir komandinio darbo įgūdžių
Anglų kalbos žinių ne žemesniu nei B2 lygiu (žodžiu ir raštu)
Kodėl verta prisijungti:
Prisidėsi prie aukštųjų technologijų produktų gamybos.
Esame vieni iš ultratrumpųjų impulsų lazerių gamybos lyderių. Mūsų technologijos naudojamos visame pasaulyje – nuo medicinos prietaisų iki puslaidininkių gamybos. Lazeriais atliekami Nobelio laureatų tyrimai, jie veikia CERN bei geriausių universitetų laboratorijose.
Būsi vienos stipriausių savo srities komandų dalimi.
Mūsų specialistai garsina Lietuvą kaip lazerių šalį ir kuria šios srities ateitį. Dirbdamas (-a) kartu su šiais ekspertais gilinsi savo žinias, spręsi sudėtingus technologinius iššūkius ir prisidėsi prie inovacijų, kurios sulaukia pasaulinio pripažinimo.
Turėsi erdvės augti.
Karjera pas mus nesustoja ties viena kryptimi – gali judėti į skirtingas sritis pagal savo siekius ir kompetencijas. Tobulėsi dalyvaudamas (-a) mokymuose, konferencijose ir dirbdamas (-a) kartu su savo srities profesionalais.
Tapsi bendruomenės dalimi.
Dirbsi bendruomenėje, kurioje vertinamas smalsumas, kūrybiškumas ir bendradarbiavimas. Bendrumo jausmą stipriname vasaros, žiemos šeimos šventėse ir pasiekimų šventėse.
Suteikiame lankstų darbo modelį.
Gali lanksčiai derinti darbo pradžią ir pabaigą, dirbti nuotoliu iki 2 dienų per savaitę ar išvykti į darbostogas – dirbti iš ES šalių iki 14 dienų per metus.
Apmokame mokymosi atostogas.
Suteikiame galimybę pasinaudoti iki 20 - ies darbo dienų apmokamomis mokslo atostogomis per kalendorinius metus.
Rūpinamės tavo sveikata ir gerove.
Suteikiame išsamų sveikatos draudimą su laisvu limitu iki 460 Eur, investicinį gyvybės draudimą ir draudimą nuo nelaimingų atsitikimų. Turime savo sporto salę, dalyvaujame sporto renginiuose ir remiame įvairias sveikatingumo iniciatyvas.
Tavo indelis vertinamas.
Įvertinus įmonės finansinius rezultatus, darbuotojams kartą per metus gali būti skiriama papildoma išmoka iš pelno dalybų.
Gausi konkurencingą atlygį.
Siūlomas atlygis – nuo 2100 iki 2400 Eur bruto, priklausomai nuo tavo patirties ir kompetencijų. Po bandomojo laikotarpio papildomai skiriama kintamoji atlygio dalis, susieta su tavo ir komandos rezultatais, kuri gali siekti iki 10 % nuo ketvirčio atlygio.
Jei esi pasirengęs (-usi) prisidėti prie naujos lazerių technologijų kartos kūrimo ir dirbti su pažangiausiais mokslininkais bei inovatoriais, „Light Conversion“ laukia tavęs!
Atlyginimas
2100-2400
                                €/mėn.
                                neatskaičius mokesčių",https://www.cvbankas.lt/marketingo-projektu-koordinatorius-e-vilniuje/1-13769301,2026-04-09,2026-05-09,Marketing / Reklama,,ACTIVE
Senior Category development specialist,UAB „Mondelez Lietuva Production“,Kaunas,3100,3600,"Great categories don’t grow by accident — they are built with insight, strategy, and bold decisions. We’re looking for a senior Category Development Specialist who will elevate chocolate category development & will be working with Milka Prince Polo, Karuna and Migle brands.
Main responsibilities:
Drive chocolate category growth by developing and executing strategies in-store for chocolate brands.
Analyze category performance, market trends, and shopper insights to build business recommendations.
Develop assortment, pricing, and promotions recommendations.
Collaborate with sales, marketing, finance Teams to build client plans.
Ensure efficient budget execution & suggest growth opportunities based on ROI principal.
We expect that You:
Have 2+ years of experience in Sales, Marketing, Trade Marketing. Working with FMCG brands would be an advantage.
Have strong analytical skills and ability to prepare business recommendations based on data.
Are driven towards results and decision making.
Have experience in efficient budget execution.
Are fluent in English.
We offer:
Trainings.
Flexible working hours (hybrid work model).
Health insurance.
Free gym on-site.
All the chocolate you can eat.
Work life balance
Flexible work hours
Hybrid work model 2/3
Health
Health insurance
Gym on-site
Office
Table football
Free snacks
Bicycle storage
Transport
Free parking
Salary
3100-3600
                                €/mon.
                                gross
Plus yearly bonus",https://www.cvbankas.lt/senior-category-development-specialist-kaune/1-13713089,2026-04-09,2026-05-09,Marketing / Reklama,,ACTIVE
Vyr. kategorijų vystymo specialistas (-ė) Baltijos šalims,UAB „Mondelez Lietuva Production“,Kaunas,3100,3600,"Kategorijos neauga atsitiktinai – jos kuriamos pasitelkiant įžvalgas, strategiją ir drąsius sprendimus. Ieškome vyresniojo kategorijų vystymo specialisto, kuris gilinsis į šokolado kategoriją ir dirbs su tokiais prekių ženklais kaip Milka, Prince Polo, Karūna ir Miglė.
Jūsų atsakomybės:
Skatinti šokolado kategorijos augimą parduotuvėse, kurti ir įgyvendinti pardavimo strategijas šokolado prekių ženklams.
Rengti rekomendacijas remiantis rezultatais, rinkos tendencijomis, pirkėjų įžvalgomis.
Rengti asortimento, kainodaros ir akcijų rekomendacijas.
Bendradarbiauti su pardavimų, rinkodaros ir finansų komandomis kuriant klientų ir aktyvacijų planus.
Užtikrinti efektyvų biudžeto vykdymą remiantis investicijų grąžos principu (ROI).
Tikimės, kad:
Turite daugiau nei 2 metų patirtį pardavimų, rinkodaros ar prekybos rinkodaros srityse. Darbas su greito vartojimo prekių ženklais būtų privalumas.
Turite stiprius analitinius įgūdžius ir gebate rengti verslo rekomendacijas, pagrįstas duomenimis.
Esate orientuotas (-a) į rezultatus ir sprendimų priėmimą.
Turite patirties dirbant su dideliais biudžetais.
Laisvai kalbate angliškai.
Mes siūlome:
Reikalingi mokymai.
Lankstus darbo grafikas (hibridinis darbo modelis).
Papildomas sveikatos draudimas.
Nemokama sporto salytė darbo vietoje.
Nemokami saldūs užkandžiai.
CV prašome siųsti anglų k.
Darbo ir laisvalaikio balansas
Lankstus darbo grafikas
Hybrid work model 2/3
Sveikatingumas
Sveikatos draudimas
Sporto salė
Biuras
Stalo futbolas
Nemokami užkandžiai
Dviračių saugykla
Transportas
Nemokamas automobilio parkingas
Atlyginimas
3100-3600
                                €/mėn.
                                neatskaičius mokesčių
Metinis priedas už pasiektus darbo rezultatus.",https://www.cvbankas.lt/vyr-kategoriju-vystymo-specialistas-e-baltijos-salims-kaune/1-13713201,2026-04-09,2026-05-09,Marketing / Reklama,,ACTIVE
Email Marketing praktikantas (-ė),UAB „Kavos draugas“,Kaunas,,,"☕ KAS MES?
Esame jauni, ambicingi ir entuziastingi. Augame sparčiai, bet turime tvirtą tarptautinio verslo modelį, kurį vystome jau daugiau kaip 15 metų. Vertiname kiekvieną darbuotoją ir suteikiame jam įvairias galimybes augti ir tobulėti. Paprastumas, Draugiškumas, Profesionalumas ir Aistra kavai yra vertybės, kurios mums yra svarbiausios. Esame tikri kavos mylėtojai - kava mums yra pasimėgavimo akimirka, vartojimo kultūra, nesibaigiantys skonio potyriai ir nauji atradimai!
Junkis į kavos mylėtojų klubą ir TU!
Kiek kartų pats (-i) atsidarei naujienlaiškį, nes jis tikrai sudomino? 👀
Mes tokius ir kuriame. O dabar ieškome žmogaus, kuris nori išmokti, kaip tai daroma – nuo idėjos iki „send“ mygtuko.
🎯 Ką veiksi?
Kursi naujienlaiškių kampanijas (vizualų parengimas)
Sudėsi ir adaptuosi naujienlaiškius Omnisend platformoje
Kursi naujienlaiškių tekstus
Prižiūrėsi einamuosius darbus
Analizuosi naujienlaiškių kampanijų rezultatus
Siųsi ir analizuosi push notification kampanijas
🧩 Ko ieškom mes?
👉 Patirtis – nebūtina. Motyvacija ir degančios akys – svarbiausia 🚀
Ši rolė tau, jei:
Mėgsti rašyti ir nori tobulėti
Domiesi produktais (tech, kava ar pan.)
Nori suprasti, kaip veikia Email marketingas
Gebi greitai reaguoti ir prisitaikyti prie situacijų
Esi atsakingas ir kruopštus
Nebijai mokytis ir klysti
Turi gerus anglų kalbos įgūdžius
Didelis pliusas (bet nebūtina):
Turi bent minimalius „Adobe Photoshop“ įgūdžius
Domiesi kava ☕
🎁 Ką gausi Tu?
Laisvę eksperimentuoti ir priimti drąsius kūrybinius sprendimus
Realias Email marketingo žinias
Praktiką su realiu poveikiu
Mentorystę bei vertingą grįžtamąjį ryšį iš patyrusių kolegų
Lankstų grafiką, kurį lengvai suderinsi su studijomis
Realią galimybę prisijungti prie komandos ilgam laikui po sėkmingos praktikos
Praktika yra neapmokama, bet įgytos žinios – neįkainojamos, tad pradėk savo karjeros kelią pas mus!
Įmonė siūlo
Darbo ir laisvalaikio balansas
Lankstus darbo grafikas
Biuras
Stalo futbolas
Žaidimų konsolės
Dviračių saugykla
Dušas
Transportas
Nemokamas automobilio parkingas",https://www.cvbankas.lt/email-marketing-praktikantas-e-kaune/1-13768453,2026-04-09,2026-05-09,Marketing / Reklama,FULL_TIME,ACTIVE
Rinkodaros specialistas,UAB „Nostrada“,Šiauliai,2300,3400,"Darbo pobūdis
Ieškome plataus profilio rinkodaros specialisto (-ės), kuris (-i) prisijungtų prie naujai formuojamos išorinės komunikacijos komandos ir prisidėtų prie „Nostrada“ įmonių grupės matomumo, augimo bei darbdavio prekės ženklo patrauklumo.
Šioje pozicijoje būsite atsakingas (-a) už socialinių tinklų administravimą, skaitmeninių reklamų (Meta, Google) planavimą ir įgyvendinimą, vizualinio turinio kūrimą bei bendrą komunikacijos koordinavimą. Tikimės, kad gebėsite savarankiškai vykdyti pagrindines rinkodaros veiklas, o esant poreikiui - efektyviai organizuoti ir koordinuoti išorinių partnerių (agentūrų ar laisvai samdomų specialistų) darbą.
Ieškome žmogaus, kuris geba matyti bendrą vaizdą, bet tuo pačiu nebijo „pasiraitoti rankovių“ ir įgyvendinti sprendimus praktiškai.
Kalbų reikalavimai: lietuvių ir anglų kalbos mokėjimas bent B2 lygiu, rusų kalbos pagrindai (bent A2 lygis).
Mes tikimės, kad Jūs
3+ Metai patirties skaitmeninės rinkodaros srityje
Gebėjimas savarankiškai planuoti ir vykdyti rinkodaros veiklas nuo idėjos iki įgyvendinimo
Praktinė patirtis su Meta (Facebook/Instagram) ir / arba Google Ads reklamos platformomis
Supratimas apie turinio kūrimą: tekstai, vizualai, baziniai dizaino principai
Gebėjimas dirbti su dizaino įrankiais (pvz., Canva, Figma, Adobe ar pan.)
Analitinis mąstymas - gebėjimas vertinti kampanijų rezultatus ir priimti sprendimus remiantis duomenimis
Gebėjimas koordinuoti išorinius partnerius (agentūras, freelancerius), kai reikia papildomų kompetencijų
Stiprios lietuvių ir anglų kalbos žinios (~B2 lygis), rusų kalbos pagrindai (~A2)
Atsakingumas, iniciatyvumas ir „ownership“ jausmas už savo sritį.
Privalumai:
Darbo patirtis B2B (Verslas – Verslui) sektoriuje
Žinios / patirtis darbdavio prekės ženklo (employer branding) srityje
Stiprios rusų kalbos žinios (B1+)
Ką mes tau siūlome:
Hibridinis darbo modelis (bent 4 dienos ofise/sav., su išimtimis)
Ofisai Vilniuje, Kaune, Klaipėdoje, Šiauliuose, Palangoje.
Prioritetas darbui iš Vilniaus arba Šiaulių ofiso, kitu atveju - reikalui esant, apsilankyti Šiaulių/Vilniaus ofise.
Atlyginimas
2300-3400
                                €/mėn.
                                neatskaičius mokesčių",https://www.cvbankas.lt/rinkodaros-specialistas-siauliuose/1-13768411,2026-04-09,2026-05-09,Marketing / Reklama,,ACTIVE
Reklamos specialistas (-ė) (pilnam ar pusei etato),UAB „Caption“,Vilnius,1200,1200,"Darbo pobūdis
Caption, kūrybinė soc. tinklų agentūra, ieško Ads Specialist (pilnam ar mažesniam etatui). Būtum žmogus, kuris planuos ir optimizuos Meta, TikTok, LinkedIn bei Google Ads kampanijas.
Į komandą ieškom kolegos, kuris domėtųsi digital marketingu ir norėtų augti. Jeigu turi patirties leidžiant meta, google ads, arba esi junior specialistas, bet turi stiprų norą mokytis - taip pat laukiam tavo kandidatūros.
Vieną dieną optimizuosi konversijas, kitą – pasakosi klientui ir kartu diegsite pixelį. Nereikės daryti visų darbų vienu metu, bet balansuoti tarp klientų ir jų skirtingų funnelių reikės.
Turim ir kitų exciting side quests, kaip AI sistemų orchestravimas, naujienlaiškiai, ataskaitų automatizacijos, tai tikimės, kad šie raktažodžiai tau irgi iššaukia mintį „o, jėga, noriu prisidėti”.
Tavo pagrindinės atsakomybės bus
👉 Planuoti, valdyti ir optimizuoti Meta, TikTok, LinkedIn ir Google Ads kampanijas visuose funnelio etapuose: awareness, consideration, conversion.
👉 Stebėti, analizuoti ir kvestionuoti reklamos rezultatus.
👉 Kurti aiškias ir veiksmui kviečiančias ataskaitas, taip pat dalintis įžvalgomis ir rekomendacijomis.
👉 Briefinti kūrybą, kad reklamos būtų ne tik gražios, bet ir efektyvios.
👉 Teikti idėjas kaip patobulinti kampanijas, pasiūlyti naujų formatų ar išbandyti platformas, kurios klientui gali auginti rezultatus.
Ko iš tavęs tikimės
✅ 1 metų praktinės patirties su Meta Ads (ir Google Ads, TikTok, LinkedIn praverstų). Būtum leidęs performance reklamas, ne tik paspaudęs „post boost”.
✅Gebėjimo greitai ir savarankiškai mokytis, su pavyzdžiais, kaip tai darei anksčiau (tikrai klausim, mums tai svarbu).
✅ Žinių apie pilną funnelio struktūrą ir supratimo, kaip reklamas adaptuoti kiekvienai stadijai.
✅ Analitinės galvos ir dėmesio detalėms.
✅ Matai plačiai – gebi analizuoti, kodėl smulki problema gali būti didesnės išdavikė, ar kaip mažu sprendimu taisyti platesnę situaciją.
✅ Noro dalintis informacija ir įžvalgomis: tiek edukuojant klientus, tiek paaiškinant rezultatus plačiau projektų vadovams.
✅ Jauti atsakomybę rezultatui;
✅ Nestokoji sąmoningumo, empatijos ir meilės žmonėms. Tikimės, kad klientų sėkmė tau rūpės taip pat, kaip ir tavo kolegų gerovė;
✅ Ši patirtis praverstų: darbas su TikTok, Linkedin, Pinterest, Reddit ads.
Ką siūlom:
⭐ Pilną etatą arba 0.5, 0.75 - pasikalbėkim, kaip tau patogiausia (bent dvi darbo dienos iš ofiso);
⭐ nuo 1200 € atlyginimą „į rankas”;
⭐ Ofisą Vilniaus centre, į kurį gali atsivesti gyvūnų (net pageidautina);
⭐ Darbo įrangą (t.y. kompas, lol);
⭐ Sveikatos paslaugų (sporto klubai, treniruotės, masažai, psichologai, gydytojai) kompensavimą;
⭐ Papildomus laisvadienius už išdirbtą laiką bei trumpesnius penktadienius, visuomet;
⭐ Įmonės keliones, workation’us, užkandžius ofise ir panašias gėrybes;
⭐ Struktūrizuotą darbo aplinką, palaikančius kolegas ir vadovus, darbo laiką be viršvalandžių ir galimybę ramiai atostogauti be kompiuterio rankose.
Caption vertybės:
🚀 Empatija. Klausome ir bandome suprasti. Rūpinamės savo, savo kolegų, ir savo klientų gerove. Būtent tokia seka;
🚀 Ambicija. Grįžtamojo ryšio kultūra padeda mums siekti geresnių rezultatų ir tobulėti;
🚀 Pagarba. Bendraujam, dirbam, komunikuojam su pagarba sau, kolegoms, klientams, ir klientų klientams.
Mūsų vaibą dar neužėjusi (-ęs) į ofisą gali pajausti iš mūsų TikTok ir Instagram paskyrų.
Atlyginimas
Nuo 1200
                                €/mėn.
                                į rankas",https://www.cvbankas.lt/reklamos-specialistas-e-pilnam-ar-pusei-etato-vilniuje/1-13766159,2026-04-09,2026-05-09,Marketing / Reklama,,ACTIVE
German-speaking Customer Support specialist,SIA Concentrix Latvia,Darbas namuose,2050,2200,"About Concentrix
📫Experience the power of a game-changing career
Are you looking for what’s next? We’re a global technology and services leader that powers the brands of the future. We help well-known brands — the ones you use every day — improve their businesses with technology and integrated solutions, in over 70 countries. And we’re proud to be recognized with awards such as ""World's Best Workplaces,"" “Best Companies for Career Growth,” and “Best Company Culture,” year after year.
You will be responsible for
Bringing great customer service to the customers via phone and e-mail
Providing accurate information about new bookings, rebooking's and cancellation options
Finding solutions for each individual customer to ensure their journey runs smoothly
Our requirements:
To do great in this role, you must be fluent in German and have a good command of English. As for everything else - we will teach you!
To make the most of your time here, we'll offer you this
A salary from 2050,- to 2200,- Euros/Gross
Bonus up to 100,- Euros/Gross
Flexible work schedule
A job you can do from the comfort of your own home
Supportive and fun coworkers
Additional Information:
Start date:
Working hours: Work in 8,5 h shifts, Monday to Sunday, from 9 AM till 8 PM
Location: Work from home (in Lithuania)
Our recruitment process consists of a short phone interview, an online test, finally an interview and a background check. If we turn out to be a match, we'll be happy to make an offer!
Please note that recruitment is handled by a Recruiters based in Sweden and Estonia.
Company offers
Work life balance
Remote work possibility
Salary
2050-2200
                                €/mon.
                                gross",https://www.cvbankas.lt/german-speaking-customer-support-specialist-darbas-namuose/1-13790669,2026-04-17,2026-05-17,Paslaugos,,ACTIVE
Polish-speaking Customer Support specialist,SIA Concentrix Latvia,Darbas namuose,1800,1950,"About Concentrix
📫Experience the power of a game-changing career
Are you looking for what’s next? We’re a global technology and services leader that powers the brands of the future. We help well-known brands — the ones you use every day — improve their businesses with technology and integrated solutions, in over 70 countries. And we’re proud to be recognized with awards such as ""World's Best Workplaces,"" “Best Companies for Career Growth,” and “Best Company Culture,” year after year.
You will be responsible for
Bringing great customer service to the customers via phone and e-mail
Providing accurate information about new bookings, rebooking's and cancellation options
Finding solutions for each individual customer to ensure their journey runs smoothly
Our requirements:
To do great in this role, you must be fluent in Polish and have a good command of English. As for everything else - we will teach you!
To make the most of your time here, we'll offer you this
A salary from 1800,- to 1950,- Euros/Gross
Bonus up to 100,- Euros/Gross
Flexible work schedule
A job you can do from the comfort of your own home
Supportive and fun coworkers
Additional Information:
Start date:
Working hours: Work in 8,5 h shifts, Monday to Sunday, from 9 AM till 8 PM
Location: Work from home (in Lithuania)
Our recruitment process consists of a short phone interview, an online test, finally an interview and a background check. If we turn out to be a match, we'll be happy to make an offer!
Please note that recruitment is handled by a Recruiters based in Sweden and Estonia.
Company offers
Work life balance
Remote work possibility
Salary
1800-1950
                                €/mon.
                                gross
Bonus up to 250,- Euros/Gross",https://www.cvbankas.lt/polish-speaking-customer-support-specialist-darbas-namuose/1-13790599,2026-04-17,2026-05-17,Paslaugos,,ACTIVE
TIESIOGINIŲ ŽAIDIMŲ VEDĖJAS (-A) (APMOKOME),UAB „TV ŽAIDIMAI“,Vilnius,800,2000,"🎉 Tapk BetGames Žaidimų Vedėju Vilniuje! 🎮 Tu esi tai, ko mes ieškome! 🚀
Ieškome charizmatiškų, entuziastingų ir energingų vedėjų. Nerimauji, kad neturi patirties prieš kamerą? Palik tai mums, mes pasirūpinsime tavo mokymu nuo pradžios iki pabaigos!🤗
Ko mes ieškome?✨
Nereikia jokios patirties! 🕺 Tik reikia atsinešti savo charizmą ir norą šypsotis prieš kamerą!
Gebėjimo susikalbėti anglų kalba.
Greitas mąstymas ir humoro jausmas – mes mėgstame gerą juoką! 😄
Energingas, pozityvus ir tikras social media „stara's“? Tobula!
Kodėl Tau Tai Patiks?🎉
💰 Atlyginimas: 800–2000 €/mėn. Taip, mes vertiname tavo laiką ir pastangas!
Nemokami mokymai – mes padėsime tau tapti žaidimų vedėju PRO!
Lankstus grafikas – puikiai derinamas su studijomis, kad galėtum ir mokytis, ir užsidirbti.
Apmokamos pertraukos, skani kava ir užkandžiai!
Premijų sistema, kuri tave motyvuos dar labiau.
Nemokamas parkingas ir įmonės transportas – pasieksi mus be jokio streso.
Superinė atmosfera, puikios darbo ir poilsio erdvės – mes žinome, kaip suderinti darbą ir pramogas!
Staigmenos per tavo gimtadienį ir kitas šventes. 🎂
__________________________________________________________________
Esi pasiruošęs tapti žaidimų vedėju? Jei TAIP – mes laukiame Tavęs! 🎬 Tik nepamiršk – gyvenimas per trumpas, kad nedirbtum to, kas tau patinka!
Dalyvaudami konkurse suprantate ir sutinkate, kad UAB ""TV Žaidimai"" saugos ir tvarkys Jūsų pateiktus asmens duomenis teisės aktų nustatyta tvarka.
Įmonė siūlo
Darbo ir laisvalaikio balansas
Lankstus darbo grafikas
Biuras
Stalo futbolas
Nemokami užkandžiai
Dviračių saugykla
Dušas
Mini biblioteka
Transportas
Nemokamas automobilio parkingas
Įmonės transportas nakties metu saugiam atvykimui į/iš darbo
Atlyginimas
800-2000
                                €/mėn.
                                į rankas
Atlygis priklauso nuo žaidimų vedėjo turimų valandų skaičiaus, taip pat nuo asmeninės iniciatyvos ir turimų įgūdžių – taikoma motyvuojanti bonusų sistema.",https://www.cvbankas.lt/tiesioginiu-zaidimu-vedejas-a-apmokome-vilniuje/1-9590223,2026-04-17,2026-05-17,Paslaugos,,ACTIVE
KELEIVIUS APTARNAUJANTIS DARBUOTOJAS (-A),AB DFDS Seaways,Klaipėda,2154,2154,"Darbo pobūdis
Darbas AB DFDS Seaways keltuose, plaukiojančiuose tarptautiniais maršrutais.
Pirmenybę teiksime:
Turintiems darbinės patirties (privalumas – darbo patirtis laivuose);
Turintiems barmeno (-ės) ar padavėjo (-os) darbo patirties;
Turintiems anglų kalbos pradmenis;
Iniciatyviems, sąžiningiems ir nebijantiems prisiimti atsakomybę;
Turintiems galiojančius jūrinius dokumentus.
Įmonė siūlo
Įdomų ir atsakingą darbą profesionalioje komandoje;
Asmeninio bei profesinio tobulėjimo galimybes;
Karjeros galimybes;
Patrauklų darbo grafiką;
Socialines garantijas;
Nemokamą apgyvendinimą ir pilną maitinimą darbo jūroje metu;
Konkurencingą atlyginimą (apie 2154 eurus ""į rankas"" už dirbtas 4 savaites kelte).
Atlyginimas
2154
                                €/mėn.
                                į rankas
Už dirbtas 4 savaites kelte.",https://www.cvbankas.lt/keleivius-aptarnaujantis-darbuotojas-a-klaipedoje/1-8886522,2026-04-15,2026-05-15,Paslaugos,,ACTIVE
"Tunelinės plovyklos operatorius (-ė) 0,5 etato Raudondvario pl.",UAB „PRO BRO Group“,Kaunas,760,988,"Kaip atrodytų tavo diena:
✨ Prisijungsi prie įmonės mėlyno dress code;
✨ Peržiūrėsi orų prognozę ir pagal ją numatysi klientų srautą;
✨ Įsitikinsi, kad plovykla veikia ir nespausi didelio raudono mygtuko;
✨ Pasitiksi ir išlydėsi klientą, kaip geriausią draugą;
✨ Sutvarkysi plovyklą lyg mama lieptų tvarkytis kambarį.
Darbo grafikas - galimybė rinktis:
✨ Savaitgalinis grafikas (šeštadienis ir sekmadienis);
✨ Darbo dienomis vakarais;
Vieta:
✨ Raudondvario pl. 159A, Kaunas
Tam, kad Tau sektųsi, prireiks:
✨ Perimti patyrusių operatorių išmintį planuojant darbus ir greitai reaguojant;
✨ Įkyraus smalsumo sužinoti, kaip veikia įranga;
✨ Tolerancijos kiekvienam purvinam automobiliui ir pasididžiavimo išlydint blizgantį;
✨ Gerų laviravimo įgūdžių konfliktinėse situacijose;
✨ Azarto pasiekti geriausių valandos, dienos ar mėnesio rezultatų.
Motyvacijos visada bus, nes:
✨ Tavo automobilis visada blizgės nemokamai;
✨ Darbe visada laukskava, arbata, o kelis kartus į mėnesį palepinsime tave sveikais užkandžiais;
✨ Pasirūpinsime, kad tavo ypatingos dienos būtų dar ypatingesnės;
✨ Stiprinsime draugišką atmosferą su įdomiais komandos renginiais;
✨ Teiksime finansinę pagalbą, kai jos labiausiai reikės;
✨ Rūpinsimės tavo sveikata, suteikdami papildomą sveikatos draudimą po 6 mėnesių;
✨ Prisijunk prie mūsų ir stebėk, kaip tavo karjera auga! Net 43% mūsų plovyklų vadovų užaugo įmonės viduje. 🚀
Atlyginimas
760-988
                                €/mėn.
                                neatskaičius mokesčių",https://www.cvbankas.lt/tunelines-plovyklos-operatorius-e-0-5-etato-raudondvario-pl-kaune/1-13777699,2026-04-13,2026-05-13,Paslaugos,,ACTIVE
Tunelinės plovyklos operatorius (-ė) pilnas etatas Raudondvario pl.,UAB „PRO BRO Group“,Kaunas,1520,1976,"Kaip atrodytų tavo diena:
✨ Prisijungsi prie įmonės mėlyno dress code;
✨ Peržiūrėsi orų prognozę ir pagal ją numatysi klientų srautą;
✨ Įsitikinsi, kad plovykla veikia ir nespausi didelio raudono mygtuko;
✨ Pasitiksi ir išlydėsi klientą, kaip geriausią draugą;
✨ Sutvarkysi plovyklą lyg mama lieptų tvarkytis kambarį.
Darbo grafikas:
✨ Pilnu etatu, slenkantis: 3 darbo dienos, 3 laisvos dienos;
Vieta:
✨ Raudondvario pl. 159A, Kaunas
Tam, kad Tau sektųsi, prireiks:
✨ Perimti patyrusių operatorių išmintį planuojant darbus ir greitai reaguojant;
✨ Įkyraus smalsumo sužinoti, kaip veikia įranga;
✨ Tolerancijos kiekvienam purvinam automobiliui ir pasididžiavimo išlydint blizgantį;
✨ Gerų laviravimo įgūdžių konfliktinėse situacijose;
✨ Azarto pasiekti geriausių valandos, dienos ar mėnesio rezultatų.
Motyvacijos visada bus, nes:
✨ Tavo automobilis visada blizgės nemokamai;
✨ Darbe visada laukskava, arbata, o kelis kartus į mėnesį palepinsime tave sveikais užkandžiais;
✨ Pasirūpinsime, kad tavo ypatingos dienos būtų dar ypatingesnės;
✨ Stiprinsime draugišką atmosferą su įdomiais komandos renginiais;
✨ Teiksime finansinę pagalbą, kai jos labiausiai reikės;
✨ Rūpinsimės tavo sveikata, suteikdami papildomą sveikatos draudimą po 6 mėnesių;
✨ Prisijunk prie mūsų ir stebėk, kaip tavo karjera auga! Net 43% mūsų plovyklų vadovų užaugo įmonės viduje. 🚀
Atlyginimas
1520-1976
                                €/mėn.
                                neatskaičius mokesčių",https://www.cvbankas.lt/tunelines-plovyklos-operatorius-e-pilnas-etatas-raudondvario-pl-kaune/1-13777679,2026-04-13,2026-05-13,Paslaugos,,ACTIVE
Automobilių vidaus švaros specialistas (-ė) Raudondvario pl. pusė etato,UAB „PRO BRO Group“,Kaunas,625,750,"Kviečiame prisijungti į GREITI IR IŠSIURBĘ 🤜 komandą Express automobilių salono valymo centre! Ieškome superherojų, kurie kartu su komanda pasirūpins, kad per 8 minutes klientų automobiliai nuo konvejerio nuriedėtų švarūs ne tik iš išorės, bet ir iš vidaus⚡
TAVĘS LAUKIA:
✨ Automobilių sausas salonų valymas;
✨ Švaros ir tvarkos plovykloje palaikymas.
IŠ TAVĘS TIKIMĖS:
✨ Atsakingumo, savarankiškumo, kruopštaus požiūrio į atliekamą darbą;
✨ Pozityvus požiūris į švarią darbo aplinką;
✨ Fizinio pajėgumo.
MOTYVACIJOS VISADA BUS,NES:
✨ Stabilus atlygio augimas išdirbus 6 mėn. ir 12 mėn.
✨ Tavo automobilis visada blizgės nemokamai;
✨ Darbe visada lauks kava, arbata, o kelis kartus į mėnesį palepinsime tave sveikais užkandžiais;
✨ Stiprinsime draugišką atmosferą su įdomiais komandos renginiais;
✨ Teiksime finansinę pagalbą, kai jos labiausiai reikės;
✨ Rūpinsimės tavo sveikata, suteikdami papildomą sveikatos draudimą po 6 mėnesių;
✨ Prisijunk prie mūsų ir stebėk, kaip tavo karjera auga! Net 43% mūsų plovyklų vadovų užaugo įmonės viduje. 🚀.
VIETA:
✨ Raudondvario pl. 159A, Kaunas
DARBO GRAFIKAS:
✨ 0,5 etato.
Siūlome:
Sveikatingumas
Sveikatos draudimas
Biuras
Nemokami užkandžiai
Kiti privalumai
Nuolaidos įmonės produkcijai/paslaugoms
Atlyginimas
625-750
                                €/mėn.
                                neatskaičius mokesčių
Plius priedai už pasiektus rezultatus",https://www.cvbankas.lt/automobiliu-vidaus-svaros-specialistas-e-raudondvario-pl-puse-etato-kaune/1-13777637,2026-04-13,2026-05-13,Paslaugos,,ACTIVE
Automobilių vidaus švaros specialistas (-ė) Raudondvario pl. pilnu etatu,UAB „PRO BRO Group“,Kaunas,1250,1500,"Kviečiame prisijungti į GREITI IR IŠSIURBĘ 🤜 komandą Express automobilių salono valymo centre! Ieškome superherojų, kurie kartu su komanda pasirūpins, kad per 8 minutes klientų automobiliai nuo konvejerio nuriedėtų švarūs ne tik iš išorės, bet ir iš vidaus⚡
TAVĘS LAUKIA:
✨ Automobilių sausas salonų valymas;
✨ Švaros ir tvarkos plovykloje palaikymas.
IŠ TAVĘS TIKIMĖS:
✨ Atsakingumo, savarankiškumo, kruopštaus požiūrio į atliekamą darbą;
✨ Pozityvus požiūris į švarią darbo aplinką;
✨ Fizinio pajėgumo.
MOTYVACIJOS VISADA BUS,NES:
✨ Stabilus atlygio augimas išdirbus 6 mėn. ir 12 mėn.
✨ Tavo automobilis visada blizgės nemokamai;
✨ Darbe visada lauks kava, arbata, o kelis kartus į mėnesį palepinsime tave sveikais užkandžiais;
✨ Stiprinsime draugišką atmosferą su įdomiais komandos renginiais;
✨ Teiksime finansinę pagalbą, kai jos labiausiai reikės;
✨ Rūpinsimės tavo sveikata, suteikdami papildomą sveikatos draudimą po 6 mėnesių;
✨ Prisijunk prie mūsų ir stebėk, kaip tavo karjera auga! Net 43% mūsų plovyklų vadovų užaugo įmonės viduje. 🚀.
VIETA:
✨ Raudondvario pl. 159A, Kaunas
DARBO GRAFIKAS:
✨ Darbas pilnu etatu.
Siūlome:
Sveikatingumas
Sveikatos draudimas
Biuras
Nemokami užkandžiai
Kiti privalumai
Nuolaidos įmonės produkcijai/paslaugoms
Atlyginimas
1250-1500
                                €/mėn.
                                neatskaičius mokesčių
Plius priedai už pasiektus rezultatus",https://www.cvbankas.lt/automobiliu-vidaus-svaros-specialistas-e-raudondvario-pl-pilnu-etatu-kaune/1-13777635,2026-04-13,2026-05-13,Paslaugos,,ACTIVE
Klientų aptarnavimo vadybininkė (-as),UAB „Kauno interneto sistemos“,Kaunas,1400,2500,"Darbo pobūdis
Visapusiškas klientų aptarnavimas, konsultavimas ir paslaugų pristatymas salone ir telefonu;
Paslaugų pardavimas, įmonės atstovavimas, konkurencinės aplinkos išmanymas;
Sudėtingų situacijų ir problemų su klientais valdymas ir geriausias sprendimo pateikimas;
Įžvalgų ir pastebėjimų teikimas, analizuojant sutarčių nutraukimus;
Derybos su klientais.
Mes tikimės, kad tu:
Turi klientų aptarnavimo ir pardavimų patirties;
Moki dirbti su klientų išlaikymu;
Esi pozityvus ir kūrybiškas sprendžiant įvairias situacijas su klientais;
Puikiai kalbi ir rašai lietuvių kalba;
Rusų ir/arba anglų kalbų mokėjimas (privalumas)
Įmonė siūlo
Patogus darbo grafikas darbo dienomis nuo 8 val. iki 17 val.;
Visas tobulėjimo galimybes: kompetencijų ugdymo mokymus ir asmenines konsultacijas;
Sezonines įmonės šventes;
Draugišką, bei profesionalią komandą;
Motyvuojantį darbo užmokestį (priedus);
Visas socialines garantijas.
Atlyginimas
1400-2500
                                €/mėn.
                                neatskaičius mokesčių",https://www.cvbankas.lt/klientu-aptarnavimo-vadybininke-as-kaune/1-13776869,2026-04-13,2026-05-13,Paslaugos,,ACTIVE
Konsultantas (-ė) padalinyje Vilniuje,Swedbank,Vilnius,1700,2500,"Šiuo metu ieškome naujo komandos nario klientų aptarnavimo centre Vilniuje! Ar tau patinka būti matomam, padėti kitiems ir siekti tobulėjimo? Tuomet šis pasiūlymas kaip tik Tau!
Su mumis turėsi galimybę:
Atstovauti Swedbank organizaciją
kasdien bendraujant su mūsų klientais, konsultuojant juos;
Konsultuoti klientus
draudimo, taupymo ir finansavimo paslaugų klausimais, padėsi rasti tinkamiausius finansinius sprendimus;
Tobulėti
bankinių produktų aktyvių pardavimų srityje bei įgausi vertingos aukšto lygio klientų aptarnavimo patirties;
Prisijungti
prie profesionalios komandos ir dirbsi darbuotojus išklausančioje ir vertinančioje tarptautinėje kompanijoje.
Tikimės, kad tu turi:
Aukštąjį/aukštesnįjį išsilavinimą
(privalumas - finansų srityje);
Patirties
klientų aptarnavimo
srityje;
Patirties
pardavimų
srityje (privalumas);
Geras
lietuvių
(privaloma) ir
anglų kalbos
žinias (privalumas);
Vairuotojo pažymėjimą (privalumas).
Prisijunk prie mūsų ir patirk:
Asmeninį ir profesinį augimą. Skatiname tavo asmeninę lyderystę ir nuolatinį tobulėjimą, kad galėtum augti kartu su mumis.
Prasmingą darbą, kuris teigiamai veikia mūsų darbo vietą, klientus ir visuomenę.
Atvirą ir bendradarbiaujančią kultūrą. Mūsų komandos dirba kartu, skatina naujas pažintis ir bendradarbiavimą tarp įvairių sričių.
Palaikančią ir įtraukią aplinką. Rūpinamės tavo darbo ir asmeninio gyvenimo balansu, suteikiant lanksčias darbo sąlygas, kai tai yra suderinama su pareigomis.
Įvairias papildomas naudas: nuo akcijų pagrindu veikiančios atlygio programos iki pensijos programos darbuotojams, specialių pasiūlymų banko produktams, sveikatos draudimo ir kitų naudų
www.swedbank.com/work-with-us/compensation-and-benefits/lt.html
.
Prisijunk prie mūsų komandos ir ...
tapki dalimi tarptautinės profesionalios komandos, įgyvendinančios iššūkių reikalaujančius projektus, didinančios klientų vertę ir Swedbank konkurencinį pranašumą.“
Swedbank komanda.
Laukiame tavo gyvenimo aprašymo iki 2026-04-24
Darbo užmokesčio dydžio intervalas šiai pozicijai Lietuvoje yra 1700 - 2500 EUR neatskaičius mokesčių.Daugiau skaityk čia!
jobs.swedbank.com/pages/employment-in-the-baltics
*Šioje pozicijoje nesuteikiame galimybės dirbti nuotoliniu būdu iš užsienio valstybių
.
„Swedbank"" nediskriminuoja dėl lyties, amžiaus, seksualinės orientacijos ar seksualinės tapatybės, etninės tapatybės, religijos ar negalios - laukiami ir vertinami visi.
* * *
#LI-AT2 #LI-ONSITE
Atlyginimas
1700-2500
                                €/mėn.
                                neatskaičius mokesčių",https://www.cvbankas.lt/konsultantas-e-padalinyje-vilniuje-vilniuje/1-13770983,2026-04-10,2026-04-25,Paslaugos,,ACTIVE
"IEŠKOME KORTŲ ŽAIDIMŲ VEDĖJŲ KAUNE (0,5-1 ETATU)",UAB „Evolution Lithuania“,Kaunas,856,1600,"Susipažink su Evolution Lithuania iš arčiau! Daugiau informacijos ieškok mūsų puslapyje - www.darbasevolution.lt
Ar norėtum pradėti karjerą tarptautinėje įmonėje ir tau jau aštuoniolika?
Nesvarbu ar turi patirties, ar tik žengsi pirmuosius žingsnius savo karjeroje. O galbūt nori suderinti mokslus bei darbą – Evolution gali būti puiki vieta tau!
Įsidarbinęs žaidimų vedėjo asistentu, pradėsi savo kelią nuo mokymų akademijoje, kur įgysi būtinų žinių ir įgūdžių. Darbo dienos prabėgs mūsų modernioje studijoje ant Nemuno kranto, kur dirbsi stovimą darbą, leidžiantį išlaikyti aktyvumą ir gerą savijautą visos dienos metu.
Tau patikėsime:
● Būti mūsų apdovanotų produktų veidu
● Komunikaciją su mūsų produktų naudotojais visame pasaulyje
● Informacijos apie žaidimų taisykles perdavimą naudotojams
Mes siūlome:
● Garantuotas 1 EUR bonusas prie kiekvienos darbo valandos, skirtas transportui ir maistui (jau įskaičiuotas į valandinį atlygį)
● Valandinį atlyginimą: 8.06 EUR – 17.5 EUR neatskaičius mokesčių
● Lankstų grafiką su galimybe pasirinkti savo darbo laiką ir pamainą
Jas turime tris - rytinę (7:00-15:00), popietinę (15:00-22:00) arba naktinę (22:00-07:00)
● Apmokamas pertraukas, kurių per dieną turėsi nuo 1,5 iki 2 valandų
● Papildomą privatų sveikatos draudimą, kuris dengia odontologų, okulistų, psichoterapijos bei kitas paslaugas
● Apmokamus pradinius mokymus
● Karjeros augimo galimybes
● Tarptautinę ir draugišką komandą bei darbo aplinką
● Įvairius renginius mūsų darbuotojams
● Modernų ofisą su poilsio ir pramogų erdvėmis
● Išskirtines perks.lt nuolaidas mūsų darbuotojams visoje Lietuvoje
● Nemokamą kavą, arbatą ir užkandžius
Įgūdžiai
Puikiai tiksi šiai pozicijai, jei tu:
●Esi pozityvus ir darbštus
●Moki anglų kalbos pagrindus (B1 lygis)
●Esi atsakingas
●Puikiai jautiesi dirbdamas komandoje
●Esi bent 18 metų
Daugiau informacijos mūsų puslapyje - darbasevolution.lt
Abejoji ar turi daugiau klausimų? Susisiek su mumis telefono numeriais: +37060467300; +37064809982 arba el. paštu.
Atlyginimas
856-1600
                                €/mėn.
                                į rankas",https://www.cvbankas.lt/ieskome-kortu-zaidimu-vedeju-kaune-0-5-1-etatu-kaune/1-9679071,2026-04-08,2026-05-08,Paslaugos,,ACTIVE
"IEŠKOME KORTŲ MAIŠYTOJŲ KAUNE (0,5-1 ETATU)",UAB „Evolution Lithuania“,Kaunas,8,6,"Susipažink su Evolution Lithuania iš arčiau! Daugiau informacijos ieškok mūsų puslapyje - www.darbasevolution.lt
Ar norėtum pradėti karjerą tarptautinėje įmonėje ir tau jau aštuoniolika?
Nesvarbu ar turi patirties, ar tik žengsi pirmuosius žingsnius savo karjeroje. O galbūt nori suderinti mokslus bei darbą – Evolution gali būti puiki vieta tau!
Įsidarbinęs žaidimų vedėjo asistentu, pradėsi savo kelią nuo mokymų akademijoje, kur įgysi būtinų žinių ir įgūdžių. Darbo dienos prabėgs mūsų modernioje studijoje ant Nemuno kranto, kur dirbsi stovimą darbą, leidžiantį išlaikyti aktyvumą ir gerą savijautą visos dienos metu.
Tau patikėsime:
● Kortų kokybės tikrinimą;
● Kortų keitimą ir maišymą pagal nustatytą procesą;
● Komandos vadovų informavimą apie iškilusias problemas.
Mes siūlome:
● Garantuotas 1 EUR bonusas prie kiekvienos darbo valandos, skirtas transportui ir maistui (jau įskaičiuotas į valandinį atlygį)
● Valandinį atlyginimą: 8.06 EUR – 12.59 EUR neatskaičius mokesčių
● Lankstų grafiką su galimybe pasirinkti savo darbo laiką ir pamainą
Jas turime tris - rytinę (7:00-15:00), popietinę (15:00-22:00) arba naktinę (22:00-07:00)
● Apmokamas pertraukas, kurių per dieną turėsi iki 1,5 valandų
● Papildomą privatų sveikatos draudimą, kuris dengia odontologų, okulistų, psichoterapijos bei kitas paslaugas
● Apmokamus pradinius mokymus
● Karjeros augimo galimybes
● Tarptautinę ir draugišką komandą bei darbo aplinką
● Įvairius renginius mūsų darbuotojams
● Modernų ofisą su poilsio ir pramogų erdvėmis
● Išskirtines perks.lt nuolaidas mūsų darbuotojams visoje Lietuvoje
● Nemokamą kavą, arbatą ir užkandžius
Daugiau informacijos mūsų puslapyje - darbasevolution.lt
Abejoji ar turi daugiau klausimų? Susisiek su mumis telefono numeriu: +37060467300; +37064809982 arba el. paštu.
Atlyginimas
8,06-12,59
                                €/val.
                                neatskaičius mokesčių",https://www.cvbankas.lt/ieskome-kortu-maisytoju-kaune-0-5-1-etatu-kaune/1-8356427,2026-04-08,2026-05-08,Paslaugos,,ACTIVE
Tunelinės plovyklos operatorius (-ė) Kretingos g. Klaipėda pilnu etatu,UAB „PRO BRO Group“,Klaipėda,1380,1794,"Kaip atrodytų tavo diena:
✨ Prisijungsi prie įmonės mėlyno dress code;
✨ Peržiūrėsi orų prognozę ir pagal ją numatysi klientų srautą;
✨ Įsitikinsi, kad plovykla veikia ir nespausi didelio raudono mygtuko;
✨ Pasitiksi ir išlydėsi klientą, kaip geriausią draugą;
✨ Sutvarkysi plovyklą lyg mama lieptų tvarkytis kambarį.
Darbo grafikas:
✨ Slenkantis grafikas, 3 darbo dienos/3 laisvos dienos, 11 val pamaina;
Vieta:
✨ Kretingos g. 28, Klaipėda
Tam, kad Tau sektųsi, prireiks:
✨ Perimti patyrusių operatorių išmintį planuojant darbus ir greitai reaguojant;
✨ Įkyraus smalsumo sužinoti, kaip veikia įranga;
✨ Tolerancijos kiekvienam purvinam automobiliui ir pasididžiavimo išlydint blizgantį;
✨ Gerų laviravimo įgūdžių konfliktinėse situacijose;
✨ Azarto pasiekti geriausių valandos, dienos ar mėnesio rezultatų.
Motyvacijos visada bus, nes:
✨ Tavo automobilis visada blizgės nemokamai;
✨ Darbe visada laukskava, arbata, o kelis kartus į mėnesį palepinsime tave sveikais užkandžiais;
✨ Pasirūpinsime, kad tavo ypatingos dienos būtų dar ypatingesnės;
✨ Stiprinsime draugišką atmosferą su įdomiais komandos renginiais;
✨ Teiksime finansinę pagalbą, kai jos labiausiai reikės;
✨ Rūpinsimės tavo sveikata, suteikdami papildomą sveikatos draudimą po 6 mėnesių;
✨ Prisijunk prie mūsų ir stebėk, kaip tavo karjera auga! Net 43% mūsų plovyklų vadovų užaugo įmonės viduje. 🚀
Atlyginimas
1380-1794
                                €/mėn.
                                neatskaičius mokesčių",https://www.cvbankas.lt/tunelines-plovyklos-operatorius-e-kretingos-g-klaipeda-pilnu-etatu-klaipedoje/1-13763827,2026-04-07,2026-05-07,Paslaugos,,ACTIVE
Pardavimų vadybininkas,UAB „LT AQUA“,Vilnius,1200,2500,"Darbo pobūdis
Konsultuosi klientus ir padėsi jiems išsirinkti tinkamiausias vandens filtravimo sistemas (buitines ir pramonines)
Analizuosi klientų poreikius ir pasiūlysi efektyviausius sprendimus
Vystysi santykius su esamais klientais ir kursi naujus kontaktus
Atliksi vandens tyrimus, pagal tyrimų rezultatus parinksi filtravimo sistemas
Ruoši komercinius pasiūlymus ir vesi klientą iki sėkmingo sandorio
Prisidėsi prie pardavimų augimo ir savo asmeninių rezultatų gerinimo
Dirbsi su moderniais produktais, kurie realiai gerina žmonių gyvenimo kokybę
Reikalavimai darbuotojui
Esi komunikabilus(-i) ir gebi lengvai užmegzti kontaktą su klientu
Turi pardavimų patirties (B2B ar B2C – didelis privalumas, bet nebūtina)
Moki išklausyti klientą ir pasiūlyti geriausią sprendimą
Esi orientuotas(-a) į rezultatą ir nori uždirbti daugiau nei vidutiniškai
Gebi savarankiškai planuoti savo laiką ir veiklą
Turi gerus darbo kompiuteriu įgūdžius (Microsoft Office)
Esi dirbęs(-usi) su CRM sistemomis
Patirtis dirbant su programa „Rivilė“ – didelis privalumas
Turi B kategorijos vairuotojo pažymėjimą
Įmonė siūlo
Motyvuojantį atlyginimą: bazė + aiškūs, pasiekiami priedai už rezultatus
Realias galimybes uždirbti daugiau augant tavo pardavimams
Apmokymus apie produktus ir pardavimus (nereikia būti techniku)
Draugišką, palaikančią komandą
Laisvę veikti ir įtakoti savo pajamas
Prasmingą produktą – padėsi žmonėms spręsti realias vandens problemas
Atlyginimas
1200-2500
                                €/mėn.
                                į rankas",https://www.cvbankas.lt/pardavimu-vadybininkas-vilniuje/1-12908543,2026-04-07,2026-05-07,Paslaugos,,ACTIVE
Tapk interaktyvių žaidimų vedėju (-a)! Nereikalinga JOKIA patirtis!,UAB „SP STUDIO“,Klaipėda,7,6,"Darbo pobūdis
Interaktyvių žaidimų vedėjas (-a) - tiesioginiame eteryje
Gebi dirbti komandoje, maloniai bendrauti, esi atidus (-i) detalėms, komunikabilus (-i), atsakingas (-a), pozityvus (-i), punktualus (-i) - Prisijunk prie komandos!
Prisijunk prie mūsų jaunatviškos, daugiau nei 140 darbuotojų komandos!
________________________________________________________________________
Kuo Interactive Studios fantastiška?
Neturi darbo patirties? LABAI GERAI, jos tau neprireiks! IŠMOKYSIME vesti žaidimus ir SUMOKĖSIME už tavo laiką, skirtą mokymams.
Abejoji, ar pavyks suderinti darbą su mokslais bei mėgstamu hobiu? UŽTIKRINAME – pavyks! ŠEŠI skirtingi darbo laiko variantai - šimtaprocentinė tikimybė skirti laiko sau, mokslams, pramogoms bei pinigams užsidirbti.
Stabilus darbo užmokestis ir MOTYVUOJANTYS PRIEDAI!
Poilsio pertraukėlių metu naudokitės masažiniu krėslu bei mėgaukitės kava ir užkandžiais NEMOKAMAI.
PRISIJUNK prie Interactive StudioS Komandos, AUK kartu su mumis ir KILK karjeros laiptais!
“Interactive Studios“ kompanija yra rinkos lyderė, teikianti techninio aptarnavimo paslaugas internetinių žaidimų platformas turintiems partneriams bei investuojanti laiką į darbuotojų mokymus.
www.facebook.com/StudiosInteractive
www.instagram.com/p/CjSbsjIMmum/?igshid=YmMyMTA2M2Y=
Privalumai:
✔️ Lankstus darbo grafikas.
✔️ Valandinis atlygis nuo 7.06 €
✔️ Apmokami mokymai
✔️ Motyvuojanti priedų sistema.
✔️ Galimi ir ne pilni etatai
✔️ Oficiali darbo sutartis
✔️ Taksi paslaugos po vidurnakčio Klaipėdos mieste.
✔️ Karjeros galimybės mūsų tarptautinėje kompanijoje.
Tapti internetinių žaidimų vedėju (-a) paprasta – SIŲSK CV
Arba paskambink mums telefonu +370 646 50929
VISUOMET ESI ČIA LAUKIAMAS !!
Reikalavimai darbuotojui
Mums patiksi, jeigu:
Esi punktuali (-us) ir atsakinga (-as);
Laikaisi susitarimų kaip ir mes;
Šypsena tavo geriausias draugas;
Pozityvus mood‘as tavo kasdienybė;
Nori augti ir tobulėti kartu su mumis.
Įmonė siūlo
Darbo ir laisvalaikio balansas
Lankstus darbo grafikas
Biuras
Nemokami užkandžiai
Dušas
Transportas
Taksi paslaugos nakties metu saugiam atvykimui į/iš darbo Klaipėdos mieste.
Atlyginimas
7,06-21,18
                                €/val.
                                neatskaičius mokesčių
7.06 -21.18 €/val. neatskaičius mokesčių",https://www.cvbankas.lt/tapk-interaktyviu-zaidimu-vedeju-a-nereikalinga-jokia-patirtis-klaipedoje/1-8103457,2026-04-07,2026-05-07,Paslaugos,,ACTIVE
Panama Food Garden - ieško BARMENO (-ĖS) pilnam etatui,UAB „Raudonas šuo“,Vilnius,6,7,"Darbo pobūdis
Maisto kurortas, ""Panama Food Garden"",
esantis Žveryne kviečia prisijungti prie komandos - BARMENĄ.
Grafikas - trumpa/ilga savaitė (slenkantis), dienomis nuo 10:00 iki 23:00 val.
Pagrindinės užduotys:
🌴 Rūpintis skaniais kokteiliais ir kitais gėrimais bei jų patiekimu pagal technologines korteles;
🌴 Rūpintis užsakymais, inventorizacijomis ir bendra baro tvarka;
🌴 Maloniai bendrauti ir rūpintis svečiais;
🌴 Bendradarbiauti su komanda siekant bendrų tikslų;
Tikimes, kad turėsi barmeno (-ės) ar baristos patirties.
Ieškome komandos nario, kuris į Panamą eitų su džiaugsmu ir rūpintųsi ja, kaip savo namais.
Laukiame Tavo CV!
Linkėjimai 🌴
Atlyginimas
6-7
                                €/val.
                                į rankas
Darbo grafikas - trumpa/ilga savaitė (slenkantis);
Atlyginimą deriname pokalbio metu, atsižvelgiant į patirtį ir galimybes;
Arbatpinigiais dalinamasi lygiai su komanda;",https://www.cvbankas.lt/panama-food-garden-iesko-barmeno-es-pilnam-etatui-vilniuje/1-4319987,2026-04-02,2026-05-02,Paslaugos,,ACTIVE
Tunelinės plovyklos operatorius (-ė) Baltų pr. (pilnu etatu),UAB „PRO BRO Group“,Kaunas,1520,1976,"Labas! Baltų 22 Pro Bro kviečia prisijungti prie mūsų šaunios komandos! 🙌
Ieškome entuziastingo ir atsakingo žmogaus, kuris nori dirbti kartu, augti ir pasiekti bendrus tikslus.
Prisijunk ir tapk mūsų dalimi! 🚀
Kaip atrodytų tavo diena:
✨ Prisijungsi prie įmonės mėlyno dress code;
✨ Peržiūrėsi orų prognozę ir pagal ją numatysi klientų srautą;
✨ Įsitikinsi, kad plovykla veikia ir nespausi didelio raudono mygtuko;
✨ Pasitiksi ir išlydėsi klientą, kaip geriausią draugą;
✨ Sutvarkysi plovyklą lyg mama lieptų tvarkytis kambarį.
Darbo grafikas:
✨Pilnas etatas (slenkantis grafikas);
✨Puikiai tinka tiems, kurie mėgsta aiškų ritmą ir nori derinti darbą su laisvalaikiu!
Vieta:
✨ Baltų pr. 22, Kaunas.
Tam, kad Tau sektųsi, prireiks:
✨ Perimti patyrusių operatorių išmintį planuojant darbus ir greitai reaguojant;
✨ Įkyraus smalsumo sužinoti, kaip veikia įranga;
✨ Tolerancijos kiekvienam purvinam automobiliui ir pasididžiavimo išlydint blizgantį;
✨ Gerų laviravimo įgūdžių konfliktinėse situacijose;
✨ Azarto pasiekti geriausių valandos, dienos ar mėnesio rezultatų.
Motyvacijos visada bus, nes:
✨ Tavo automobilis visada blizgės nemokamai;
✨ Pasirūpinsime, kad tavo ypatingos dienos būtų dar ypatingesnės;
✨ Teiksime finansinę pagalbą, kai jos labiausiai reikės;
✨ Rūpinsimės tavo sveikata, suteikdami papildomą sveikatos draudimą po 6 mėnesių;
✨ Prisijunk prie mūsų ir stebėk, kaip tavo karjera auga! Net 43% mūsų plovyklų vadovų užaugo įmonės viduje. 🚀
Atlyginimas
1520-1976
                                €/mėn.
                                neatskaičius mokesčių",https://www.cvbankas.lt/tunelines-plovyklos-operatorius-e-baltu-pr-pilnu-etatu-kaune/1-13757227,2026-03-30,2026-04-21,Paslaugos,,ACTIVE
"Aptarnaujantis personalas ""Hesburger""",HESBURGER,Vilnius,7,53,"Darbo pobūdis
Ieškai darbo? Mes ieškom naujo komandos nario – prisijunk ir išbandyk savo jėgas greitojo maisto industrijoje. Įgyk naujos patirties ir tapk dalimi atsakingos ir stiprios Suomijos kapitalo įmonės.
Darbas įvairus:
bendravimas su klientais ir jų aptarnavimas;
darbas kasos aparatu;
lengvai paruošiamų sumuštinių gamyba bei patiekimas;
restorano patalpų švaros palaikymas.
Neturi patirties? Junkis prie mūsų draugiškos komandos, mes tave apmokinsime!
Kandidatuodami nurodykite, kuriame restorane pageidaujate dirbti:
Reikalavimai darbuotojui
Sąžiningumas;
Mandagumas;
Darbštumas;
Aktyvumas;
Pozityvumas;
Atsakingumas;
Noras mokytis ir tobulėti.
Įmonė siūlo
Galimybę tobulėti ir siekti karjeros tarptautinėje įmonėje;
Lankstų darbo grafiką, bei galimybę derinti darbą su studijomis ar kitu darbu;
Motyvuojantį ir laiku mokamą atlyginimą;
Galimybę užsidirbti ir gauti priedus;
Privatų sveikatos draudimą;
Papildomą draudimą nuo traumų 24/7 jau nuo pirmos darbo dienos;
Nuolaidą mūsų maisto produktams;
Pavežėjimo paslaugą dirbant vakarinėse pamainose;
Gerą nuotaiką ir draugišką kolektyvą :)
Papildomą informaciją suteiksime tik atrinktiems kandidatams.
Konfidencialumas garantuojamas
Sveikatingumas
Sveikatos draudimas
Atlyginimas
7,53-8,03
                                €/val.
                                neatskaičius mokesčių
Atlyginimas kyla priklausomai nuo darbo stažo;
Motyvacinis priedas 0.70 euro už kiekvieną išdirbtą valandą kas du mėnesiai;
Privatus sveikatos draudimas;",https://www.cvbankas.lt/aptarnaujantis-personalas-hesburger-vilniuje/1-11014129,2026-03-27,2026-04-26,Paslaugos,,ACTIVE
"Aptarnaujantis personalas ""Hesburger""",HESBURGER,Pasvalys,7,53,"Darbo pobūdis
Ieškai darbo? Mes ieškom naujo komandos nario – prisijunk ir išbandyk savo jėgas greitojo maisto industrijoje. Įgyk naujos patirties ir tapk dalimi atsakingos ir stiprios Suomijos kapitalo įmonės.
Darbas įvairus:
bendravimas su klientais ir jų aptarnavimas;
darbas kasos aparatu;
lengvai paruošiamų sumuštinių gamyba bei patiekimas;
restorano patalpų švaros palaikymas.
Neturi patirties? Junkis prie mūsų draugiškos komandos, mes tave apmokinsime!
Ieškomas personalas Hesburger Pasvalio restorane, esančiu adresu: Vilniaus g.61A, Pasvalys
Reikalavimai darbuotojui
Sąžiningumas;
Mandagumas;
Darbštumas;
Aktyvumas;
Pozityvumas;
Atsakingumas;
Noras mokytis ir tobulėti.
Įmonė siūlo
Galimybę tobulėti ir siekti karjeros tarptautinėje įmonėje;
Lankstų darbo grafiką, bei galimybę derinti darbą su studijomis ar kitu darbu;
Motyvuojantį ir laiku mokamą atlyginimą;
Galimybę užsidirbti ir gauti priedus;
Privatų sveikatos draudimą;
Papildomą draudimą nuo traumų 24/7 jau nuo pirmos darbo dienos;
Nuolaidą mūsų maisto produktams;
Gerą nuotaiką ir draugišką kolektyvą :)
Papildomą informaciją suteiksime tik atrinktiems kandidatams.
Konfidencialumas garantuojamas
Sveikatingumas
Sveikatos draudimas
Atlyginimas
7,53-8,03
                                €/val.
                                neatskaičius mokesčių
Atlyginimas kyla priklausomai nuo darbo stažo;
Motyvacinis priedas 0.70 euro už kiekvieną išdirbtą valandą kas du mėnesiai;
Privatus sveikatos draudimas;",https://www.cvbankas.lt/aptarnaujantis-personalas-hesburger-pasvalyje/1-13740437,2026-03-18,2026-04-22,Paslaugos,,ACTIVE
"Aptarnaujantis personalas ""Hesburger""",HESBURGER,Kaunas,7,53,"Darbo pobūdis
Ieškai darbo? Mes ieškom naujo komandos nario – prisijunk ir išbandyk savo jėgas greitojo maisto industrijoje. Įgyk naujos patirties ir tapk dalimi atsakingos ir stiprios Suomijos kapitalo įmonės.
Darbas įvairus:
Bendravimas su klientais ir jų aptarnavimas;
Darbas kasos aparatu;
Lengvai paruošiamų sumuštinių gamyba bei patiekimas;
Restorano patalpų švaros palaikymas.
Neturi patirties? Junkis prie mūsų draugiškos komandos, mes tave apmokinsime!
Kandidatuodami, nurodykite, kuriame restorane pageidaujate dirbti.
Reikalavimai darbuotojui
Sąžiningumas;
Mandagumas;
Darbštumas;
Aktyvumas;
Pozityvumas;
Atsakingumas;
Noras mokytis ir tobulėti.
Įmonė siūlo
Galimybę tobulėti ir siekti karjeros tarptautinėje įmonėje;
Lankstų darbo grafiką, bei galimybę derinti darbą su studijomis ar kitu darbu;
Motyvuojantį ir laiku mokamą atlyginimą;
Galimybę užsidirbti ir gauti priedus;
Apmokamą laisvadienį gimtadienio progą;
Privatų sveikatos draudimą;
Papildomą draudimą nuo traumų 24/7 jau nuo pirmos darbo dienos;
Nuolaidą mūsų maisto produktams;
Pavežėjimo paslaugą dirbant vakarinėse pamainose;
Gerą nuotaiką ir draugišką kolektyvą :)
Papildomą informaciją suteiksime tik atrinktiems kandidatams.
Konfidencialumas garantuojamas.
Sveikatingumas
Sveikatos draudimas
Atlyginimas
7,53-8,03
                                €/val.
                                neatskaičius mokesčių
Atlyginimas kyla priklausomai nuo darbo stažo;
Motyvacinis priedas 0.70 euro už kiekvieną išdirbtą valandą kas du mėnesiai;
Privatus sveikatos draudimas;",https://www.cvbankas.lt/aptarnaujantis-personalas-hesburger-kaune/1-10967666,2026-03-09,2026-04-22,Paslaugos,,ACTIVE
Customer Care Manager,Girteka įmonių grupė,Vilnius,1930,2420,"Job description
What can you expect your day to look like?
Cooperation with existing customers by phone, e-mail, and chat.
Maintaining relations with existing customers and providing them with a high-quality and professional service.
Providing accurate and timely information to customers regarding shipment tracking, delivery times, and other logistics-related questions.
Operational cooperation with colleagues, solving various situations arising during cargo transportation.
Maintaining customer records and ensuring that all information is up-to-date and accurate.
Assisting with administrative tasks related to logistics operations, such as data entry and document management.
Working with the company's internal and customer systems.
What do we expect from you?
Experience in customer service.
Good knowledge of English (written and spoken).
Quick orientation and good time planning and management skills.
Attention to detail, diligence, responsibility.
Smooth communication, ability to work effectively in a team.
Ability to successfully manage large amounts of information at once.
Good computer literacy (working skills in the MS office package).
Higher education.
Why should you consider us as your next career step?
We always have a challenge for those looking for one. If complex, large-scale, and impactful projects excite you, we might be just the right fit for you. With us, you will enjoy:
Career opportunities: Many of our managers have started in entry-level positions at Girteka Group, and as many as 30% of our colleagues move up the career ladder every year.
Learning and development: We continuously invest in a wide variety of internal and external courses, seminars, mentoring, leadership programs, and offer language courses.
Health and well-being: We care about how our colleagues feel and we offer them comprehensive health insurance. We also foster a community of gym-goers and athletes. On-site meals are 50% compensated, and you’ll find free fruit and snacks in our kitchenettes and lounges.
Collaborative culture: We believe that the power of teamwork and social connection enables us to achieve exceptional results. Working in international teams, we strive toward the company’s goals together, sharing experiences and celebrating our joint successes.
Rewards and recognition: Rewards on work anniversary occasions and values-based behavior, days off during your birthday, and holiday gifts are included. Team-building events, various initiatives, and like-minded clubs. Access to exclusive discounts from our partners.
Base monthly salary: from €1930 to €2420 (before tax). The specific salary offered will depend on the candidate‘s experience, competencies displayed and suitability to the requirements of the position.
Salary
1930-2420
                                €/mon.
                                gross",https://www.cvbankas.lt/customer-care-manager-vilniuje/1-13791191,2026-04-17,2026-05-17,Paslaugos,,ACTIVE
Išvykstančių keleivių aptarnavimo agentė (-as) Vilniaus oro uoste (lietuvių ir anglų k.),UAB „LITCARGUS“,Vilnius,9,15,"Darbo pobūdis:
Keleivių registracija į skrydį - lėktuvo bilietų, asmens tapatybę patvirtinančių dokumentų (ar kitų reikalingų skrydžiui dokumentų) patikra bei bagažo svėrimas ir registracija;
Keleivių laipinimas į orlaivį ir pakartotinė dokumentų bei rankinio bagažo patikra;
Keleivių informavimas apie bet kokius skrydžių informacijos pasikeitimus;
Visapusė pagalba keleiviams atsakant į visus rūpimus ir su skrydžio informacija susisijusius klausimus;
Keleivių aptarnavimą atlikti laikantis aviakompanijos taisyklių ir procedūrų.
Reikalavimai darbuotojui:
Darbo patirtis klientų aptarnavimo srityje (privalumas);
Puikios lietuvių ir anglų kalbos žinios;
Komandinio darbo ir komunikacijos įgūdžiai;
Puikūs laiko valdymo įgūdžiai, greita orientacija, atidumas detalėms;
Nepriekaištinga reputacija pagal LR Aviacijos įstatymo reikalavimus.
Mes siūlome:
Lankstų bei pamaininį darbo grafiką, padėsiantį derinti kelias veiklas vienu metu;
Nemokamą automobilio parkavimo vietą;
Taksi paslaugas atvykimui/išvykimui į/iš darbo naktinėmis valandomis (22-06 val.) Vilniaus mieste;
Draudimą nuo nelaimingų atsitikimų visą parą, visame pasaulyje;
Kvalifikacijos kėlimo bei karjeros galimybes įmonės viduje;
Rūpindamiesi darbuotojų psichologine gerove, suteikiame nemokamas nuotolines psichologo konsultacijas;
Įvairias įmonės organizuojamas šventes (darbuotojams ir jų vaikams), komandos formavimo renginius, socialines bei sporto iniciatyvas.
Atlyginimas
9-15,86
                                €/val.
                                neatskaičius mokesčių
Darbo užmokesčio dydis priklauso nuo turimos kvalifikacinės kategorijos",https://www.cvbankas.lt/isvykstanciu-keleiviu-aptarnavimo-agente-as-vilniaus-oro-uoste-lietuviu-ir-anglu-k-vilniuje/1-13768285,2026-04-17,2026-05-17,Paslaugos,,ACTIVE
Orlaivių interjero ir patalpų tvarkytoja (-as) Vilniaus oro uoste,UAB „LITCARGUS“,Vilnius,7,28,"Darbo pobūdis:
Orlaivių interjero tvarkymas;
Biuro ir buitinių patalpų valymas;
Darbui skirtų priemonių priežiūra.
Reikalavimai darbuotojui:
Puikiai gebate orientuotis įvairiose situacijose;
Galite dirbti slenkančiu, pamaininiu darbo grafiku;
Turite B kat. vairuotojo pažymėjimą (privalumas);
Atsakomybė ir sąžiningumas yra jūsų pagrindinės vertybės;
Gebate dirbti tiek komandoje, tiek individualiai.
Mes siūlome:
Lankstų bei pamaininį darbo grafiką, padėsiantį derinti kelias veiklas vienu metu;
Nemokamą automobilio parkavimo vietą;
Taksi paslaugas atvykimui/išvykimui į/iš darbo naktinėmis valandomis (22-06 val.);
Draudimą nuo nelaimingų atsitikimų visą parą, visame pasaulyje;
Kvalifikacijos kėlimo bei karjeros galimybes įmonės viduje;
Rūpindamiesi darbuotojų psichologine gerove, suteikiame nemokamas nuotolines psichologo konsultacijas;
Įvairias įmonės organizuojamas šventes (darbuotojams ir jų vaikams), komandos formavimo renginius, socialines bei sporto iniciatyvas.
Atlyginimas
7,28-9,50
                                €/val.
                                neatskaičius mokesčių
Atlygis priklauso nuo turimos kvalifikacinės kategorijos",https://www.cvbankas.lt/orlaiviu-interjero-ir-patalpu-tvarkytoja-as-vilniaus-oro-uoste-vilniuje/1-13766213,2026-04-17,2026-05-17,Paslaugos,,ACTIVE
Atvykstančiųjų keleivių aptarnavimo agentas (-ė) Vilniaus oro uoste (lietuvių ir anglų k.),UAB „LITCARGUS“,Vilnius,1640,2230,"Darbas oro uoste - tai kur kas daugiau nei tik skrydžiai ir lagaminai. Tai kasdienės istorijos, žmonės iš viso pasaulio ir situacijos, kuriose tavo pagalba iš tikrųjų svarbi.
Jei tau patinka judėjimas, bendravimas ir nestandartinės situacijos, kviečiame prisijungti prie atvykstančių keleivių aptarnavimo komandos ir prisidėti prie sklandžios kelionių patirties kūrimo.
Ką veiksi šiame darbe:
Padėsi keleiviams spręsti situacijas, kai jų bagažas vėluoja ar pasimeta - organizuosi paiešką ir tvarkysi reikalingus dokumentus;
Informuosi keleivius apie rastą bagažą ir pasirūpinsi jo pristatymo procesu;
Rūpinsiesi specialių poreikių turinčiais keleiviais, kad jų kelionė būtų patogi ir saugi;
Dirbsi perone ir vairuosi specialią techniką - tavo darbas bus ne tik biure, bet ir veiksmo centre, šalia lėktuvų;
Teiksi informaciją apie skrydžius ir padėsi keleiviams įvairiose situacijose.
Darbo grafikas ir atlygis:
Darbas pamainomis (dieninės/naktinės pamainos);
Mokamas valandinis darbo užmokestis, priklausantis nuo turimos kvalifikacijos.
Tikimės, kad Tu:
Turi klientų aptarnavimo patirties (privalumas, bet nebūtina);
Turi B kategorijos vairuotojo pažymėjimą;
Gerai kalbi lietuvių ir anglų kalba (B2 lygis);
Esi komunikabilus (-i), moki dirbti komandoje ir nepasimeti stresinėse situacijose;
Esi atidus (-i) detalėms, gebi planuoti laiką ir greitai orientuotis;
Atitinki nepriekaištingos reputacijos reikalavimus pagal LR Aviacijos įstatymą.
Mes siūlome:
Lankstų bei pamaininį darbo grafiką, padėsiantį derinti kelias veiklas vienu metu;
Nemokamą automobilio parkavimo vietą;
Taksi paslaugas atvykimui/išvykimui į/iš darbo naktinėmis valandomis (22-06 val.);
Draudimą nuo nelaimingų atsitikimų visą parą, visame pasaulyje;
Mokymus, kvalifikacijos kėlimą bei karjeros galimybes įmonės viduje;
Nuoseklų ir aiškų įvedimo procesą, kuris leis su naujomis pareigomis susipažinti be streso;
Mentorystę ir patyrusio kolegos palaikymą - pirmus darbo mėnesius turėsi paskirtą kolegą, kuris padės įsilieti į darbus ir atsakys į visus rūpimus klausimus ;
Palaikančią kolegų ir vadovų komandą;
Nemokamas nuotolines psichologo konsultacijas;
Įmonės šventes darbuotojams ir jų vaikams, komandos formavimo renginius, sporto ir socialines iniciatyvas.
Atlyginimas
1640-2230
                                €/mėn.
                                neatskaičius mokesčių
Darbo užmokestis priklauso nuo turimos kvalifikacinės kategorijos.",https://www.cvbankas.lt/atvykstanciuju-keleiviu-aptarnavimo-agentas-e-vilniaus-oro-uoste-lietuviu-ir-anglu-k-vilniuje/1-9562558,2026-04-17,2026-05-17,Paslaugos,,ACTIVE
Krovinių ir bagažo tvarkytojas (Vilniaus oro uostas),UAB „LITCARGUS“,Vilnius,1680,2140,"Darbo pobūdis:
Darbas terminale prie bagažų skenavimo sistemos;
Bagažų rūšiavimas individualiam skrydžiui, pakrovimas į vėžimėlius bei išvežimas prie orlaivio;
Bagažų iškrovimas iš orlaivio, pakrovimas į vežimėlius ir išvežimas į terminalą;
Krovinių bei pašto siuntų pakrovimas bei iškrovimas į/iš orlaivių;
Spec. technikos vairavimas perone, atliekant kitas pavestas užduotis.
Reikalavimai darbuotojui:
B kategorijos vairuotojo pažymėjimas;
Atsakingumas, sąžiningumas, operatyvumas atliekant užduotis;
Puiki orientacija įvairiausiose situacijose;
Gebėjimas dirbti tiek individualiai, tiek komandoje;
Nepriekaištinga reputacija pagal LR Aviacijos įstatymo reikalavimus.
Mes siūlome:
Lankstų bei pamaininį darbo grafiką, padėsiantį derinti kelias veiklas vienu metu;
Nemokamą automobilio parkavimo vietą;
Taksi paslaugas atvykimui/išvykimui į/iš darbo naktinėmis valandomis (22-06 val.);
Draudimą nuo nelaimingų atsitikimų visą parą, visame pasaulyje;
Kvalifikacijos kėlimo bei karjeros galimybes įmonės viduje;
Rūpindamiesi darbuotojų psichologine gerove, suteikiame nemokamas nuotolines psichologo konsultacijas;
Įvairias įmonės organizuojamas šventes (darbuotojams ir jų vaikams), komandos formavimo renginius, socialines bei sporto iniciatyvas.
Atlyginimas
1680-2140
                                €/mėn.
                                neatskaičius mokesčių
Atlygis priklauso nuo turimos kvalifikacinės kategorijos.",https://www.cvbankas.lt/kroviniu-ir-bagazo-tvarkytojas-vilniaus-oro-uostas-vilniuje/1-9069179,2026-04-17,2026-05-17,Paslaugos,,ACTIVE
Krovinių ir bagažo tvarkytojas (Kauno oro uostas),UAB „LITCARGUS“,Kaunas,1620,2020,"Darbo pobūdis:
Darbas terminale prie bagažų skenavimo sistemos;
Bagažų rūšiavimas individualiam skrydžiui, pakrovimas į vėžimėlius bei išvežimas prie orlaivio;
Bagažų iškrovimas iš orlaivio, pakrovimas į vežimėlius ir išvežimas į terminalą;
Krovinių bei pašto siuntų pakrovimas bei iškrovimas į/iš orlaivių;
Spec. technikos vairavimas perone, atliekant kitas pavestas užduotis.
Darbo grafikas ir atlygis:
Darbas pamainomis (dieninės/naktinės pamainos);
Mokamas valandinis darbo užmokestis, priklausantis nuo turimos kvalifikacijos.
Reikalavimai darbuotojui:
B kategorijos vairuotojo pažymėjimas;
Atsakingumas, sąžiningumas, operatyvumas atliekant užduotis;
Puiki orientacija įvairiausiose situacijose;
Gebėjimas dirbti tiek individualiai, tiek komandoje;
Nepriekaištinga reputacija pagal LR Aviacijos įstatymo reikalavimus.
Mes siūlome:
Lankstų bei pamaininį darbo grafiką;
Nemokamą automobilio parkavimo vietą;
Taksi paslaugas atvykimui/išvykimui į/iš darbo naktinėmis valandomis (22-06 val.);
Draudimą nuo nelaimingų atsitikimų visą parą, visame pasaulyje;
Kvalifikacijos kėlimo bei karjeros galimybes įmonės viduje;
Rūpindamiesi darbuotojų psichologine gerove, suteikiame nemokamas nuotolines psichologo konsultacijas;
Įvairias įmonės organizuojamas šventes (darbuotojams ir jų vaikams), komandos formavimo renginius, socialines bei sporto iniciatyvas.
Atlyginimas
1620-2020
                                €/mėn.
                                neatskaičius mokesčių
Atlygis priklauso nuo turimos kvalifikacinės kategorijos.",https://www.cvbankas.lt/kroviniu-ir-bagazo-tvarkytojas-kauno-oro-uostas-kaune/1-13561598,2026-04-17,2026-05-17,Paslaugos,,ACTIVE
Technikos priežiūros specialistas (Terminuota darbo sutartis),UAB „Cramo“,Klaipėda,1600,1600,"Darbo pobūdis
Įrangos ir įrankių išdavimas bei priėmimas;
Įrangos, sandėlio ir teritorijos priežiūra;
Smulkios įrangos remontas;
Prireikus, klientų konsultavimas nuomos padalinyje;
Reikalavimai darbuotojui
Jei mėgstate dirbti su technika ir bendrauti su žmonėmis, esate atsakingas ir kruopštus, šis darbas – Jums;
Įmonė siūlo
Įdomų darbą ir tobulėjimo galimybes lyderiaujančioje kompanijoje;
Asmeninio ir profesinio tobulėjimo galimybes;
Stabilų atlygį ir darbui reikalingas priemones;
Draugišką darbo aplinką;
Sudaroma terminuota sutartis iki 2025.12.23
Atlyginimas
1600
                                €/mėn.
                                neatskaičius mokesčių
Numatomi ir papildomi priedai",https://www.cvbankas.lt/technikos-prieziuros-specialistas-terminuota-darbo-sutartis-klaipedoje/1-13791181,2026-04-17,2026-05-17,Paslaugos,,ACTIVE
Konferencijų ir Renginių Centro ASISTENTAS - PADAVĖJAS,"Lietuva Viešbutis, UAB Radisson Blu Hotel Lietuva",Vilnius,1250,1250,"Darbo pobūdis
Konferencijų ir renginių aptarnavimas,
paruošiamieji darbai prieš konferencijas, kavos pertraukėles, pobūvius ir kitus renginius,
baldų (konferencinių stalų, kėdžių, bendrųjų erdvių baldų) ir įrangos išdėstymas salėse pagal užsakovų nurodymus,
konferencijų dalyvių aptarnavimas renginio metu,
tvarkymosi darbai renginiui pasibaigus.
Darbas pilnu etatu.
Reikalavimai darbuotojui
Ieškome ilgalaikio darbuotojo, kuris galėtų prisijungti prie augančios konferencijų ir renginių centro komandos. Labai vertiname tokias asmenines savybes, kaip darbštumas, nuovokumas, iniciatyvumas ir savimotyvacija. Ilgalaikėje perspektyvoje yra didžiulis potencialas kilti karjeros laiptais. Tad reikalavimai darbuotojui:
Gebantis susikalbėti anglų ir lietuvių kalbomis,
nebijantis fizinio darbo - darbo metu gali tekti kelti sunkius krovinius (virš 16 kg),
motyvuotas, iniciatyvus ir darbštus,
gebantis dirbti komandoje,
galintis dirbti lanksčiu darbo grafiku (galimos tiek rytinės, tiek vakarinės pamainos) - pilnu etatu,
darbo patirtis viešbutyje ir / ar renginių aptarnavimo srityje būtų privalumas.
Įmonė siūlo
Profesionalaus tobulėjimo ir karjeros augimo galimybes. Mūsų įmonėje kiekvienas turi galimybę tobulėti ir siekti aukštesnių karjeros tikslų.
Malonią ir draugišką darbo aplinką, kurioje kiekvienas gali jaustis įvertintas.
Nemokamas maitinimas ir neribota kava, kad kiekvieną dieną jaustumėtės energingi ir pasiruošę naujiems iššūkiams.
Uniformos priežiūra, kad visada atrodytumėte puikiai ir jaustumėtės patogiai.
Mėnesio darbuotojo rinkimai, kurie padeda pabrėžti ir įvertinti asmeninius darbuotojų pasiekimus.
Darbuotojų sąskrydžiai, stiprinantys komandos dvasią ir kolektyvinius ryšius.
Nemokama darbuotojų sporto salė, skatinanti sveiką gyvenseną ir suteikianti galimybę išlaikyti puikią fizinę formą.
Priedai prie atlyginimo už gerus darbo rezultatus (kas ketvirtį), skatinantys siekti aukščiausių tikslų ir garantuojantys, kad jūsų pastangos bus tinkamai įvertintos.
Sveikatingumas
Nemokama treniruoklių salė viešbučio patalpose
Biuras
Nemokami užkandžiai
Dviračių saugykla
Dušas
Asmeninės persirengimo spintelės
Nemokamas maitinimas
Nemokama kava
Nemokama uniformos priežiūra
Transportas
Kelionės į/iš darbo kompensavimas 23:00 - 06:00 naktinėmis valandomis
Kiti privalumai
Nuolaidos įmonės produkcijai/paslaugoms
Reguliarūs mokymai
Plačios karjeros galimybės
Darbuotojų vakarėliai
Team Building&#039;ai
Mėnesio darbuotojo rinkimai
Kasmetinis darbuotojų sveikatos patikrinimas
Atlyginimas
Nuo 1250
                                €/mėn.
                                neatskaičius mokesčių
Priedų prie atlyginimo už gerus darbo rezultatus sistema",https://www.cvbankas.lt/konferenciju-ir-renginiu-centro-asistentas-padavejas-vilniuje/1-13791145,2026-04-17,2026-05-08,Paslaugos,,ACTIVE
Klientų konsultavimo specialistas (-ė),Lietuvos transporto saugos administracija,Darbas namuose,1300,1500,"MES TAU SIŪLOME:
įdomų, prasmingą darbą vienoje moderniausių viešojo sektoriaus įstaigų
galimybę dirbti nuotoliniu būdu (mokymų laikotarpiu darbas Vilniaus arba Klaipėdos biuruose)
profesionalių ir draugiškų kolegų komandą
kuratoriaus pagalbą pirmaisiais darbo mėnesiais
vidinius bei išorinius mokymus tavo profesiniam tobulėjimui
dvi laisvas apmokamas dienas per metus tavo sveikatos puoselėjimui
nemokamus skiepus nuo gripo ir erkinio encefalito visiems norintiems mūsų darbuotojams
periodiškai į visus mūsų biurus tiekiamas daržoves ir vaisius
finansines organizacijos dovanas minint darbo ir gyvenimo jubiliejinių sukakčių progas
darbdavio finansinę paramą nutikus nelaimėms
savanoriškas sveikatos draudimas
MELP naudų programėlė (nuolaidos ir pasiūlymai)
JEIGU TU:
turi aukštąjį universitetinį / neuniversitetinį išsilavinimą
gebi sklandžiai bendrauti lietuvių kalba žodžiu ir raštu
mėgsti ir gebi bendrauti su žmonėmis, jiems padėti
moki anglų ir rusų kalbą B1 lygiu
PRIVALUMAS BŪTŲ, JEIGU TU:
turi patirties klientų aptarnavimo srityje,
MES TAU PATIKĖSIME PRISIDĖTI PRIE:
LTSA klientų konsultavimo ir informacijos jiems teikimo telefonu ir elektroniniu būdu
gautų LTSA klientų paklausimų analizės
LTSA konsultacijų kokybės gerinimo
Atlyginimas
1300-1500
                                €/mėn.
                                neatskaičius mokesčių",https://www.cvbankas.lt/klientu-konsultavimo-specialistas-e-darbas-namuose/1-13791077,2026-04-17,2026-04-24,Paslaugos,,ACTIVE
"Barmenas (-ė) restorane ""Grill London"" PLC Mega",UAB „Kauno loftas“,Kaunas,1000,1500,"Darbo pobūdis
Įvairių gėrimų, kokteilių gamyba (laikantis technologinių aprašų);
Baro likučių skaičiavimas;
Baro prekių užsakymų darymas;
Baro tvarkos palaikymas.
Reikalavimai darbuotojui
Noras dirbti, orientacija į rezultatą;
Pozityvumas, sąžiningumas;
Darbas pilnu etatu arba savaitgaliais;
Patirtis būtų didelis privalumas!
Įmonė siūlo
Įdomų bei dinamišką darbą;
Laiku mokamą atlyginimą;
Karjeros galimybes.
Atlyginimas
1000-1500
                                €/mėn.
                                į rankas
+ galimi priedai",https://www.cvbankas.lt/barmenas-e-restorane-grill-london-plc-mega-kaune/1-9585258,2026-04-17,2026-05-17,Paslaugos,,ACTIVE
Remote customers support specialist (UKRAINIAN - ENGLISH) Work from Home,UAB „Teleperformance LT“,Vilnius,1478,1671,"Job description
Taking incoming video and audio calls from legal entities and individuals
Correct inserting of the information received during the call into the database
Qualified, full translation of the client's speech on different topics
Support for high-standard telephone calls
Rolling schedule: Monday-Sunday
Requirements
English and Ukrainian language skills at B2-C1 level or higher. During the recruitment process, candidates will undergo internal language assessments, which will be the sole basis for determining their language level suitability
Higher, secondary special education
Client-oriented work attitude
Good communication skills
Company offers
Possibility to choose full-time or part-time schedule (40/30/20 hours per week), allowing you to balance work with other commitments
Remote work from any location within Lithuania
Remote selection process
Work from home
Corporate training for all new hires
Engaging activities and extra benefits: private health insurance, sports and team events, referral bonus, special discounts!
Salary
1478-1671
                                €/mon.
                                gross
Additional information: The candidate is required to have an impeccable reputation, and therefore, before signing an employment contract, documents confirming the impeccable reputation will be required.",https://www.cvbankas.lt/remote-customers-support-specialist-ukrainian-english-work-from-home-vilniuje/1-13791041,2026-04-17,2026-05-17,Paslaugos,,ACTIVE
"Barmenas (-ė) restorane ""Figa''",UAB „Kauno loftas“,Kaunas,1000,1200,"Darbo pobūdis
Įvairių gėrimų, kokteilių gamyba (laikantis technologinių aprašų);
Baro likučių skaičiavimas;
Baro prekių užsakymų darymas;
Baro tvarkos palaikymas.
Reikalavimai darbuotojui
Noras dirbti, orientacija į rezultatą;
Pozityvumas, sąžiningumas;
Darbas pilnu etatu ;
Patirtis būtų didelis privalumas!
Įmonė siūlo
Įdomų bei dinamišką darbą;
Laiku mokamą atlyginimą;
Karjeros galimybes.
Atlyginimas
1000-1200
                                €/mėn.
                                į rankas
+ galimi priedai",https://www.cvbankas.lt/barmenas-e-restorane-figa-kaune/1-10297095,2026-04-17,2026-05-17,Paslaugos,,ACTIVE
"Prisijunk prie komandos, kurioje gera dirbti – ieškome pardavėjų Bajoruose (Šaulio g.)!",UAB „Eiginta“,Vilnius,1337,1921,"Ar mėgsti bendrauti su žmonėmis, domiesi prekyba ir ieškai darbo, kuriame kiekviena diena būtų kitokia? Jei TAIP – mes tavęs ieškome!
Ką siūlome:
Lankstų darbo grafiką, kurį lengvai suderinsi su savo gyvenimo ritmu ir parduotuvės poreikiais;
Patogią darbo vietą – dirbk arti namų, be varginančių kelionių;
Motyvuojantį atlyginimą: nuo 1337 iki 1921 eur/mėn. (kai dirbama pilnu etatu, nurodyta prieš mokesčius);
Pozityvią komandą, kurioje kiekvienas darbuotojas yra vertinamas;
Augimo galimybes – jei nori tobulėti, padėsime tau žengti karjeros laiptais;
Apmokymus – suteiksime visus reikalingus mokymus nuo pirmos dienos;
Papildomas naudas, kurios tikrai nudžiugins:
nuolaidos apsiperkant „Šilas“ parduotuvėse
kelionės išlaidų kompensavimas (dirbant iki 23 val.)
premija už rekomenduotą ir įdarbintą kolegą
dovanos švenčių proga tau ir tavo vaikams
Tavo vaidmuo komandoje:
Malonus klientų aptarnavimas;
Lentynų pildymas prekėmis laikantis įmonės nustatytų standartų;
Darbas su kasos aparatu – viską išmoksi su mūsų pagalba nuo pirmos dienos;
Taromato priežiūra – paprasta užduotis, kuriai suteiksime aiškius mokymus;
Švaros ir tvarkos palaikymas parduotuvėje.
Ko tikimės iš Tavęs?
Pozityvaus požiūrio ir noro dirbti;
Atsakingumo ir sąžiningumo;
Gebėjimo dirbti komandoje;
Patirtis – privalumas, bet svarbiausia noras mokytis!
Prisijunk prie mūsų ir būk ne tik darbuotojas bet ir svarbi komandos dalis. Siųsk savo CV arba susisiek su mumis telefonu +370 601 36844.
Kreipdamiesi ir pateikdami savo asmens duomenis, nurodytus kandidatavimo formoje ir/ar Jūsų pateiktose dokumentuose į laisvą UAB „Eiginta“ darbo vietą, Jūs sutinkate su savo pateiktų asmens duomenų naudojimu atrankos tikslais. Taip pat Jūs sutinkate būti įtrauktas į UAB „Eiginta“ kandidatų duomenų bazę ir gauti darbo pasiūlymus.
Dėkojame už susidomėjimą, susisieksime su atrinktais kandidatais.
Mes suteikiame:
Transportas
Kelionės į/iš darbo kompensavimas
Atlyginimas
1337-1921
                                €/mėn.
                                neatskaičius mokesčių
Darbo užmokestis nurodytas dirbant pilnu etatu ir išdirbus per mėnesį ne mažiau kaip 168 darbo valandas.",https://www.cvbankas.lt/prisijunk-prie-komandos-kurioje-gera-dirbti-ieskome-pardaveju-bajoruose-saulio-g-vilniuje/1-13791029,2026-04-17,2026-05-17,Paslaugos,,ACTIVE
Pardavimų komandos vadovas/įmonės direktorius,,Kaunas,3500,3500,"Jūsų strateginė misija:
Verslo augimo generavimas: formuosite ir įgyvendinsite pardavimų strategiją, užtikrindami nuoseklų įmonės pajamų augimą.
Komandos lyderystė ir veiklos analizė: vadovausite vadybininkų komandai, vykdysite nuolatinę rodiklių (KPI) stebėseną, rengsite „one-to-one“ pokalbius ir ugdysite komandos gebėjimą kurti vertę klientui.
Teisinis ir problemų valdymas: glaudžiai bendradarbiausite su įmonės teisininke, valdydami teisines rizikas.
Klientų patirties ir pasitenkinimo valdymas: užtikrinsite aukštą gyventojų bei klientų pasitenkinimą, asmeniškai kontaktuosite su pagrindiniais partneriais ir operatyviai reaguosite į grįžtamąjį ryšį.
Rinkos ir konkurentų analizė: analizuosite konkurentų veiksmus, rinkos tendencijas ir adaptuosite paslaugų krepšelį, kad visada būtumėte žingsniu priekyje.
Tikimės, kad Jūs:
Turite 3–5 m. sėkmingos vadovavimo patirties, kurioje pardavimų rezultatai, plėtra ir komandos ugdymas buvo jūsų prioritetas.
Pasižymite „problem-solver“ mąstymu: gebate priimti ryžtingus sprendimus krizinėse situacijose ir valdyti teisinius ginčus.
Esate derybų meistras (-ė), gebantis (-i) rasti sprendimus sudėtingose situacijose (įskaitant skolų valdymą ar sutarčių ginčus).
Turite aukštąjį išsilavinimą ir puikius vadybinius gebėjimus.
Gebate dirbti dinamiškoje aplinkoje, kurioje iniciatyva ir rezultatas vertinami labiau nei procesas.
Vairuojate automobilį ir esate pasiruošęs (-usi) aktyviam bendravimui su klientais.
Mes Jums siūlome:
Laisvę veikti: galimybę tiesiogiai formuoti įmonės transformaciją ir diegti savo viziją.
Atlygį už rezultatą: stabilų 3500 €/mėn. į rankas užmokestį bei priedų sistemą be viršutinių lubų, priklausančią nuo pasiektos plėtros.
Saugumo garantijas: draudimą nuo nelaimingų atsitikimų 24/7 (Lietuvoje ir užsienyje).
Darbo įrankius: automobilio panaudos ir kuro kompensaciją, visas priemones efektyviam darbui.
Kultūrą: profesinį augimą tarptautinėje grupėje, bendruomeniškus renginius ir papildomas atostogų dienas už lojalumą.
Atlyginimas
Nuo 3500
                                €/mėn.
                                į rankas
Atlyginimas: 3500 €/mėn. į rankas + kintama dalis, priklausanti nuo pasiektų pardavimų ir plėtros tikslų.",https://www.cvbankas.lt/pardavimu-komandos-vadovas-imones-direktorius-kaune/1-13790935,2026-04-17,2026-05-17,Paslaugos,,ACTIVE
Vadybininko asistentas (-ė) Žemaitijos regione,UAB „Specagra“,Plungė,1000,1500,"Dirbdamas šį darbą būsi atsakingas už gyvulininkystės prekių ir žemės ūkio technikos atsarginių dalių pardavimą , santykių su esamais ir potencialiais klientais palaikymą, klientų lankymą, jų ūkių poreikių išsiaiškinimą.
Taip pat rengsi pasiūlymus, naujų ir esamų produktų pristatymus klientams.
Pardavimo užsakymų formavimas ir prekių pristatymas, sandėlio likučių stebėjimas, savalaikis prekių užsakymas.
Komercinių pasiūlymų, sutarčių bei kitų pirkimo-pardavimo dokumentų rengimas.
Pirkimo bei pardavimo dokumentų savalaikis pateikimas buhalterijai.
Poreikiai šiai pozicijai:
Mes tikimės, kad tu:
Turi patirtį ar/ir išsilavinimą (pageidautina, susijusią su žemės ūkiu);
Sugebi greitai ir tiksliai valdyti informaciją;
Turi gerus bendravimo įgūdžius;
Turi vairuotojo pažymėjimą B kat.;
Turi gerus darbo kompiuteriu įgūdžius;
Esi iniciatyvus (-i) ir sugebi savarankiškai priimti sprendimus.
Mes siūlome:
Draugišką ir palaikančią komandą, kurioje lengva mokytis, augti ir tobulėti kartu;
Profesionalius mokymus – tiek apie produktus pas tiekėjus, tiek kompetencijų stiprinimui;
Visas darbui reikalingas priemones, užtikrinančias sklandų ir efektyvų darbą;
Patogias darbo sąlygas bei profesionalią darbo aplinką;
Motyvuojančią priedų sistemą ir skatinimo priemones, įvertinančias pastangas ir rezultatus.
Atlyginimas
1000-1500
                                €/mėn.
                                į rankas
Prie atlyginimo pridedami mėnesiniai priedai už pardavimų rezultatus.",https://www.cvbankas.lt/vadybininko-asistentas-e-zemaitijos-regione-plungeje/1-13069374,2026-04-17,2026-05-17,Paslaugos,,ACTIVE
Klientų aptarnavimo specialistas (-ė),UAB „Ekonovus“,Kaunas,860,1060,"✨ Augame – kviečiame prisijungti prie komandos!
Nori darbo, kuriame tavo sprendimai turi realią reikšmę? Prisijunk prie mūsų. 🌍
Dirbame srityje, kuri turi realų poveikį aplinkai ir visuomenės kasdienybei. Esame viena iš didžiausių atliekų ir aplinkos tvarkymo įmonių Lietuvoje, todėl kokybiškas klientų aptarnavimas mums – ne formalumas, o būtinybė.
Mes neieškome „tik atsakinėjančio“, o ieškome žmogaus, kuris girdi klientą, supranta situaciją ir randa sprendimą.
👉 Kandidatai iš kitų miestų - mes vertiname Jūsų laiką ir pastangas, todėl kompensuojame kelionės išlaidas į ir iš darbo.
📝 Ką veiksi kasdien?
Būsi pirmasis kontaktas klientams – atsakinėsi į skambučius ir el. laiškus.
Aiškiai ir profesionaliai konsultuosi bei padėsi rasti sprendimus.
Registruosi užsakymus ir dirbsi su vidinėmis sistemomis.
Koordinuosi probleminių situacijų sprendimą ir valdysi klientų užklausas.
Rengsi ir sudarysi paslaugų sutartis.
Bendradarbiausi su kolegomis, kad visi procesai vyktų sklandžiai.
🎯 Ko mes iš tavęs tikimės:
Turi bent 1 metų darbo patirtį klientų aptarnavimo srityje.
Gerai dirbi kompiuteriu (MS Office ar kt. sistemos tau nėra naujiena).
Esi motyvuotas (-a), orientuotas (-a) į rezultatą ir gebi sklandžiai dirbti komandoje.
Gebi aiškiai komunikuoti ir išlikti profesionalus net sudėtingose situacijose.
Išlieki profesionalus (-i), kantrus (-i) ir gebi valdyti pokalbį.
Sieki tobulėti klientų aptarnavimo srityje ir nori augti kartu su organizacija, prisidėdamas (-a) prie bendros sėkmės.
💼 Mes siūlome:
Stabilų darbą stiprioje ir augančioje organizacijoje.
Aiškias darbo funkcijas ir įvedimo procesą.
Mokymus ir galimybę augti organizacijos viduje.
Papildomas įmonės naudas darbuotojams.
Darbo grafikas: I-IV nuo 8:00-17:00 val., V nuo 8:00-15:45 val., savaitgalis laisvas.
Darbo vieta: Vandžiogalos pl., netoli Domeikavos.
💡 Kodėl verta prisijungti?
Čia tavo darbas turės prasmę – padėsi spręsti realias situacijas, kurios prisideda prie švaresnės ir tvarkingesnės aplinkos. Tai daugiau nei klientų aptarnavimas – tai galimybė būti pokyčio dalimi.
Susidomėjai? Siųsk savo CV – laukiame tavęs komandoje!
Atlyginimas
860-1060
                                €/mėn.
                                į rankas
Priedai prie atlyginimo, motivacinė KPI programa.",https://www.cvbankas.lt/klientu-aptarnavimo-specialistas-e-kaune/1-13790787,2026-04-17,2026-05-17,Paslaugos,,ACTIVE
VALYTOJA (-AS),UAB „NB mechanika“,Lentvaris,847,847,"Prisijunk prie mūsų komandos ir prisidėk prie švarios bei tvarkingos darbo aplinkos!
Darbo pobūdis
Bendrovės administracinių, gamybinių ar sandėliavimo patalpų valymas, kiti su tvarkos ir švaros palaikymu susiję darbai.
Darbo laikas nuo 6:00 val. iki 14:00 val. (savaitgaliai laisvi).
Reikalavimai darbuotojui
Atsakingas požiūris į darbą;
Kruopštumas, savarankiškumas;
Panašaus darbo patirtis – privalumas.
Įmonė siūlo
Reguliari atlyginimo peržiūra;
Dovanas įvairių švenčių proga (gimus vaikui, darbuotojo/įmonės gimtadienio, žiemos švenčių ir t.t.);
Vaišių dienas (ledai, kepiniai, vaisiai).
Atlyginimas
847
                                €/mėn.
                                į rankas
Konfidencialumą garantuojame. Apie atrankos rezultatus informuosime tik į darbo pokalbį pakviestus kandidatus.",https://www.cvbankas.lt/valytoja-as-lentvaryje/1-13790729,2026-04-17,2026-05-17,Paslaugos,,ACTIVE
Valymo paslaugų brigadininkas,UAB „Dussmann Service“,Vilnius,2000,2300,"Darbo pobūdis
Specialiųjų valymo darbų (langų ir stiklinių pertvarų valymas, kilimų, minkštų baldų valymas, žolės pjovimas ir kt.) organizavimas ir koordinavimas priskirtuose objektuose;
Pavaldžių darbuotojų atranka, įvedimas į darbą, mokymai ir kasdienio darbo organizavimas;
Darbų planavimas bei jų paskirstymas, darbo laiko apskaita ir darbo drausmės užtikrinimas;
Teikiamų specialųjų valymo darbų kokybės kontrolė ir operatyvus problemų sprendimas;
Nuolatinis bendravimas su klientais, jų poreikių analizė ir pasiūlymų teikimas;
Sutartinių ir užsakomųjų specialųjų valymo darbų vykdymo kontrolė bei ataskaitų rengimas;
Sąskaitų administravimas ir dokumentų pateikimas bendrovės administracijai;
Subrangovų veiklos koordinavimas;
Racionalaus darbo laiko, medžiagų ir kitų išteklių naudojimo užtikrinimas.
Darbas ne ofisinis, o daugiau važinėjimas po objektus ir darbuotojų koordinavimas pagal poreikį.
Reikalavimai darbuotojui
Ne žemesnis kaip aukštesnysis išsilavinimas;
Patirtis organizuojant darbą, koordinuojant komandą ar valdant projektus (privalumas – paslaugų ar valymo srityje);
Darbo teisės pagrindų ir darbo organizavimo principų išmanymas;
Puikūs bendravimo ir konfliktų valdymo įgūdžiai;
Gebėjimas savarankiškai planuoti darbus, priimti sprendimus ir greitai reaguoti į situacijas;
Atsakingumas, organizuotumas, diplomatiškumas ir orientacija į rezultatą;
Gebėjimas dirbti su klientais ir atstovauti įmonę;
Geri darbo kompiuteriu įgūdžiai (MS Office ar kt.);
Vairuotojo pažymėjimas (B kategorija).
Įmonė siūlo
Atsakingą ir dinamišką darbą stabilioje, tarptautinėje įmonėje;
Savarankiškumą, pasitikėjimu grįstą darbo kultūrą ir profesionalią komandą;
Profesinio augimo ir kvalifikacijos kėlimo galimybes;
Konkurencingą darbo užmokestį ir visas socialines garantijas;
Reikalingas darbo priemones bei transportą darbo funkcijoms vykdyti.
Atlyginimas
2000-2300
                                €/mėn.
                                neatskaičius mokesčių
Atlyginimas bus papildomai aptariamas su atrinktais kandidatais atsižvelgiant į darbo patirtį.",https://www.cvbankas.lt/valymo-paslaugu-brigadininkas-vilniuje/1-13632305,2026-04-17,2026-05-17,Paslaugos,,ACTIVE
Spec. valymo darbų operatorius,UAB „Dussmann Service“,Vilnius,10,10,"Darbo pobūdis
Langų, stiklinių pertvarų valymas,
Generalinio valymo darbai,
Kiliminės dangos cheminis valymas, baldų cheminis valymas,
Aukštuminiai darbai (darbai su kėlimo įranga-fasado valymas),
Žiemos metu sniego valymas. Vasara-žolės pjovimas.
Reikalavimai darbuotojui
Vairuotojo pažymėjimas (privalumas),
Aukštalipio pažymėjimas (privalumas),
Atsakingumas,
Kruopštumas,
Punktualumas,
Panašaus darbo patirtis (privalumas)
Įmonė siūlo
Įdomų darbą;
Darbą su nauja modernia įranga;
Darbo vieta: Žvalgų g., Vilniuje;
Darbas ne sezoninis, ilgalaikis. Galimybė dirbti tik savaitgaliais.
Dėl detalesnės informacijos kreiptis tel.: +370 65869660
Atlyginimas
10
                                €/val.
                                neatskaičius mokesčių",https://www.cvbankas.lt/spec-valymo-darbu-operatorius-vilniuje/1-9699205,2026-04-17,2026-05-17,Paslaugos,,ACTIVE
"Krupjė (Be patirties, apmokome)",UAB „VSGA“,Kaunas,900,1200,"Darbo pobūdis
Įmonė, turinti aiškias vertybes – pagarbą savo darbuotojui, malonų aptarnavimą savo svečiams, streso nekeliančius vadovus ir itin draugišką kolektyvą, renka naują kazino krupjė komandą.
Krupjė darbui atlikti suteikiame nemokamus apmokymus (jų metu mokėsime atlyginimą). Mokymai vyks darbo dienomis. Baigę apmokymus mokėsite: profesionaliai vesti Pokerio, Black Jack ir Ruletės žaidimus.
Darbas gali būti žaidimas! Garantuojame!
Reikalavimai darbuotojui
amžius nuo 21m. (remiantis LR azartinių lošimų įstatymu);
komunikabilumas;
anglų kalba, rusų kalba privalumas;
noras ir motyvacija mokytis;
darbštumas ir atsakingumas.
Įmonė siūlo
nemokamus 4 savaičių mokymus, po kurių darbo vietą garantuojame;
atlyginimą mokymosi metu;
draugiškus, šiuolaikiškus, kolegas, bei vadovus;
bonusus ir priedus priklausančius nuo darbo rezultatų;
lankstų darbo grafiką su naktinėmis pamainomis (galima derinti su studijomis).
grįžimą namo įmonės taxi
Atlyginimas
900-1200
                                €/mėn.
                                į rankas",https://www.cvbankas.lt/krupje-be-patirties-apmokome-kaune/1-7827463,2026-04-17,2026-05-17,Paslaugos,,ACTIVE
GAMYBINIŲ PATALPŲ VALYTOJAS (-A),BIOVELA GROUP,Utena,1250,1365,"PAGRINDINĖS ATSAKOMYBĖS:
Gamybinių patalpų ir įrengimų valymas ir priežiūra
Kitų pavestų darbo funkcijų atlikimas
KO TIKIMĖS IŠ TAVĘS:
Atsakingo požiūrio į darbą, sąžiningumo, darbštumo
Gebėjimo dirbti komandoje ir savarankiškai
Ir svarbiausia – mėgautis tuo, ką darai!
Apmokome darbo vietoje.
KĄ RASI PRISIJUNGUS PRIE KOMANDOS:
Dviejų kartų nemokamą maitinimą darbo pamainos metu
Dalinį kuro į/iš darbo kompensavimą arba nemokamą apgyvendinimą
Patrauklų atlygio, skatinimo ir papildomų naudų paketą
Draugišką kolektyvą, kuris visada pagelbės
Galimybę mokytis ir tobulėti
Darbas slenkančiu darbo grafiku: 3 naktinės, 3 laisvos dienos. Darbo laikas nuo 19 val. iki 6 val.
Tel. pasiteiravimui 8-656-38018
Atlyginimas
1250-1365
                                €/mėn.
                                neatskaičius mokesčių",https://www.cvbankas.lt/gamybiniu-patalpu-valytojas-a-utenoje/1-13790699,2026-04-17,2026-05-17,Paslaugos,,ACTIVE
Baseino administratorius (-ė) (darbo vieta PALANGOJE),"Sveikatos uostas, UAB",Palanga,1428,1428,"Darbo pobūdis
Bendravimas su baseino lankytojais.
Informacijos teikimas telefonu, el. paštu ir svečiams teiraujantis vietoje.
Darbas kompiuteriu ir viešbučio programa.
Atsiskaitymų vykdymas, dokumentų tvarkymas.
Baseino paslaugų kokybės užtikrinimas.
Baseino lankytojų aptarnavimo standarto laikymasis.
Darbas slankiuoju darbo grafiku.
Darbo vieta - Palangoje.
Reikalavimai darbuotojui
Administratoriaus (-ės) darbo patirtis (privalumas).
Noras dirbti klientų aptarnavimo srityje.
Anglų ir/ar rusų kalbų mokėjimas.
Gebėjimas dirbti kompiuteriu.
Mokėjimas dirbti kasos aparatu.
Sąžiningumas, lojalumas ir komunikabilumas.
Mes Jums siūlome:
Mes, įsikūrę žaliųjų pušynų, smėlio kopų ir Baltijos jūros draugijoje, pasitelkę savo žinias, patirtį ir energiją, siekiame sveikatinti ir rūpintis mūsų sanatorijos Gradiali svečių poilsiu.
Pats didžiausias mūsų, sanatorijos Gradiali, turtas – mūsų darbuotojai, su kuriais esame atviri, sąžiningi, puoselėjame lojalumą ir komandiškai siekiame išsikeltų tikslų ir laimėjimų.
Darbuotojams siūlome ypatingai geras darbo sąlygas ir daug pridėtinių verčių:
LYDERYSTĖ – darbas didžiausioje ir moderniausioje sveikatingumo ir svetingumo sektoriaus įmonėje Vakarų Lietuvoje.
ATLYGINIMAS – konkurencingas darbo užmokestis ir kasmėnesiniai priedai už gerus darbo rezultatus.
LANKSTUMAS – patogus darbo grafikas, rengiamas atsižvelgiant į darbuotojo asmeninius poreikius, suderintas darbo ir poilsio režimas.
TOBULĖJIMAS – profesinio tobulėjimo mokymai kiekvienam darbuotojui, kuriuos apmoka darbdavys.
KARJERA – profesinis augimas, plačios saviraiškos galimybės.
GEROVĖ – sriuba pietums nemokamai, antrasis (karštas) patiekalas - 3,50 Eur, galimybė nemokamai sportuoti sporto salėje ir lankytis baseinų ir pirčių erdvėje (nedarbo metu), nuolaidos sanatorijos teikiamoms paslaugoms.
KOMANDIŠKUMAS – profesionalūs, bičiūliškus tarpusavio santykius puoselėjantys kolegos, pasirengę visuomet padėti.
PAPILDOMOS PINIGINĖS PRIEMONĖS – išmokos gimus vaikui, sudarius santuoką, kanceliarinių priemonių krepšelis Rugsėjo 1-osios dienos proga, skirtas 3 ir daugiau vaikų auginantiems darbuotojams.
LINKSMYBĖS IR SAVIRAIŠKA – įmonės organizuojami baidarių, pėsčiųjų žygiai, didieji įmonės renginiai ir apdovanojimai.
Sanatorija Gradiali prie savo draugiškos ir profesionalios komandos kviečia prisijungti TAVE – mūsų naująjį kolegą!
Atlyginimas
Nuo 1428
                                €/mėn.
                                neatskaičius mokesčių",https://www.cvbankas.lt/baseino-administratorius-e-darbo-vieta-palangoje-palangoje/1-13308873,2026-04-17,2026-05-17,Paslaugos,,ACTIVE
Boulingo operatorius (-ė),UAB „Gerbona“,Mažeikiai,1300,1450,"Darbo pobūdis
Boulingo takelių paleidimas ir priežiūra;
Svečių registravimas ir aptarnavimas;
Boulingo įrangos veikimo priežiūra;
Smulkių techninių nesklandumų sprendimas;
Tvarkos ir švaros palaikymas darbo vietoje.
Reikalavimai
Atsakingumas ir kruopštumas;
Mandagus ir profesionalus bendravimas su svečiais;
Gebėjimas dirbti komandoje;
Mechaniko ar techninio darbo patirtis - didelis privalumas.
Daugiau informacijos tel +370 682 46461
Atlyginimas
1300-1450
                                €/mėn.
                                neatskaičius mokesčių",https://www.cvbankas.lt/boulingo-operatorius-e-mazeikiuose/1-13790667,2026-04-17,2026-05-17,Paslaugos,,ACTIVE
SAVANORIŲ KOORDINATORIUS (-Ė),Labdaros ir paramos fondas „Maisto bankas“,Kaunas,1500,1500,"Darbo pobūdis
Labdaros ir paramos fondas „Maisto bankas” - viena didžiausių nevyriausybinių organizacijų Lietuvoje. Pagrindinis mūsų veiklos tikslas - išgelbėti kuo daugiau tinkamo vartoti maisto nuo išmetimo ir perduoti jį stokojantiems. Šis darbo pasiūlymas skirtas tiems, kurie savo kasdienėje veikloje ieško prasmės bei nebijo iššūkių!
„Maisto banko“ Kauno padalinys prie savo komandos kviečia prisijungti energingą ir savanoriško darbo idėja tikintį savanorių koordinatorių.
Savanorių koordinatoriai:
telkia savanorių komandas „Maisto banko“ veikloms (pagalba sandėlyje, maisto atiduotuvėje, vairuojant);
veda mokymus savanoriams;
rūpinasi savanorių pritraukimu bei motyvavimu;
organizuoja savanorių renginius, rūpinasi bendruomeniška atmosfera;
atstovauja „Maisto banko“ Kauno padalinį savanorystei skirtuose renginiuose bei susitikimuose;
veda savanorių darbo laiko apskaitą, tvarko dokumentus (sutartys, soc. valandų pažymos)
Darbo laikas: I-V, 8-17 val.
Adresas: Pramonės pr. 16B, Kaunas, Urmo miestelis
Šiame darbe Jums puikiai seksis, jei:
suprantate, jog darbas su žmonėmis reikalauja atkaklumo, kantrybės, efektyvaus bendravimo, empatijos ir daug energijos;
atsakingai žiūrite į darbą ir gebate savarankiškai organizuoti savo veiklą;
nesibaiminate viešo kalbėjimo;
greitai orientuojatės ir prisitaikote prie kintančių aplinkybių;
laisvai dirbate kompiuteriu (MS Office, Google Apps);
mokate anglų (privalumas);
turite savanoriško darbo, darbo su savanoriais arba darbo žmogiškųjų išteklių valdyme patirties;
„Maisto bankas“ yra puiki vieta dirbti, nes:
„Maisto bankas“ – daugiau nei darbas, tai galimybė kurti pokyčius!
Tapsite talentingos ir ambicingos komandos dalimi vienoje didžiausių Lietuvos nevyriausybinių organizacijų.
Prisidėsite prie realių pokyčių – mažinsite maisto švaistymą ir padėsite stokojantiems savo regione.
Dirbsite draugiškoje ir palaikančioje aplinkoje, kur kiekviena diena – naujos galimybės augti ir tobulėti.
Atlyginimas
1500
                                €/mėn.
                                neatskaičius mokesčių",https://www.cvbankas.lt/savanoriu-koordinatorius-e-kaune/1-12916109,2026-04-17,2026-05-17,Paslaugos,,ACTIVE
Klientų aptarnavimo specialistai (-ės) Panevėžyje,UAB „Viada LT“,Panevėžys,1200,1600,"Darbo pobūdis:
Prie mūsų komandos kviečiame prisijungti klientų aptarnavimo specialistus (-es) dirbti VIADA degalinėse Panevėžyje
Jūsų laukia dinamiškas ir įdomus darbas, kuriame būsite atsakingas už įvairias darbo sritis, daug bendrausite su žmonėmis.
Mes Jus apmokysime ir suteiksime darbui reikalingus kvalifikacinius pažymėjimus.
Darbe Jūs turėsite:
Mandagiai aptarnauti klientus pagal įmonės nustatytus standartus;
Vykdyti aktyvius prekių ir paslaugų pardavimus;
Dirbti kasos aparatu;
Ruošti greitą maistą;
Rūpintis degalinės vidaus patalpomis ir aplinka.
Šiuo metu kviečiame prisijungti prie šių degalinių komandų:
Ramygalos g. 155 (degalinės darbo laikas 6-21 val., darbas pagal slenkantį darbo grafiką, darbo pamainų trukmė - iki 12 val.);
Terminuota darbo sutartis iki 2026 08 31
Panevėžys, J. Janonio g. 28A (Degalinės darbo laikas 06:22 val., darbas pagal slenkantį darbo grafiką, darbo pamainų trukmė iki 12 val.)
Teirautis telefonu:
+37067532252 (dėl darbo Ramygalos g. 155 deg.);
+37061069210 (dėl darbo J. Janonio g. 28A deg.)
Reikalavimai darbuotojui:
Darbas kasos aparatu būtų privalumas.
Įmonė siūlo:
Piniginius paskatinimus už išdirbtą stažą bendrovėje;
100 Eur ir 150 Eur priedus išdirbus 3 ir 6 mėnesius;
Papildomą sveikatos draudimą neribotai sumai (suėjus 6 mėn. darbo stažui);
50 % nuolaidą karštam maistui ir karštiems gėrimams (24/7);
50 % nuolaidą plovyklai, specialias nuolaidas prekėms ir kitoms paslaugoms (24/7);
Išskirtinę darbuotojo nuolaidą kurui (pasibaigus 3 mėn. bandomajam laikotarpiui);
Dovanas darbuotojams ir jų vaikams per šventes;
Apmokymus ir reikalingus kvalifikacinius pažymėjimus;
Patirtį didelėje ir augančioje įmonėje;
Kitas papildomas motyvacines priemones.
300 Eur paskatinimą rekomendavus ir sėkmingai įsidarbinus draugui.
Sveikatingumas
Sveikatos draudimas
Transportas
Kelionės į/iš darbo kompensavimas
Kiti privalumai
Nuolaidos įmonės produkcijai/paslaugoms
Atlyginimas
1200-1600
                                €/mėn.
                                neatskaičius mokesčių",https://www.cvbankas.lt/klientu-aptarnavimo-specialistai-es-panevezyje-panevezyje/1-13790617,2026-04-17,2026-05-17,Paslaugos,,ACTIVE
"Klientų aptarnavimo specialistas (-ė) Panevėžyje, Pušaloto g. 193A",UAB „Viada LT“,Panevėžys,1300,1600,"Darbo pobūdis:
Prie mūsų komandos kviečiame prisijungti klientų aptarnavimo specialistą (-ę) dirbti Panevėžio m. degalinėse
Jūsų laukia dinamiškas ir įdomus darbas, kuriame būsite atsakingas už įvairias darbo sritis, daug bendrausite su žmonėmis.
Neturinčius patirties - apmokysime ir suteiksime darbui reikalingus kvalifikacinius pažymėjimus.
Darbe Jūs turėsite:
Mandagiai aptarnauti klientus pagal įmonės nustatytus standartus;
Vykdyti aktyvius prekių ir paslaugų pardavimus;
Dirbti kasos aparatu;
Ruošti greitą maistą;
Rūpintis degalinės vidaus patalpomis ir aplinka.
Degalinės darbo laikas 05-24 val., darbas pagal slenkantį darbo grafiką, darbo pamainų trukmė - iki 12 val.
Terminuota darbo sutartis iki 2026-09-30 (vasaros sezonui)
Daugiau informacijos telefonu: +37068944431
Reikalavimai darbuotojui:
Atsakingas požiūris į darbą
Įmonė siūlo:
Piniginius paskatinimus už išdirbtą stažą bendrovėje;
100 Eur ir 150 Eur priedus išdirbus 3 ir 6 mėnesius;
Papildomą sveikatos draudimą neribotai sumai (suėjus 6 mėn. darbo stažui);
50 % nuolaidą karštam maistui ir karštiems gėrimams (24/7);
50 % nuolaidą plovyklai, specialias nuolaidas prekėms ir kitoms paslaugoms (24/7);
Išskirtinę darbuotojo nuolaidą kurui (pasibaigus 3 mėn. bandomajam laikotarpiui);
Dovanas darbuotojams ir jų vaikams per šventes;
Lankstų darbo grafiką su galimybe darbą derinti su studijomis ar kita veikla;
Apmokymus ir reikalingus kvalifikacinius pažymėjimus;
Patirtį didelėje ir augančioje įmonėje;
Kitas papildomas motyvacines priemones.
300 Eur paskatinimą rekomendavus ir sėkmingai įsidarbinus draugui.
Sveikatingumas
Sveikatos draudimas
Kiti privalumai
Nuolaidos įmonės produkcijai/paslaugoms
Atlyginimas
1300-1600
                                €/mėn.
                                neatskaičius mokesčių",https://www.cvbankas.lt/klientu-aptarnavimo-specialistas-e-panevezyje-pusaloto-g-193a-panevezyje/1-13790615,2026-04-17,2026-05-17,Paslaugos,,ACTIVE
Kokybės specialistė (-as),UAB „HRX“,Vilnius,1680,2000,"Ieškome atsakingo Kokybės specialisto (-ės), kuris (-i) prisijungtų prie mūsų komandos ir būtų atsakingas (-a) už kokybės užtikrinimą, procesų priežiūrą bei nuolatinį jų tobulinimą.
Darbo pobūdis
Vidinių kokybės procesų administravimas kasdienėje veikloje.
Neatitikimų analizė, priežasčių nustatymas bei prevencinių veiksmų įgyvendinimas.
Duomenų rinkimas, analizė, įžvalgų ir rekomendacijų teikimas.
Dalyvavimas kuriant ar atnaujinant vidinius kokybės procesus.
Bendradarbiavimas su skirtingais skyriais dėl procesų laikymosi.
Krovinių žalų administravimas: registravimas, analizė ir sprendimų koordinavimas.
Mes tikimės, kad Tu:
Turi patirties krovinių pervežimo srityje. Tai būtų privalumas, bet priimsime ir kandidatą, norintį mokytis.
Esi kruopštumas, atsakingas, gebi pastebėti detales.
Gebi dirbti tiek savarankiškai, tiek komandoje.
Gebi bendrauti anglų kalba (tiek raštu, tiek žodžiu).
Turi gerus darbo su MS Office įgūdžius (Word, Excel, Outlook).
Mes siūlome:
Dinamišką ir atsakingą darbą augančioje įmonėje.
Draugišką ir profesionalią komandą.
Vidinę pagalbą ir realią galimybę tobulėti krovinių pervežimo ir kokybės srityje.
Papildomą sveikatos draudimą po bandomojo laikotarpio.
Draudimą nuo nelaimingų atsitikimų 24/7, kuris galioja tiek darbo, tiek nedarbo metu.
Įmonė siūlo
Sveikatingumas
Sveikatos draudimas
Transportas
Nemokamas automobilio parkingas
Atlyginimas
1680-2000
                                €/mėn.
                                neatskaičius mokesčių
Konkretus darbo užmokestis siūlomas atsižvelgiant į darbo patirtį ir kompetencijas. Darbo vieta adresu: Vilties g. 15, Kuprioniškės, Vilniaus r. sav. (darbo vieta patogiai pasiekiama viešuoju transportu).
Atkreipiame dėmesį, jog susisieksime tik su atrinktais kandidatais.",https://www.cvbankas.lt/kokybes-specialiste-as-vilniuje/1-13790327,2026-04-17,2026-05-17,Paslaugos,,ACTIVE
Padavėjas (-a) (pusryčiai),UAB „VILLON“,Vilnius,1200,1400,"Darbo pobūdis
Malonus ir kokybiškas viešbučio svečių aptarnavimas pusryčių metu.
Atsiskaitymų priėmimas.
Tvarkos ir švaros darbo vietoje užtikrinimas.
Darbas slenkančiu grafiku, rytinėmis pamainomis.
Reikalavimai darbuotojui
Darbo patirtis privalumas.
Geras anglų kalbos mokėjimas (rusų kalba būtų privalumas).
Stipri motyvacija darbui, noras dirbti ir užsidirbti.
Greita orientacija, savarankiškumas ir iniciatyvumas.
Įmonė siūlo
Draugišką komandą.
Mokymą, tobulėjimą ir karjeros galimybes tiek maitinimo, tiek kituose viešbučio padaliniuose.
Organizuojame atvežimą į / iš darbo bei maitinimą
Atlyginimas
1200-1400
                                €/mėn.
                                neatskaičius mokesčių
Atlyginimas priklauso nuo kandidato patirties.",https://www.cvbankas.lt/padavejas-a-pusryciai-vilniuje/1-13790527,2026-04-17,2026-05-17,Paslaugos,,ACTIVE
"Padavėja (-as) Senamiestyje, Vilniuje","Restoranų Grupė Fortas, UAB",Vilnius,7,35,"Darbo pobūdis
Svajoji tapti tikru restorano svečių aptarnavimo profesionalu? Prisijunk prie draugiškos ir motyvuotos mūsų komandos! Įgyk naujos patirties ir tapk dalimi atsakingos ir besiplečiančios įmonės.
Padavėjos (-o) darbas ETNO DVARAS restorane (Pilies g. 16) Vilniuje, SENAMIESTYJE. Slenkantis darbo grafikas . Pilnas etatas.
Reikalavimai darbuotojui
Orientacija į svečią, jo poreikius ir aptarnavimo kokybę;
Komunikabilumas, gera nuotaika ir plati šypsena;
Sąžiningumas ir atsakingumas;
Noras mokytis ir tobulėti;
Neturinčius patirties išmokysime
Priimame turinčius 18 metų.
Įmonė siūlo
Motyvuojantį atlyginimą, galimybę gauti priedus už darbo rezultatus;
Lankstų darbo grafiką, derinamą su studijomis;
Galimybę tobulėti ir siekti karjeros;
Nuolaidą mūsų maisto patiekalams;
Pavežėjimo paslaugą dirbant vakarinėse pamainose;
Didelį arbatpinigių potencialą.
Telefonas pasiteirauti +370 656 13688
Atlyginimas
7,35
                                €/val.
                                neatskaičius mokesčių
Atlyginimas derinamas nuo turimos patirties.",https://www.cvbankas.lt/padaveja-as-senamiestyje-vilniuje-vilniuje/1-13790409,2026-04-17,2026-05-17,Paslaugos,,ACTIVE
Valytoja (-as),"Cleaning Services, MB",Vilnius,8,15,"Darbo pobūdis
🌟 Ieškome mobilios valytojos (-o)! Prisijunk prie mūsų komandos! 🌟
Ieškome atsakingos, kruopščios ir motyvuotos mobilios valytojos darbui įvairiuose objektuose. Jei mėgsti tvarką, vertini lankstumą ir nori stabilaus darbo – laukiame Tavęs!
✅ Siūlome:
Lankstų darbo grafiką – darbo valandas pritaikome pagal Tavo poreikius
Draugišką ir palaikančią komandą
Stabilų ir laiku mokamą atlyginimą
Visas darbui reikalingas priemones
Galimybę dirbti pilnu arba daliniu etatu
✅ Darbo pobūdis:
Įvairių patalpų valymas
Tvarkos ir švaros palaikymas
Darbas skirtinguose objektuose
✅ Tikimės:
Atsakingumo ir kruopštumo
Punktualumo
Gebėjimo dirbti savarankiškai
Vairuotojo pažymėjimas – privalumas
📍 Darbo vieta: mobilus darbas skirtinguose objektuose📞 Susisiek su mumis jau šiandien ir aptarsime Tau patogiausią darbo grafiką!
Įmonė siūlo
Darbo ir laisvalaikio balansas
Lankstus darbo grafikas
Transportas
Kelionės į/iš darbo kompensavimas
Kiti privalumai
Reguliarūs mokymai
Atlyginimas
8-15
                                €/val.
                                į rankas",https://www.cvbankas.lt/valytoja-as-vilniuje/1-13790307,2026-04-17,2026-04-27,Paslaugos,,ACTIVE
Vyr. Buhalteris (-ė),UAB „AFServices“,Vilnius,2800,3650,"Pasikalbėkime apie kitą tavo karjeros žingsnį 🎯
Esi sukaupęs(-usi) stiprios buhalterinės patirties ir ieškai komandos, kurioje galėtum toliau augti – kviečiame pasikalbėti! AFServices dirbame su klientais iš įvairių pasaulio šalių ir padedame jiems tvarkytis su buhalteriniais, mokesčių ir finansų klausimais. Vertiname profesionalumą, tikslumą ir kokybišką bendradarbiavimą🤝
Šiuo metu į komandą kviečiame Vyr. buhalterį (-ę) – žmogų, kuris pasitiki savo žiniomis, nori gilintis, tobulėti ir augti kartu su palaikančiais kolegomis. Tavęs laukia darbas su įvairiais projektais, procesų tobulinimo iniciatyvos bei galimybė dalintis savo patirtimi.
Tavo pagrindinės atsakomybės
Buhalterinės apskaitos nuo pirminių dokumentų iki finansinių atskaitomybių sudarymas;
Mokestinių, finansinių ir statistinių ataskaitų bei deklaracijų rengimas ir teikimas valstybinėms institucijoms ir vadovybei;
Darbo užmokesčio skaičiavimas;
Apskaitos procesų vystymas, tobulinimas ir priežiūra;
Kitos su buhalterine apskaita susijusios užduotys;
Jaunesniųjų kolegų ugdymas, puoselėjant aukštos kokybės komandos kultūrą.
Tikimės, jog tu
Turi aukštąjį išsilavinimą buhalterinės apskaitos, finansų, ekonomikos ar panašioje srityje;
Esi sukaupęs (-usi) ne mažiau nei 2 metus vyr. buhalterio darbo patirties;
Puikiai išmanai LR Buhalterinę apskaitą reglamentuojančius įstatymus ir kitus teisės aktus;
Laisvai kalbi lietuvių kalba ir turi gerus anglų kalbos įgūdžius;
Pasižymi atsakingumu, kruopštumu, atidumu ir greita orientacija;
Esi iniciatyvi asmenybė, siekianti judėti į priekį ir pasiekti užsibrėžtus tikslus.
Būtų puiku, jeigu tu:
Turi patirties dirbant su BSS programa;
Turi patirties dirbant su kitų šalių apskaita.
Ką tau siūlome
Mes tikime, kad darbas turi įkvėpti, suteikti energijos ir prasmės – todėl stengiamės kurti aplinką, kurioje gera augti ir dirbti ❤️. Prisijungęs(-usi) prie AFServices komandos gali tikėtis:
Palaikančios ir profesionalios komandos, kuri visuomet pasiruošusi dalintis žiniomis ir pasidžiaugti tavo pasiekimais;
Atviros ir bendradarbiavimu grįstos kultūros – nuo spontaniškų kavos pokalbių iki smagių įmonės tradicijų ir renginių;
Erdvės augti – tiek per žinias ir mokymus, tiek per naujus vaidmenis komandoje, kai esi pasiruošęs(-usi) žengti toliau;
Lankstaus hibridinio darbo modelio, kuris prisitaiko prie tavo gyvenimo ritmo ir padeda išlaikyti darbo bei poilsio balansą;
Sveikatos draudimo, papildomų atostogų dienų po bandomojo laikotarpio bei metinės premijos už tavo atsidavimą ir indėlį;
Sporto ir sveikatingumo iniciatyvų, kad tavo kūnas būtų toks pat stiprus kaip ir protas;
Workation galimybių – pakeisk aplinką ir tuo pačiu išlik produktyvus(-i).
Smalsu sužinoti daugiau? Pasikalbėkime✅
- - -
Dėkojame už jūsų susidomėjimą! Susisieksime su kandidatais, kuriuos kviesime tęsti atrankos procesą.
Atlyginimas
2800-3650
                                €/mėn.
                                neatskaičius mokesčių",https://www.cvbankas.lt/vyr-buhalteris-e-vilniuje/1-12682991,2026-04-16,2026-05-16,Finansai / Bankai,,ACTIVE
Apskaitininkė (-as),UAB „MITRADA“,Vilnius,1100,1400,"Darbo pobūdis
Transporto įmonės apskaitos dokumentų administravimas ir priežiūra
vairuotojų ataskaitų skaičiavimas, avanso apyskaitų sudarymas;
saskaitų faktūrų išrašymas
vairuotojų darbo laiko apskaita
personalo dokumentų tvarkymas
kitų vyr. finansininkės pavestų užduočių vykdymas
Reikalavimai darbuotojui
atsakingumas, greita orientacija, komunikabilumas;
būtina LENKŲ ir RŪSŲ kalbos (bendravimas su įmonės vairuotojais jiems suprantama kalba );
geri darbo kompiuteriu ir raštvedybos įgūdžiai;
patirtis transporto įmonėje būtų privalumas
Konkretus darbo užmokestis siūlomas atsižvelgiant į darbo patirtį, kompetenciją , atitikimą įmonės keliamiems reikalavimams
Galime apmokyti pradėjus dirbti.
Įmonė siūlo
darbą draugiškame kolektyve;
geras darbo sąlygas;
visas priemones būtinas darbui;
mokymus pradėjus dirbti, kolegų pagalba.
nemokami užkandžiai ir kava biure
Atlyginimas
1100-1400
                                €/mėn.
                                į rankas
Atlyginimo dydis priklauso nuo turimų kompetencijų.",https://www.cvbankas.lt/apskaitininke-as-vilniuje/1-13777895,2026-04-13,2026-05-13,Finansai / Bankai,,ACTIVE
Buhalterė (-is),"Projektana Group, UAB",Kaunas,1300,1600,"Darbo pobūdis
Kuro apskaita: įvertinimas, normų kontrolė, duomenų apdorojimas ir suvedimas į sistemas, ataskaitos.
Pirkimų, nurašymų dokumentų apskaita.
Dokumentų tvarkymas dokumentų valdymo sistemoje ir įvedimas į apskaitos programą.
Kiti apskaitos vadovės paskirti darbai.
Mūsų pageidavimai
Išsilavinimas apskaitos, finansų srityje.
Puikūs kompiuteriniai įgūdžiai, Excel programa, MS Office.
Kruopštumas, atidumas, atsakingumas, savarankiškumas.
Privalumas : analogiško darbo patirtis, darbo įgūdžiai su Euroskaita, Vecticum, Xirgo global.
Mūsų pasiūlymai
Darbą stabilioje, šiuolaikiškoje įmonėje.
Visas socialines garantijas.
Darbui reikalingas priemones.
Draugišką, profesionalų kolektyvą.
Nelaimingų atsitikimų draudimo galiojimą visą parą (24/7)
Nemokamus pietus.
Kitas naudas.
Atlyginimas
1300-1600
                                €/mėn.
                                į rankas",https://www.cvbankas.lt/buhaltere-is-kaune/1-13763603,2026-04-07,2026-05-07,Finansai / Bankai,,ACTIVE
Buhalteris (-ė),UAB „AFServices“,Vilnius,2300,2700,"Pasikalbėkime apie kitą tavo karjeros žingsnį 🎯
Esi sukaupęs(-usi) patirties buhalterijoje ir ieškai aplinkos, kur galėtum toliau augti bei gilinti žinias? Prisijunk prie AFServices komandos! Mes dirbame su įvairių šalių klientais ir padedame jiems spręsti buhalterinius, mokesčių bei finansų klausimus. Vertiname atsakomybę, tikslumą ir profesionalų bendradarbiavimą🤝.
Šiuo metu, prie LT portfelio komandos kviečiame prisijungti buhalterį (-ę), kuris (-i) norėtų prisidėti prie įvairių projektų, tobulinti procesus ir augti kartu su savo srities specialistais.
Tavo pagrindinės atsakomybės
Pirminis buhalterinių dokumentų registravimas ir tvarkymas;
Bankinių operacijų apskaita;
Pagalba rengiant finansines ar kitas ataskaitas;
Dalyvavimas audito procese, užtikrinant vietinių apskaitos standartų laikymąsi;
Kitos užduotys, atliekamos bendradarbiaujant su patyrusiais kolegomis.
Tikimės, jog tu
Turi aukštąjį/aukštesnįjį išsilavinimą buhalterinės apskaitos, finansų, ekonomikos ar kitoje panašioje srityje;
Esi sukaupęs(-usi) 2–3 metų darbo patirtį apskaitos srityje;
Gebi analizuoti informaciją, esi kruopštus(-i) ir atidus(-i) detalėms;
Esi motyvuotas(-a), iniciatyvus(-i) ir orientuotas(-a) į nuolatinį tobulėjimą;
Gebi savarankiškai organizuoti savo darbą ir priimti sprendimus kasdienėse situacijose;
Mėgsti dirbti komandoje ir turi gerus bendradarbiavimo įgūdžius.
Būtų puiku, jeigu tu:
Gerai moki anglų kalbą – tiek žodžiu, tiek raštu;
Išmanai darbo užmokesčio apskaitą;
Turi patirties dirbant su BSS, NetSuite ir/ar Rivilė programomis.
Ką tau siūlome
Mes tikime, kad darbas turi įkvėpti, suteikti energijos ir prasmės – todėl stengiamės kurti aplinką, kurioje gera augti ir dirbti ❤️. Prisijungęs(-usi) prie AFServices komandos gali tikėtis:
Palaikančios ir profesionalios komandos, kuri visuomet pasiruošusi dalintis žiniomis ir pasidžiaugti tavo pasiekimais;
Atviros ir bendradarbiavimu grįstos kultūros – nuo spontaniškų kavos pokalbių iki smagių įmonės tradicijų ir renginių;
Erdvės augti – tiek per žinias ir mokymus, tiek per naujus vaidmenis komandoje, kai esi pasiruošęs(-usi) žengti toliau;
Lankstaus hibridinio darbo modelio, kuris prisitaiko prie tavo gyvenimo ritmo ir padeda išlaikyti darbo bei poilsio balansą;
Sveikatos draudimo, papildomų atostogų dienų po bandomojo laikotarpio bei metinės premijos už tavo atsidavimą ir indėlį;
Sporto ir sveikatingumo iniciatyvų, kad tavo kūnas būtų toks pat stiprus kaip ir protas;
Workation galimybių – pakeisk aplinką ir tuo pačiu išlik produktyvus(-i).
Smalsu sužinoti daugiau? Pasikalbėkime✅
- - -
Dėkojame už jūsų susidomėjimą! Susisieksime su kandidatais, kuriuos kviesime tęsti atrankos procesą.
Atlyginimas
2300-2700
                                €/mėn.
                                neatskaičius mokesčių",https://www.cvbankas.lt/buhalteris-e-vilniuje/1-13235437,2026-03-27,2026-04-26,Finansai / Bankai,,ACTIVE
International Management Trainee,"IKI Lietuva, UAB",Vilnius,1890,1890,"You have an affinity for retail? You would like to work on international projects in a team as well as on your own? You are curious, eager to learn and thinking outside the box comes naturally to you? If so, we want you on our team! Boost your career and join our 16-month International Management Trainee Program! Become a vital part of shaping the future of retail!
Program start:
01.09.2026
Application deadline:
23.04.2026
Place of employment: Vilnius, Lithuania
Type of contract: Full time;
Salary: 1 890 EUR (before taxes)
What we offer:
Individual program: Your path through the program will be customized according to your profile and interest.
Mentoring and Networking: Benefit from a personal mentor on a high management level, a buddy from trainee side and group-wide networking.
Professional and personal development: Receive special professional and personal development trainings and coaching.
International career opportunities: Establish your network and choose from exciting offers your position after completion.
Modern working environment & benefits: company mobile phone, laptop, hybrid work model, employee discounts at IKI stores, private health insurance.
What you will work on:
Core Business: Discover our core business in our stores in your country of employment, enjoying extensive basic training to handle your first management responsibilities and get further insights into our supply chain.
International Project: Join an exciting project abroad to get to know our international business in a foreign business unit.
Rotation: Take active roles via job rotation in selected departments in a central division of your country of employment.
Headquarter Project: Join a comprehensive project in our Austrian or German headquarters.
Focus: Get to know the local interfaces of the future position in the company via quick rotations.
What we are looking for:
Academic degree – Master, preferably with focus on business
Practical or international experience – either through internships or studies abroad – are a further advantage, but we also address young professionals
Enthusiastic and curious about the retail industry
Ambitious team player with high personal commitment as well as strong communication, project management and analytical skills
Fluent in Lithuanian & English
Keen to travel, with a willingness to pursue international career opportunities
Your application should include meaningful Curriculum Vitae (CV)
Check out our career page
rewe-group.jobs/en/einstiegsmoeglichkeiten/imtp
for more info about our program and a lot of insights from our trainees and graduates. We know that applying for a trainee program can be both exciting and intimidating, but don’t worry - our recruiting team will be on hand every step of the way, but if you have any questions or concerns before applying, feel free to reach out to us at   or +37065696339 (Talent Acquisition and Recruitment Specialist).
We look forward to your application!
Atlyginimas
Nuo 1890
                                €/mėn.
                                neatskaičius mokesčių",https://www.cvbankas.lt/international-management-trainee-vilniuje/1-13755211,2026-03-27,2026-04-26,Finansai / Bankai,,ACTIVE
Vyr. Buhalteris (-ė),MB „Brand clinic“,Kaunas,2600,4000,"Darbo pobūdis
Darbo pobūdis:
Mėnesio ir metinių mokesčių deklaracijų rengimas
Darbo užmokesčio apskaičiavimas ir deklaravimas
Ataskaitų rengimas
Apskaitininko atliktų darbų peržiūra (darbas komandoje)
Pilnos finansinės atskaitomybės rengimas
Įvairios kasdienės buhalterinės užduotys, prisidedančios prie sklandžios įmonių veiklos.
Darbo vieta Kaune (Akademija)
Darbuotojas turėtų:
4 metai vyr. buhalterio patirtis tvarkant pilną įmonių buhalterinę apskaitą;
""Didžioji knyga"" viena iš mėgstamiausių tavo knygų;
Pilnatis neišmuša tavęs iš vėžių;
Savarankiškumas, nėra tik užrašas CV;
VMI naujovės dar neparalyžavo tavo nervų ląstelių;
Patirtis dirbant su apskaitos programomis.
Esi komunikabilus. Ir darbas kolektyve nėra tau priešas.
Privalumas buhalterinių programų (pvz. Euroskaita, Agnum, Tėja, Centas, Itax ar kiti) įgūdžiai.
Įmonė siūlo
Darbo ir laisvalaikio balansas
Lankstus darbo grafikas
Kiti privalumai
Reguliarūs mokymai
Atlyginimas
2600-4000
                                €/mėn.
                                neatskaičius mokesčių",https://www.cvbankas.lt/vyr-buhalteris-e-kaune/1-9799589,2026-03-24,2026-04-23,Finansai / Bankai,,ACTIVE
Darbo užmokesčio buhalteris (-ė),UAB „Vykom“,Kaunas,2800,3150,"Būsite atsakingas(-a) už:
Darbo užmokesčio apskaitą (suminė darbo laiko apskaita), atostogų kaupinių sudarymą
GPM ir Sodros mokesčių skaičiavimą, derinimą su mokesčių institucijomis
Bendravimą anglų kalba (pagrinde raštu) su susijusių įmonių buhalteriais kitose šalyse (Vokietija, Prancūzija)
Darbuotojų konsultavimą darbo užmokesčio klausimais, pažymų parengimą
Kitų susijusių užduočių vykdymą
Mes tikimės, kad Jūs:
Esate įgijęs aukštąjį išsilavinimą (finansų ar buhalterinės apskaitos srityje)
Turite daugiau nei 3-ių metų sėkmingos panašaus darbo patirties (suminės darbo laiko apskaitos patirtis –didelis privalumas)
Išmanote ir gebate taikyti LR teisės aktus, reglamentuojančius buhalterinę apskaitą
Bendraujate anglų kalba
Esate kruopštus, atidus, sąžiningas, greitai mokotės
Darbo patirtis apskaitos programa Pragma 4.0 – privalumas
Darbo patirtis transporto įmonėje– privalumas
Mes siūlome:
Įdomų darbą dinamiškoje aplinkoje
Tapti šaunios ir profesionalios komandos dalimi
Galimybę pritaikyti ir tobulinti turimas kompetencijas
Šiuolaikiškai įrengtą biurą Kauno centre
Atlyginimas
2800-3150
                                €/mėn.
                                neatskaičius mokesčių",https://www.cvbankas.lt/darbo-uzmokescio-buhalteris-e-kaune/1-13640201,2026-03-23,2026-04-25,Finansai / Bankai,,ACTIVE
Vyr. Buhalterė (-is),UAB „Valdema“,Marijampolė,1800,2200,"Darbo pobūdis
Galima pilnu arba nepilnu etatu
Įmonės buhalterinės apskaitos tvarkymas;
bankinių operacijų vykdymas;
ataskaitų, deklaracijų rengimas ir teikimas VMI ir VSDF;
įmonės finansinių ir mokestinių ataskaitų rengimas, teikimas;
dalyvavimas audito procesuose;
ataskaitų vadovui ruošimas;
darbo užmokesčio skaičiavimas.
Reikalavimai darbuotojui
Aukštesnysis išsilavinimas ekonomikos, finansų srityje;
darbo patirtis apskaitos arba buhalterijos srityje ne mažiau kaip 2 metai;
buhalterinės apskaitos įstatymų išmanymas;
LR buhalterinės apskaitos, pelno mokesčio, PVM įstatymų ir kitų teisės aktų išmanymas;
patirtis transporto įmonėje - privalumas;
darbas buhalterine programa - Debetas.
Atlyginimas
1800-2200
                                €/mėn.
                                į rankas",https://www.cvbankas.lt/vyr-buhaltere-is-marijampoleje/1-9603077,2026-03-16,2026-04-20,Finansai / Bankai,,ACTIVE
Analitikas (-ė) Modelių rizikos grupėje,AB Artea bankas,Vilnius,2600,3890,"Arčiau kiekvieno esantis bankas – taip, tai apie mus!
Esame tikri, kad tavo karjera gali prasidėti arba sėkmingai tęstis būtent čia.
Šiandien į
Artea banko
komandą kviečiame motyvuotą ir atsakingą
Analitiką (-ę) Modelių rizikos grupėje,
kuris (-i) yra pasiruošęs (-usi) dirbti komandoje, bendrai priimti sprendimus, siekti užsibrėžtų tikslų, būtų atviras (-a) diskusijai, norėtų dirbti pasitikėjimu grįstoje kultūroje ir, žinoma, būti #arčiau.
Kasdien būsi #arčiau ir:
Kursi metodikas ir pažangius įrankius, naudojamus modelių peržiūros procese;
Atliksi banke naudojamų modelių validavimą tiek kiekybiniu, tiek kokybiniu požiūriu;
Vertinsi modeliuose naudojamų duomenų kokybę;
Teiksi su modelių rizikos valdymu ir modelių validavimu susijusias ataskaitas;
Prisidėsi prie modelių rizikos valdymo sistemos palaikymo;
Stebėsi priežiūros institucijų reikalavimus modelių rizikai ir taikysi juos banko veikloje;
Prisidėsi prie organizacijos rizikos kultūros vystymo.
Tam, kad būtum #arčiau, tau prireiks:
Universitetinio išsilavinimo finansų, statistikos, matematikos, duomenų mokslo, ekonometrijos, fizikos, inžinerijos ar panašioje srityje;
Ne mažiau kaip 3 metų programavimo patirties dirbant su analitiniais įrankiais, tokiais kaip Python ar SQL;
Patirtis modelių kūrimo ar validavimo srityje būtų privalumas;
Gerų statistikos ir programavimo (R, Python) žinių bei duomenų apdorojimo įgūdžių;
Supratimas apie reguliacinius reikalavimus, tokius kaip Bazelio susitarimai, ECB ir EBA gairės, būtų privalumas;
Analitinio ir strateginio mąstymo, gebėjimo teoriją paversti praktiniais sprendimais;
Gerų rašytinės ir žodinės komunikacijos įgūdžių lietuvių ir anglų kalbomis;
Aiškaus ir nuoseklaus rizikų bei atitikties kultūros laikymosi – gebėjimo integruoti rizikos ir atitikties principus į sprendimus, užtikrinant skaidrią, patikimą ir tvarią veiklą.
Būdamas #arčiau tu gausi:
Žalią šviesą tavo idėjoms.
Tavo siūlymai bus išgirsti – vertiname savarankiškumą, smalsumą ir iniciatyvą.
Vadovą
,
kuris padeda augti. Gausi aiškią kryptį ir palaikymą, bet daug laisvės veikti bei tobulėti
Organizaciją, kuri keičiasi.
Pokytis į Artea reiškia ne tik naują pavadinimą – tai naujos idėjos, požiūriai, galimybės kurti kultūrą iš vidaus.
Pasiekimus, kurie gyvuoja Lietuvoje.
Ypatingai didžiuojamės būdami lietuvišku banku, tikime, kad mūsų kraštas ir mūsų žmonės yra ypatingi, todėl, savo ruožtu, kasdien darome viską, kad padėtume jiems atsiskleisti.
Asmeninių naudų krepšelį.
Sveikatos draudimas, pensijų kaupimo programa, papildomos atostogos, lanksti darbo pradžia, moderni infrastruktūra – ir čia dar toli gražu ne visas mūsų naudų sąrašas!
Atlygį.
Konkretus atlygis priklausys nuo darbo patirties bei kompetencijų, todėl nurodome tik galimą rėžį:
nuo 2600.00 iki 3890.00 EUR
neatskaičius mokesčių.
Priedus.
Darbuotojams mokame priedus, priklausančius nuo banko, komandos ir tavo paties rezultatų.
Kas dar svarbu?
Nori patirti, ką reiškia dirbti Artea banko grupėje ir būti #arčiau? Užpildyk formą, atsiųsk mums informaciją apie save iki
2026 04 18
ir pasikalbėkime. Nekantriai laukiame, kol visa tai galėsime tau parodyti!
Atlyginimas
2600-3890
                                €/mėn.
                                neatskaičius mokesčių",https://www.cvbankas.lt/analitikas-e-modeliu-rizikos-grupeje-vilniuje/1-13740581,2026-04-17,2026-05-18,Finansai / Bankai,,ACTIVE
Analitikas (-ė) Modelių rizikos grupėje,AB Artea bankas,Kaunas,2500,3750,"Arčiau kiekvieno esantis bankas – taip, tai apie mus!
Esame tikri, kad tavo karjera gali prasidėti arba sėkmingai tęstis būtent čia.
Šiandien į
Artea banko
komandą kviečiame motyvuotą ir atsakingą
Analitiką (-ę) Modelių rizikos grupėje,
kuris (-i) yra pasiruošęs (-usi) dirbti komandoje, bendrai priimti sprendimus, siekti užsibrėžtų tikslų, būtų atviras (-a) diskusijai, norėtų dirbti pasitikėjimu grįstoje kultūroje ir, žinoma, būti #arčiau.
Kasdien būsi #arčiau ir:
Kursi metodikas ir pažangius įrankius, naudojamus modelių peržiūros procese;
Atliksi banke naudojamų modelių validavimą tiek kiekybiniu, tiek kokybiniu požiūriu;
Vertinsi modeliuose naudojamų duomenų kokybę;
Teiksi su modelių rizikos valdymu ir modelių validavimu susijusias ataskaitas;
Prisidėsi prie modelių rizikos valdymo sistemos palaikymo;
Stebėsi priežiūros institucijų reikalavimus modelių rizikai ir taikysi juos banko veikloje;
Prisidėsi prie organizacijos rizikos kultūros vystymo.
Tam, kad būtum #arčiau, tau prireiks:
Universitetinio išsilavinimo finansų, statistikos, matematikos, duomenų mokslo, ekonometrijos, fizikos, inžinerijos ar panašioje srityje;
Ne mažiau kaip 3 metų programavimo patirties dirbant su analitiniais įrankiais, tokiais kaip Python ar SQL;
Patirtis modelių kūrimo ar validavimo srityje būtų privalumas;
Gerų statistikos ir programavimo (R, Python) žinių bei duomenų apdorojimo įgūdžių;
Supratimas apie reguliacinius reikalavimus, tokius kaip Bazelio susitarimai, ECB ir EBA gairės, būtų privalumas;
Analitinio ir strateginio mąstymo, gebėjimo teoriją paversti praktiniais sprendimais;
Gerų rašytinės ir žodinės komunikacijos įgūdžių lietuvių ir anglų kalbomis;
Aiškaus ir nuoseklaus rizikų bei atitikties kultūros laikymosi – gebėjimo integruoti rizikos ir atitikties principus į sprendimus, užtikrinant skaidrią, patikimą ir tvarią veiklą.
Būdamas #arčiau tu gausi:
Žalią šviesą tavo idėjoms.
Tavo siūlymai bus išgirsti – vertiname savarankiškumą, smalsumą ir iniciatyvą.
Vadovą
,
kuris padeda augti. Gausi aiškią kryptį ir palaikymą, bet daug laisvės veikti bei tobulėti
Organizaciją, kuri keičiasi.
Pokytis į Artea reiškia ne tik naują pavadinimą – tai naujos idėjos, požiūriai, galimybės kurti kultūrą iš vidaus.
Pasiekimus, kurie gyvuoja Lietuvoje.
Ypatingai didžiuojamės būdami lietuvišku banku, tikime, kad mūsų kraštas ir mūsų žmonės yra ypatingi, todėl, savo ruožtu, kasdien darome viską, kad padėtume jiems atsiskleisti.
Asmeninių naudų krepšelį.
Sveikatos draudimas, pensijų kaupimo programa, papildomos atostogos, lanksti darbo pradžia, moderni infrastruktūra – ir čia dar toli gražu ne visas mūsų naudų sąrašas!
Atlygį.
Konkretus atlygis priklausys nuo darbo patirties bei kompetencijų, todėl nurodome tik galimą rėžį:
nuo 2500.00 iki 3750.00 EUR
neatskaičius mokesčių.
Priedus.
Darbuotojams mokame priedus, priklausančius nuo banko, komandos ir tavo paties rezultatų.
Kas dar svarbu?
Nori patirti, ką reiškia dirbti Artea banko grupėje ir būti #arčiau? Užpildyk formą, atsiųsk mums informaciją apie save iki
2026 04 18
ir pasikalbėkime. Nekantriai laukiame, kol visa tai galėsime tau parodyti!
Atlyginimas
2500-3750
                                €/mėn.
                                neatskaičius mokesčių",https://www.cvbankas.lt/analitikas-e-modeliu-rizikos-grupeje-kaune/1-13740579,2026-04-17,2026-05-18,Finansai / Bankai,,ACTIVE
Analitikas (-ė) Modelių rizikos grupėje,AB Artea bankas,Šiauliai,2420,3630,"Arčiau kiekvieno esantis bankas – taip, tai apie mus!
Esame tikri, kad tavo karjera gali prasidėti arba sėkmingai tęstis būtent čia.
Šiandien į
Artea banko
komandą kviečiame motyvuotą ir atsakingą
Analitiką (-ę) Modelių rizikos grupėje,
kuris (-i) yra pasiruošęs (-usi) dirbti komandoje, bendrai priimti sprendimus, siekti užsibrėžtų tikslų, būtų atviras (-a) diskusijai, norėtų dirbti pasitikėjimu grįstoje kultūroje ir, žinoma, būti #arčiau.
Kasdien būsi #arčiau ir:
Kursi metodikas ir pažangius įrankius, naudojamus modelių peržiūros procese;
Atliksi banke naudojamų modelių validavimą tiek kiekybiniu, tiek kokybiniu požiūriu;
Vertinsi modeliuose naudojamų duomenų kokybę;
Teiksi su modelių rizikos valdymu ir modelių validavimu susijusias ataskaitas;
Prisidėsi prie modelių rizikos valdymo sistemos palaikymo;
Stebėsi priežiūros institucijų reikalavimus modelių rizikai ir taikysi juos banko veikloje;
Prisidėsi prie organizacijos rizikos kultūros vystymo.
Tam, kad būtum #arčiau, tau prireiks:
Universitetinio išsilavinimo finansų, statistikos, matematikos, duomenų mokslo, ekonometrijos, fizikos, inžinerijos ar panašioje srityje;
Ne mažiau kaip 3 metų programavimo patirties dirbant su analitiniais įrankiais, tokiais kaip Python ar SQL;
Patirtis modelių kūrimo ar validavimo srityje būtų privalumas;
Gerų statistikos ir programavimo (R, Python) žinių bei duomenų apdorojimo įgūdžių;
Supratimas apie reguliacinius reikalavimus, tokius kaip Bazelio susitarimai, ECB ir EBA gairės, būtų privalumas;
Analitinio ir strateginio mąstymo, gebėjimo teoriją paversti praktiniais sprendimais;
Gerų rašytinės ir žodinės komunikacijos įgūdžių lietuvių ir anglų kalbomis;
Aiškaus ir nuoseklaus rizikų bei atitikties kultūros laikymosi – gebėjimo integruoti rizikos ir atitikties principus į sprendimus, užtikrinant skaidrią, patikimą ir tvarią veiklą.
Būdamas #arčiau tu gausi:
Žalią šviesą tavo idėjoms.
Tavo siūlymai bus išgirsti – vertiname savarankiškumą, smalsumą ir iniciatyvą.
Vadovą
,
kuris padeda augti. Gausi aiškią kryptį ir palaikymą, bet daug laisvės veikti bei tobulėti
Organizaciją, kuri keičiasi.
Pokytis į Artea reiškia ne tik naują pavadinimą – tai naujos idėjos, požiūriai, galimybės kurti kultūrą iš vidaus.
Pasiekimus, kurie gyvuoja Lietuvoje.
Ypatingai didžiuojamės būdami lietuvišku banku, tikime, kad mūsų kraštas ir mūsų žmonės yra ypatingi, todėl, savo ruožtu, kasdien darome viską, kad padėtume jiems atsiskleisti.
Asmeninių naudų krepšelį.
Sveikatos draudimas, pensijų kaupimo programa, papildomos atostogos, lanksti darbo pradžia, moderni infrastruktūra – ir čia dar toli gražu ne visas mūsų naudų sąrašas!
Atlygį.
Konkretus atlygis priklausys nuo darbo patirties bei kompetencijų, todėl nurodome tik galimą rėžį:
nuo 2420.00 iki 3630.00 EUR
neatskaičius mokesčių.
Priedus.
Darbuotojams mokame priedus, priklausančius nuo banko, komandos ir tavo paties rezultatų.
Kas dar svarbu?
Nori patirti, ką reiškia dirbti Artea banko grupėje ir būti #arčiau? Užpildyk formą, atsiųsk mums informaciją apie save iki
2026 04 18
ir pasikalbėkime. Nekantriai laukiame, kol visa tai galėsime tau parodyti!
Atlyginimas
2420-3630
                                €/mėn.
                                neatskaičius mokesčių",https://www.cvbankas.lt/analitikas-e-modeliu-rizikos-grupeje-siauliuose/1-13740577,2026-04-17,2026-05-18,Finansai / Bankai,,ACTIVE
Specialistas (-ė) (PVM ir akcizų grąžinimo),UAB „Europinių kortelių servisas“,Vilnius,1655,1655,"Kas tavęs laukia?
📌 Klientų konsultavimas PVM/akcizų grąžinimo klausimais;
📌 Klientų atsiųstų sąskaitų/dokumentų tvarkymas bei administravimas;
📌 Sąskaitų bei informacijos vedimas į duomenų bazę;
📌 Paraiškų teikimas;
📌 Dokumentų pateikimas užsienio šalių mokesčių inspekcijoms;
📌 Vadovo pavestų užduočių atlikimas;
📌 Ataskaitų apie atliktus darbus rengimas.
Ko ieškome?
🔹Jeigu neturite patirties – visko išmokysime! Patirties su PVM/akcizų grąžinimu (ypač ES šalims ar krovinių vežėjams) – tai didelis privalumas.
🔹Ieškome atsakingo, dėmesingo ir savarankiško žmogaus, kuris mėgsta dirbti su skaičiais ir dokumentais.
🔹Analitinis mąstymas ir puikūs kompiuteriniai įgūdžiai (MS Office).
🔹Žinai anglų, lenkų ar rusų kalbą? Tai dar vienas pliusas !
Ką siūlome:
✨ Komandinį bendradarbiavimą ir pozityvią aplinką.
✨ Papildomą sveikatos draudimą (po 6 mėn. darbo).
✨ Kompensaciją už sportą per Stebby platformą (po bandomojo laikotarpio).
✨ Galimybė dirbti hibridiniu režimu (po bandomojo laikotarpio).
✨ Įvairius komandos renginius – kartu ir dirbame, ir smagiai praleidžiame laiką!
Pasiruošęs(-usi) naujiems iššūkiams? Siųsk CV – susipažinkime! 📩
Įmonė siūlo
Sveikatingumas
Sveikatos draudimas
Atlyginimas
1655
                                €/mėn.
                                neatskaičius mokesčių
+ 10 % KPI premija po bandomojo laikotarpio pabaigos",https://www.cvbankas.lt/specialistas-e-pvm-ir-akcizu-grazinimo-vilniuje/1-13791121,2026-04-17,2026-05-17,Finansai / Bankai,,ACTIVE
Apskaitininkė (-as) - buhalterė (-is),MB „Apskaitų grupė“,Marijampolė,600,2000,"Darbo pobūdis
Tvarkyti įmonių buhalterinę apskaitą pagal galiojančius teisės aktus
Registruoti ūkines operacijas ir prižiūrėti apskaitos dokumentus
Skaičiuoti darbo užmokestį ir su juo susijusias išmokas
Atlikti skolų, sąskaitų ir kitu apskaitos duomenų suderinimą
Reikalavimai darbuotojui
Aukštasis arba aukštesnysis išsilavinimas (ekonomika, finansai, apskaita);
Ne mažiau kaip 3 metų patirtis buhalterinės apskaitos srityje
Patirtis dirbant su apskaitos programa ,,Debetas""
Geras LR įstatymų, reglamentuojančių buhalterinę apskaitą bei mokesčius išmanymas;
Geri darbo kompiuteriu įgūdžiai;
Atsakingumas, sąžiningumas, kruopštumas.
Įmonė siūlo
Stabilų ir laiku mokamą atlyginimą, priklausantį nuo kompetencijos ir patirties.
Visas darbui reikalingas priemones ir modernias apskaitos sistemas.
Kolektyvo pagalba, gera nuotaika!
Darbo pozicija priklausanti nuo kompetencijų ir meilės darbui
Atlyginimas
600-2000
                                €/mėn.
                                neatskaičius mokesčių
Atlyginimas priklausantis nuo kompetencijų, darbo apimties ir meilės savo darbui.",https://www.cvbankas.lt/apskaitininke-as-buhaltere-is-marijampoleje/1-13790923,2026-04-17,2026-05-17,Finansai / Bankai,,ACTIVE
ACCOUNTING SPECIALIST,"KIKA GROUP, UAB",Kaunas,2300,2500,"Your Mission:
Posting purchase invoices into the accounting system
Processing bank statements and preparing payments
Reconciling accounts payable and receivable
Performing offsets and other accounting-related tasks
What We Expect from You:
Degree in Finance, Economics, Accounting, or a related field
Analytical thinking and ability to work efficiently
Strong sense of responsibility and attention to detail
Good command of English
Nice to have:
Previous experience in accounting
Experience participating in system implementation projects
Ability to communicate confidently in English
What We Offer:
🎁 A package of additional benefits (Additional health insurance, Perks.lt, and KIKA discounts for employees and their four-legged friends).
🚀 An ambitious KIKA team focused on new challenges.
🏢 Office in the very centre of Kaunas city.
🌐 Work in the leading pet products trade and production company in the Baltic countries.
🌱 Conditions for personal and professional growth.
Salary
2300-2500
                                €/mon.
                                gross",https://www.cvbankas.lt/accounting-specialist-kaune/1-13790883,2026-04-17,2026-05-17,Finansai / Bankai,,ACTIVE
FINANSINĖS APSKAITOS SPECIALISTAS (-Ė) Centrinėje būstinėje,VšĮ Lietuvos žemės ūkio konsultavimo tarnyba,Kėdainiai,1600,2000,"Ką pas mus veiksite?
Konsultuosite įmonės darbuotojus ir klientus juridinių asmenų (labai mažų, mažų) steigimo, finansinės apskaitos, mokesčių apskaičiavimo, finansinių, statistinių, mokestinių ataskaitų, deklaracijų rengimo, teikimo klausimais.
Rengsite mokymų medžiagas, pristatymus.
Teiksite pasiūlymus dėl finansinės apskaitos programos, darbo procesų tobulinimo.
Kompetencijų palaikymo tikslais, tvarkysite finansinę apskaitą juridiniams asmenims (labai mažiems, mažiems).
Ko tikimės iš Jūsų?
Esate įgijęs (-usi) aukštąjį (universitetinį arba neuniversitetinį) išsilavinimą apskaitos/finansų/ekonomikos srityje.
Išmanote finansinės apskaitos tvarkymą, mokesčius reglamentuojančius teisės aktus.
Turite darbo patirties tvarkant įmonės(-ių) finansinę apskaitą, skaičiuojant mokesčius, rengiant ir teikiant deklaracijas, kitas ataskaitas valstybės institucijoms.
Gebate rengti pristatymus, konsultuoti.
Mokate dirbti tiek savarankiškai, tiek komandoje.
Esate pozityvus (-i), darbštus (-i), atidus (-i), atsakingas (-a) ir norite tobulėti.
Turite vairuotojo pažymėjimą.
Kodėl turėtumėte mus pasirinkti?
Draugiški ir profesionalūs kolegos padės tobulėti.
Paskiriame kuratorių, kuris pagelbės pirmaisiais darbo mėnesiais.
Sudarome galimybę ugdyti bendrąsias, vadybines kompetencijas, jas gilinti bei dalyvauti projektinėje veikloje.
Organizuojame šventes, turime komandos dieną.
Sveikiname asmeninių švenčių progomis, skiriame papildomas išmokas.
Puoselėjame profesionalumą, nešališkumą, lojalumą, bendradarbiavimą ir socialinę atsakomybę.
Įmonė siūlo
Darbo ir laisvalaikio balansas
Lankstus darbo grafikas
Biuras
Stalo futbolas
Stalo tenisas
Transportas
Kelionės į/iš darbo aprūpinimas gyvenantiems Kėdainiuose
Atlyginimas
1600-2000
                                €/mėn.
                                neatskaičius mokesčių
Darbo užmokestį sudaro: bazinis atlyginimas – nuo 1600 Eur iki 2000 Eur (neatskaičius mokesčių) + priedai. Darbo užmokestis derinamas darbo pokalbio metu pagal kandidato turimą darbo patirtį bei kompetencijas.",https://www.cvbankas.lt/finansines-apskaitos-specialistas-e-centrineje-bustineje-kedainiuose/1-13316687,2026-04-17,2026-05-17,Finansai / Bankai,,ACTIVE
Buhalterė (-is) (kaip paslaugų teikėjas),Aromikos įmonių grupė,Kėdainiai,1000,1699,"Darbo pobūdis
Buhalterinės apskaitos tvarkymas nuo pirminių dokumentų iki finansinės atskaitomybės sudarymo
Ataskaitų ir deklaracijų rengimas bei teikimas valstybinėms institucijoms
Dalyvavimas audito procese bei informacijos rinkimas auditoriams
Savalaikis ataskaitų vadovybei ruošimas pagal vidines įmonės nustatytas tvarkas
Kitų pavestų užduočių, susijusių su apskaita, vykdymas
Reikalavimai darbuotojui
Turite buhalterijos, apskaitos ar finansų srities išsilavinimas
Turite ne mažesnę nei 3 metų darbo patirtį
Išmanote LR teisės aktų, reglamentuojančių apskaitą, mokesčius ir įmonės veiklą, bei gebate juos taikyti tiesioginiame darbe
Gebate dirbti MS Office ir RIVILĖS programomis
Pasižymite gerais bendravimo, darbo komandoje, analitiniais įgūdžiais
Atlyginimas
1000-1699
                                €/mėn.
                                neatskaičius mokesčių",https://www.cvbankas.lt/buhaltere-is-kaip-paslaugu-teikejas-kedainiuose/1-13477637,2026-04-17,2026-04-27,Finansai / Bankai,,ACTIVE
Apskaitininkas (-ė) Klaipėda,UAB „Virginijus ir ko“,Klaipėda,1200,1200,"Darbo pobūdis:
Darbas su GPAIS sistema (duomenų suvedimas, administravimas, kontrolė);
Pirminės padalinio buhalterinės apskaitos vykdymas;
Gaunamų sąskaitų registravimas ir suvedimas į apskaitos sistemą;
Krovinio važtaraščių, CMR ir kitų lydinčių dokumentų rengimas bei administravimas;
Kasdienių administracinių užduočių vykdymas ir biuro procesų užtikrinimas;
Padalinio personalo dokumentų administravimas ir priežiūra;
Kitų tiesioginio vadovo pavestų užduočių vykdymas pagal kompetenciją.
Darbo laikas I-V, nuo 8:00-17:00 val.
Darbo vieta:. Aukštkiemių g. 19, Aukštkiemių km., Klaipėdos raj.
Reikalavimai kandidatui:
Darbo patirtis su GPAIS sistema ir apskaitos programa „Rivilė“;
Pirminės buhalterinės apskaitos išmanymas;
Puikūs darbo kompiuteriu įgūdžiai (MS Office, ypač Excel);
Gebėjimas dirbti su didesniais informacijos kiekiais ir užtikrinti duomenų tikslumą;
Komunikabilumas, atsakingumas, kruopštumas ir operatyvumas;
Gebėjimas savarankiškai planuoti darbus ir laikytis terminų;
Organizaciniai įgūdžiai ir gebėjimas efektyviai valdyti kelias užduotis vienu metu;
Gebėjimas dirbti komandoje ir bendradarbiauti su kitais padaliniais;
Orientacija į rezultatą ir problemų sprendimą
Įmonė siūlo:
Stabilų darbą augančioje ir patikimoje įmonėje;
Laiku mokamą, konkurencingą atlyginimą bei motyvacinius priedus;
Visas darbui reikalingas priemones ir sklandžius darbo procesus;
Draugišką, palaikančią komandą ir gerą mikroklimatą;
Galimybę tobulėti ir įgyti patirties atliekų tvarkymo bei GPAIS srityje;
Darbo užmokestį priklausantį nuo turimos darbo patirties.
Atlyginimas
Nuo 1200
                                €/mėn.
                                į rankas
Atlyginimas aptariamas pokalbio metu. Mokami priedai priklausantys nuo darbo rezultatų.",https://www.cvbankas.lt/apskaitininkas-e-klaipeda-klaipedoje/1-13790767,2026-04-17,2026-05-17,Finansai / Bankai,,ACTIVE
FINANCIAL CONTROLLER (F/M/D),Ignitis grupė,Vilnius,2770,4150,"Do You want to be part of „Ignitis grupės paslaugų centras“?
We are currently looking for a Financial Controller to join Financial Management team at Ignitis grupės paslaugų centras. In this role, you’ll be responsible for IT projects and services financial calculations and control. If that speaks to you, we’d be happy to welcome you to our team!
Take YOUR part in #EnergySmart!
You will contribute to green and secure energy ecosystem creation by:
Preparing periodical financial performance reports
Ensuring accuracy in financial data and reporting
Tracking, reporting, and analyzing budget variances
Implementing internal controls and process improvements
Preparing budgets and forecasts
Calculating service prices
Leading or participating in specific Group projects related to accounting, reporting, and overall finance functions
Collaborating with IT department to support financial planning and decision-making
Required for this position:
A university degree in Finance, Economics, or a related field
2+ years of overall combined audit, finance control, or data analysis experience
Good communication skills in English and Lithuanian language (both verbal and written)
Strong analytical skills and business acumen, including the ability to identify and understand key business drivers
Result-oriented, responsible, proactive, and willing to improve
In return for creating a more sustainable future, we promise:
A package of additional benefits to choose from: pension accumulation, health insurance, or another benefit from the selectable benefits list in the MELP application
Additional paid days for health improvement, short-term illness, volunteering, and accumulated work experience
A hybrid work model (3+2) and flexible working hours
Internal career opportunities
Extensive learning and qualification enhancement programs
Mentorship-based culture designed to facilitate meaningful and value-driven work
Take part in an unfolding energy transformation process to create a 100% green and secure energy ecosystem for both current and future generations
Join a growing and increasingly international team of energy smart people united by a common purpose. We all play our part in creating a 100% green and secure energy ecosystem for current and future generations.
And the way to achieve this is certainly not to wait for the perfect moment. We believe that the power to act comes from the charge we bring to our work every day.
United by purpose.
Owning the challenge. Passion for reinvention. Pursuing excellence.
These are our mindsets. Together, they yield the energy that drives everything we do. The energy generated by our choices. If you are guided by the same mindsets – we look forward to welcoming you to our team!
As we pursue our strategic goals to increase gender balance in Ignitis Group, we are indicating “f/m/d” next to job titles, meaning we welcome candidates of all genders – female, male or diverse.
Ignitis Group ensures equal opportunities. We welcome all applicants and do not discriminate against race, religion, gender, sexual orientation or gender identity, age, disability or other personal traits unrelated to work obligations.
Salary range for this position group is 2770 to 4150 EUR (before taxes). The final offer depends on experience and competence. Variable part of remuneration may be paid depending on results.
Salary
2770-4150
                                €/mon.
                                gross",https://www.cvbankas.lt/financial-controller-f-m-d-vilniuje/1-13790815,2026-04-17,2026-05-01,Finansai / Bankai,,ACTIVE
SENIOR FINANCIAL CONTROLLER (F/M/D),Ignitis grupė,Vilnius,3430,5150,"Do You want to be part of „Ignitis grupės paslaugų centras“?
We are currently looking for a new colleague to join the Financial Management division of Ignitis grupės paslaugų centras, where you’ll be responsible for financial controlling, planning and performance analytics in IT. If that speaks to you, we’d be happy to welcome you to our team!
Take YOUR part in #EnergySmart!
You will contribute to green and secure energy ecosystem creation by:
Developing and improving existing processes, controls, reports, and KPI systems
Organizing and coordinating the preparation of budgets, forecasts, and long-term financial plans
Preparing periodical performance reports for management
Ensuring compliance with financial regulations and standards
Development of the pricing model
Leading particular Group projects related to accounting, reporting and overall Finance function
Being a sparring partner to IT management
Required for this position:
Bachelor’s or Master’s degree in Business Administration, Finance, Math, Economics, or a closely related field
At least 4 years of experience in finance, financial control or finance business partnering
Experience in financial modeling
Excellent Lithuanian and English skills, both written and verbal
Strong analytical skills and business acumen, including the ability to identify and understand key business drivers
Would be an advantage:
Skills in working with MS Power BI
Familiarity with IFRS; ACCA/CFA qualification
In return for creating a more sustainable future, we promise:
A package of additional benefits to choose from: pension accumulation, health insurance, or another benefit from the selectable benefits list in the MELP application
Additional paid days for health improvement, short-term illness, volunteering, and accumulated work experience
A hybrid work model (3+2) and flexible working hours
Internal career opportunities
Extensive learning and qualification enhancement programs
Mentorship-based culture designed to facilitate meaningful and value-driven work
Take part in an unfolding energy transformation process to create a 100% green and secure energy ecosystem for both current and future generations
Join a growing and increasingly international team of energy smart people united by a common purpose. We all play our part in creating a 100% green and secure energy ecosystem for current and future generations.
And the way to achieve this is certainly not to wait for the perfect moment. We believe that the power to act comes from the charge we bring to our work every day.
United by purpose.
Owning the challenge. Passion for reinvention. Pursuing excellence.
These are our mindsets. Together, they yield the energy that drives everything we do. The energy generated by our choices. If you are guided by the same mindsets – we look forward to welcoming you to our team!
As we pursue our strategic goals to increase gender balance in Ignitis Group, we are indicating “f/m/d” next to job titles, meaning we welcome candidates of all genders – female, male or diverse.
Ignitis Group ensures equal opportunities. We welcome all applicants and do not discriminate against race, religion, gender, sexual orientation or gender identity, age, disability or other personal traits unrelated to work obligations.
Salary range for this position group is 3430 to 5150 EUR (before taxes). The final offer depends on experience and competence. Variable part of remuneration may be paid depending on results.
Salary
3430-5150
                                €/mon.
                                gross",https://www.cvbankas.lt/senior-financial-controller-f-m-d-vilniuje/1-13790813,2026-04-17,2026-05-01,Finansai / Bankai,,ACTIVE
FINANSŲ ANALITIKAS (-Ė),UAB „PERSONALO SPRENDIMAI“,Vilnius,2000,2500,"PRISIJUNGUSI (-ĘS) PRIE KOMANDOS, JŪS BŪSITE ATSAKINGA (-AS) UŽ:
Kokybišką finansinių rezultatų analizę ir ataskaitas.
Pagalbą planuojant biudžetus ir prognozes.
Aktyvų prisidėjimą prie mėnesio finansų uždarymo.
Įmonės apskaitos politikos laikymosi užtikrinimą.
Konsultacijas vadovams ir verslo procesų gilinimą.
Įvairių papildomų (ad-hoc) ataskaitų rengimą.
BI įrankių priežiūrą ir vystymą.
TIKIMĖS, KAD JŪS:
Turite aukštąjį ekonomikos arba finansų srities išsilavinimą.
Esate sukaupęs (-usi) bent 3 metų panašaus darbo patirtį.
Laisvai kalbate ir rašote anglų kalba.
Esate analitiškas (-a), kruopštus (-i), dėmesingas (-a) detalėms ir gebate prisitaikyti prie pokyčių.
Turite patirties dirbant su dideliais duomenų kiekiais bei „Qlik Sense“ įrankiu.
Turite patirties dirbant su „MS Dynamics Axapta“ (tai būtų Jūsų privalumas).
ĮMONĖ SIŪLO:
Darbą tarptautinėje ir į rezultatus orientuotoje įmonėje bei draugišką komandą.
Hibridinį darbo modelį.
Sveikatos ir nelaimingų atsitikimų draudimą.
Papildomą laisvą dieną gimtadienio proga.
Atlyginimas
2000-2500
                                €/mėn.
                                į rankas",https://www.cvbankas.lt/finansu-analitikas-e-vilniuje/1-13790791,2026-04-17,2026-05-17,Finansai / Bankai,,ACTIVE
Apskaitininkas (-ė),UAB „LITHUTEC“,Klaipėda,1750,1875,"Darbo pobūdis
pirkimo dokumentų administravimas ir kontrolė;
kainų tikrinimas ir neatitikimų analizė;
duomenų suvedimas į apskaitos sistemas „Odoo“ ir „Rivilė“;
bendravimas su tiekėjais dėl neteisingai išrašytų ar koreguotinų dokumentų;
tvarkingos ir tikslios apskaitos užtikrinimas kasdienėje veikloje;
pagalba buhalteriui bei vadovo pavestų užduočių atlikimas.
Mes tikimės, kad Tu:
turi buhalterinį, finansų, ekonomikos ar panašios krypties išsilavinimą;
puikiai dirbi kompiuteriu („Excel“, „Word“, „Outlook“);
taisyklingai bendrauji lietuvių kalba žodžiu ir raštu;
esi kruopštus (-i), atsakingas (-a) ir atidus (-i) detalėms, gebi efektyviai bendrauti su partneriais ir spręsti problemas;
turi bent B1 lygio anglų kalbos žinias.
Svarus privalumas, jei turi patirties dirbant apskaitos programa „Rivilė“.
Prisijungus prie mūsų:
turėsi galimybę rinktis darbo laiką: 06:00–15:00 val. 07:00–16:00 val. arba 08:00–17.00 val.;
atsivers puiki galimybė gilinti tiek praktines, tiek teorines žinias;
galėsi naudotis patraukliu nuolaidų paketu įvairioms paslaugoms;
darbe galėsi mėgautis nemokamais užkandžiais bei kava;
būsi draugiškos ir bendruomeniškos komandos dalimi – kartu švenčiame svarbias progas, kuriame jaukią darbo aplinką ir įsitraukiame į bendras iniciatyvas.
Prisijungus prie mūsų tu
Darbo ir laisvalaikio balansas
Lankstus darbo grafikas
Biuras
Nemokami užkandžiai
Transportas
Nemokamas automobilio parkingas
Atlyginimas
1750-1875
                                €/mėn.
                                neatskaičius mokesčių",https://www.cvbankas.lt/apskaitininkas-e-klaipedoje/1-13790739,2026-04-17,2026-05-17,Finansai / Bankai,,ACTIVE
Apskaitininkė (-as),UAB „DHL LIETUVA“,Vilnius,1608,2680,"Darbo pobūdis
Išrašomų PVM sąskaitų faktūrų bei apmokėjimų procesų koordinavimas, Užklausų sprendimas:
Naujų klientų registravimas apskaitos sistemose;
PVM sąskaitų faktūrų išaršymas klientams;
Pagalba ruošiant apmokejimo pavedimus ;
Darbas su Klientų užklausomis (registravimas, sprendimas)
Gaunamų už paslaugas mokėjimų suvedimas;
Balansinių sąskaitų tikrinimas;
Skolos ir likučių su klientais derinimas;
Darbas su apskaitos programa SAP ir e-Broker.
Reikalavimai darbuotojui
Aukštesnysis ekonominis/ buhalterinis išsilavinimas;
Puikūs darbo kompiuteriu įgūdžiai (excel);
Puikios anglų kalbos žinios;
Atsakingumas, kruopštumas, organizuotumas, savarankiškumas;
Noras nuolat mokytis ir tobulėti
Darbas komandoje.
Įmonė siūlo
Darbą profesionaliame, dinamiškame ir draugiškame kolektyve
Galimybę tobulinti profesinius įgūdžius apskaitos srityje
Galimybę dalyvauti įmonės plėtros etape, įgyvendinti savo idėjas ir pasiūlymus
Sveikatingumas
Sveikatos draudimas
Biuras
Dviračių saugykla
Dušas
Sporto salė biure
Transportas
Nemokamas automobilio parkingas
Kiti privalumai
Nuolaidos įmonės produkcijai/paslaugoms
Reguliarūs mokymai
Atlyginimas
1608-2680
                                €/mėn.
                                neatskaičius mokesčių",https://www.cvbankas.lt/apskaitininke-as-vilniuje/1-13790759,2026-04-17,2026-05-17,Finansai / Bankai,,ACTIVE
Buhalteris (-ė),UAB „Personalo valdymo sistemos“,Šiauliai,1500,1600,"Jūsų kasdieninė veikla darbe būtų:
Įmonės finansinės apskaitos tvarkymas ir kontrolė pagal teisės aktus;
Darbuotojų priėmimo, atleidimo procedūrų vykdymas;
Darbo sutarčių, susitarimų, priedų, įsakymų ir kitų dokumentų rengimas;
Darbo užmokesčio apskaita ir kitų susijusių išmokų skaičiavimas (atlyginimai, atostoginiai, atleidimai, nedarbingumai ir kt.);
Pirkimų (atsargų, paslaugų, kuro ir kt.) dokumentų apskaita ir kontrolė;
Skolų derinimas, mokėjimų planavimas ir vykdymas;
GPM, PVM, Sodros ir kitų mokesčių apskaičiavimas, deklaravimas bei teikimas valstybinėms institucijoms;
Darbas „Rivile GAMA“ programa;
Pagalba vyr. buhalteriui (-ei) ir kitos su buhalterine apskaita ir įmonės finansais susijusios užduotys.
Svarbūs gebėjimai ir įgūdžiai:
Aukštasis išsilavinimas (apskaitos, finansų, ekonomikos);
Sėkminga analogiško darbo patirtis;
Lietuvos Respublikos teisės aktų, reglamentuojančių apskaitą ir mokesčius išmanymas;
Geras LR DK išmanymas ir nuolatinis domėjimasis jo pasikeitimais;
Geras bendrųjų IT įgūdžių išmanymas;
Buhalterinės programos „Rivile GAMA“ išmanymas (privalumas);
Gebėjimas dirbti komandoje ir individualiai;
Atsakingumas, sąžiningumas, kruopštumas, analitiniai gebėjimai.
Jūsų laukia:
Asmeninio ir profesinio tobulėjimo galimybės ir draugiška darbo aplinka;
Atsakinga pozicija su galimybe prisidėti prie procesų tobulinimo;
Visos reikalingos priemonės sėkmingam darbui;
Darbas pilnu etatu.
Mes užtikriname Jūsų duomenų konfidencialumą. CV perduosime klientui tik gavę Jūsų sutikimą. UAB ,,Personalo valdymo sistemos“ yra įregistruota asmens duomenų valdytoju valstybės registre.
Atlyginimas
1500-1600
                                €/mėn.
                                neatskaičius mokesčių
(galutinis atlyginimas aptariamas susitikimo metu ir priklauso nuo turimos darbo patirties ir kompetencijų).",https://www.cvbankas.lt/buhalteris-e-siauliuose/1-13790657,2026-04-17,2026-05-17,Finansai / Bankai,,ACTIVE
VYR. BUHALTERĖ (-IS),UAB Emplonet,Panevėžys,1800,1800,"Darbo pobūdis:
Įmonės buhalterinės apskaitos vedimas, finansinės atskaitomybės
sudarymas ir kontrolė;
Finansinių ir mokestinių ataskaitų, deklaracijų ruošimas bei pateikimas
valstybinėms institucijoms, bankui ir vadovybei;
Pirminių dokumentų apskaitos kontrolė;
Darbo užmokesčio skaičiavimas, peržiūrėjimas ir kontrolė;
Įmonės atstovavimas auditui bei valstybinėms institucijoms;
Dalyvavimas optimizuojant buhalterinius procesus;
Kolegų konsultavimas įvairiais buhalteriniais ir mokestiniais klausimais.
Reikalavimai:
Aukštasis išsilavinimas (finansų ar susijusiose srityse būtų privalumas);
Ne mažesnė negu 3 metų patirtis dirbant vyr. buhalterės pozicijoje;
Geri kompiuterinio raštingumo įgūdžiai;
Gebėjimas analitiškai mąstyti ir dirbti su duomenimis;
Puikus mokestinę sistemą reglamentuojančių teisės aktų išmanymas;
Savarankiškumas, iniciatyvumas, geri pokyčių valdymo įgūdžiai;
Puikios lietuvių kalbos žinios.
Įmonė siūlo
Galimybę dirbti dinamiškoje, draugiškoje komandoje;
Draudimą nuo nelaimingų atsitikimų;
Karjeros galimybes stabilioje, augančioje kompanijoje.
Atlyginimas
1800
                                €/mėn.
                                į rankas",https://www.cvbankas.lt/vyr-buhaltere-is-panevezyje/1-13790581,2026-04-17,2026-05-17,Finansai / Bankai,,ACTIVE
Junior Accountant,EY,Šiauliai,1600,2100,"At EY, you’ll have the chance to build a career as unique as you are, with the global scale, support, inclusive culture, and technology to become the best version of you. And we’re counting on your unique voice and perspective to help EY become even better, too. Join us and build an exceptional experience for yourself, and a better working world for all.
Your bold ambition is just the beginning!
Join our Global Compliance and Reporting (GCR) team – be a vital pillar for financial integrity, providing comprehensive accounting solutions, and helping businesses to maneuver through complex compliance obligations.
The opportunity
When you join EY Global Compliance and Reporting (GCR) team, you’ll be at the forefront of advancing financial transparency, spearheading competent accounting practices, and guiding organizations to meet their regulatory commitments.
Your key responsibilities
Posting transactions in accounting software and maintaining accounting records based on information provided by the client.
Assist with daily administrative tasks including processing incoming issuance of invoices and executing other ad-hoc requests.
General administration of bank accounts such as creation of payment orders, maintaining of bank balances and overall supervision of bank accounts.
Prepare payroll calculations for clients on a monthly basis.
Other accounting tasks.
Attributes to thrive in the role
Curiosity in keeping up with finance & accounting news.
Motivation and willingness to grow as an expert in accounting.
University degree or being a last year student of business, economics, accounting, finance, STEM other related field.
Attention to high quality, details and accuracy.
Highly proficient in spoken and written English.
Related work or internship experience and good MS office skills would be a benefit.
What we offer
Our promise to our people is an exceptional EY experience:
Continuous learning & fast growth. Wide range of on- and off-the-job learning opportunities, and certification tailored to your individual career path. This includes EY Tech MBA, EY Masters in Sustainability and Business Analytics, etc.
International experience. Working in an international environment with projects, events & initiatives, as well as a bright and energetic team.
Comprehensive compensation and benefits. Regular salary review, additional bonuses, paid days off for your studies & development, volunteering activities, and tenure-based leave. Additional health insurance that covers various medical services, and travel insurance.
Flexibility & wellbeing. We'll provide the tools, support, and flexibility, so you can make a meaningful impact, in your own way – a hybrid work model, flexible working hours, and part-time options.
Transformative leadership. We'll give you the insights, coaching and confidence to be the leader the world needs.
Diverse and inclusive culture. You'll be embraced for who you are and empowered to use your voice to help others find theirs.
The exceptional EY experience. It’s yours to build.
Apply now.
Your bold ambition is just the beginning!
Your profile:
Work life balance
Flexible work hours
Remote work possibility
Health
Health insurance
Office
Table football
Game consoles
Free snacks
Bicycle storage
Shower
Other
Frequent training
Salary
1600-2100
                                €/mon.
                                gross",https://www.cvbankas.lt/junior-accountant-siauliuose/1-13659385,2026-04-17,2026-05-19,Finansai / Bankai,,ACTIVE
Junior Accountant,EY,Klaipėda,1600,2100,"At EY, you’ll have the chance to build a career as unique as you are, with the global scale, support, inclusive culture, and technology to become the best version of you. And we’re counting on your unique voice and perspective to help EY become even better, too. Join us and build an exceptional experience for yourself, and a better working world for all.
Your bold ambition is just the beginning!
Join our Global Compliance and Reporting (GCR) team – be a vital pillar for financial integrity, providing comprehensive accounting solutions, and helping businesses to maneuver through complex compliance obligations.
The opportunity
When you join EY Global Compliance and Reporting (GCR) team, you’ll be at the forefront of advancing financial transparency, spearheading competent accounting practices, and guiding organizations to meet their regulatory commitments.
Your key responsibilities
Posting transactions in accounting software and maintaining accounting records based on information provided by the client.
Assist with daily administrative tasks including processing incoming issuance of invoices and executing other ad-hoc requests.
General administration of bank accounts such as creation of payment orders, maintaining of bank balances and overall supervision of bank accounts.
Prepare payroll calculations for clients on a monthly basis.
Other accounting tasks.
Attributes to thrive in the role
Curiosity in keeping up with finance & accounting news.
Motivation and willingness to grow as an expert in accounting.
University degree or being a last year student of business, economics, accounting, finance, STEM other related field.
Attention to high quality, details and accuracy.
Highly proficient in spoken and written English.
Related work or internship experience and good MS office skills would be a benefit.
What we offer
Our promise to our people is an exceptional EY experience:
Continuous learning & fast growth. Wide range of on- and off-the-job learning opportunities, and certification tailored to your individual career path. This includes EY Tech MBA, EY Masters in Sustainability and Business Analytics, etc.
International experience. Working in an international environment with projects, events & initiatives, as well as a bright and energetic team.
Comprehensive compensation and benefits. Regular salary review, additional bonuses, paid days off for your studies & development, volunteering activities, and tenure-based leave. Additional health insurance that covers various medical services, and travel insurance.
Flexibility & wellbeing. We'll provide the tools, support, and flexibility, so you can make a meaningful impact, in your own way – a hybrid work model, flexible working hours, and part-time options.
Transformative leadership. We'll give you the insights, coaching and confidence to be the leader the world needs.
Diverse and inclusive culture. You'll be embraced for who you are and empowered to use your voice to help others find theirs.
The exceptional EY experience. It’s yours to build.
Apply now.
Your bold ambition is just the beginning!
Your profile:
Work life balance
Flexible work hours
Remote work possibility
Health
Health insurance
Office
Table football
Game consoles
Free snacks
Bicycle storage
Shower
Other
Frequent training
Salary
1600-2100
                                €/mon.
                                gross",https://www.cvbankas.lt/junior-accountant-klaipedoje/1-13659375,2026-04-17,2026-05-19,Finansai / Bankai,,ACTIVE
Junior Accountant,EY,Kaunas,1600,2100,"At EY, you’ll have the chance to build a career as unique as you are, with the global scale, support, inclusive culture, and technology to become the best version of you. And we’re counting on your unique voice and perspective to help EY become even better, too. Join us and build an exceptional experience for yourself, and a better working world for all.
Your bold ambition is just the beginning!
Join our Global Compliance and Reporting (GCR) team – be a vital pillar for financial integrity, providing comprehensive accounting solutions, and helping businesses to maneuver through complex compliance obligations.
The opportunity
When you join EY Global Compliance and Reporting (GCR) team, you’ll be at the forefront of advancing financial transparency, spearheading competent accounting practices, and guiding organizations to meet their regulatory commitments.
Your key responsibilities
Posting transactions in accounting software and maintaining accounting records based on information provided by the client.
Assist with daily administrative tasks including processing incoming issuance of invoices and executing other ad-hoc requests.
General administration of bank accounts such as creation of payment orders, maintaining of bank balances and overall supervision of bank accounts.
Prepare payroll calculations for clients on a monthly basis.
Other accounting tasks.
Attributes to thrive in the role
Curiosity in keeping up with finance & accounting news.
Motivation and willingness to grow as an expert in accounting.
University degree or being a last year student of business, economics, accounting, finance, STEM other related field.
Attention to high quality, details and accuracy.
Highly proficient in spoken and written English.
Related work or internship experience and good MS office skills would be a benefit.
What we offer
Our promise to our people is an exceptional EY experience:
Continuous learning & fast growth. Wide range of on- and off-the-job learning opportunities, and certification tailored to your individual career path. This includes EY Tech MBA, EY Masters in Sustainability and Business Analytics, etc.
International experience. Working in an international environment with projects, events & initiatives, as well as a bright and energetic team.
Comprehensive compensation and benefits. Regular salary review, additional bonuses, paid days off for your studies & development, volunteering activities, and tenure-based leave. Additional health insurance that covers various medical services, and travel insurance.
Flexibility & wellbeing. We'll provide the tools, support, and flexibility, so you can make a meaningful impact, in your own way – a hybrid work model, flexible working hours, and part-time options.
Transformative leadership. We'll give you the insights, coaching and confidence to be the leader the world needs.
Diverse and inclusive culture. You'll be embraced for who you are and empowered to use your voice to help others find theirs.
The exceptional EY experience. It’s yours to build.
Apply now.
Your bold ambition is just the beginning!
Your profile:
Work life balance
Flexible work hours
Remote work possibility
Health
Health insurance
Office
Table football
Game consoles
Free snacks
Bicycle storage
Shower
Other
Frequent training
Salary
1600-2100
                                €/mon.
                                gross",https://www.cvbankas.lt/junior-accountant-kaune/1-13659597,2026-04-17,2026-05-19,Finansai / Bankai,,ACTIVE
Senior Audit Assistant,EY,Kaunas,2600,3500,"At EY, we’re all in to shape your future with confidence. We’ll help you succeed in a globally connected powerhouse of diverse teams and take your career wherever you want it to go.​
Your bold ambition is just the beginning!
Join EY and help to build a better working world.
The opportunity
We are seeking a detail-oriented and experienced Senior Audit Assistant to join our dynamic Audit team. In this role, you will work closely with clients to assess their financial operations and provide valuable insights to enhance their business performance. You will interact with multiple organizations, across different industries, and across different countries, to gain unique insights into how business operates.
Your key responsibilities
Leading fieldwork, managing performance and keeping engagement leaders updated on audit engagements.
Completing audit processes and documenting higher-risk areas to increase your technical and business skills in areas including revenue, financial instruments and income taxes.
Engaging clients and providing authoritative advice and professionalism throughout transactions.
Constantly developing your understanding of current market trends and processes and sharing your knowledge to develop junior colleagues.
Understanding our clients’ unique ambitions and needs and referring them to colleagues in other teams and areas to broaden our business relationships where possible.
Attributes to thrive in the role
Experience in external financial audit.
A degree in an accounting, finance or business discipline.
Experience leading the planning, execution and reporting on audits.
Great communication and team management skills.
Excellent technical expertise with proven industry knowledge in either Real Estate, Products & services, Technology Media and Telecoms, etc.
Experience in IFRS.
Fluent in spoken and written Lithuanian and English.
What we offer
Our promise to our people is an exceptional EY experience:
Continuous learning & fast growth. Wide range of on- and off-the-job learning opportunities, and certification tailored to your individual career path. This includes EY Tech MBA, EY Masters in Sustainability and Business Analytics, etc.
International experience. Working in an international environment with projects, events & initiatives, as well as a bright and energetic team.
Comprehensive compensation and benefits. Regular salary review, additional bonuses, paid days off for your studies & development, volunteering activities, and tenure-based leave. Additional health insurance that covers various medical services, and travel insurance.
Flexibility & wellbeing. We’ll provide the tools, support, and flexibility, so you can make a meaningful impact, in your own way – a hybrid work model, flexible working hours, and part-time options.
Transformative leadership. We’ll give you the insights, coaching and confidence to be the leader the world needs.
Diverse and inclusive culture. You’ll be embraced for who you are and empowered to use your voice to help others find theirs.
The exceptional EY experience. It’s yours to build.
Are you ready to shape your future with confidence? Apply today.
Your profile:
Work life balance
Flexible work hours
Remote work possibility
Health
Health insurance
Office
Table football
Game consoles
Free snacks
Bicycle storage
Other
Phone for personal usage
Discounts for company products/services
Frequent training
Salary
2600-3500
                                €/mon.
                                gross",https://www.cvbankas.lt/senior-audit-assistant-kaune/1-13296273,2026-04-17,2026-05-17,Finansai / Bankai,,ACTIVE
Senior Audit Assistant,EY,Vilnius,2600,3500,"At EY, we’re all in to shape your future with confidence. We’ll help you succeed in a globally connected powerhouse of diverse teams and take your career wherever you want it to go.​
Your bold ambition is just the beginning!
Join EY and help to build a better working world.
The opportunity
We are seeking a detail-oriented and experienced Senior Audit Assistant to join our dynamic Audit team. In this role, you will work closely with clients to assess their financial operations and provide valuable insights to enhance their business performance. You will interact with multiple organizations, across different industries, and across different countries, to gain unique insights into how business operates.
Your key responsibilities
Leading fieldwork, managing performance and keeping engagement leaders updated on audit engagements.
Completing audit processes and documenting higher-risk areas to increase your technical and business skills in areas including revenue, financial instruments and income taxes.
Engaging clients and providing authoritative advice and professionalism throughout transactions.
Constantly developing your understanding of current market trends and processes and sharing your knowledge to develop junior colleagues.
Understanding our clients’ unique ambitions and needs and referring them to colleagues in other teams and areas to broaden our business relationships where possible.
Attributes to thrive in the role
Experience in external financial audit.
A degree in an accounting, finance or business discipline.
Experience leading the planning, execution and reporting on audits.
Great communication and team management skills.
Excellent technical expertise with proven industry knowledge in either Real Estate, Products & services, Technology Media and Telecoms, etc.
Experience in IFRS.
Fluent in spoken and written Lithuanian and English.
What we offer
Our promise to our people is an exceptional EY experience:
Continuous learning & fast growth. Wide range of on- and off-the-job learning opportunities, and certification tailored to your individual career path. This includes EY Tech MBA, EY Masters in Sustainability and Business Analytics, etc.
International experience. Working in an international environment with projects, events & initiatives, as well as a bright and energetic team.
Comprehensive compensation and benefits. Regular salary review, additional bonuses, paid days off for your studies & development, volunteering activities, and tenure-based leave. Additional health insurance that covers various medical services, and travel insurance.
Flexibility & wellbeing. We’ll provide the tools, support, and flexibility, so you can make a meaningful impact, in your own way – a hybrid work model, flexible working hours, and part-time options.
Transformative leadership. We’ll give you the insights, coaching and confidence to be the leader the world needs.
Diverse and inclusive culture. You’ll be embraced for who you are and empowered to use your voice to help others find theirs.
The exceptional EY experience. It’s yours to build.
Are you ready to shape your future with confidence? Apply today.
Your profile:
Work life balance
Flexible work hours
Remote work possibility
Health
Health insurance
Office
Table football
Game consoles
Free snacks
Bicycle storage
Other
Phone for personal usage
Discounts for company products/services
Frequent training
Salary
2600-3500
                                €/mon.
                                gross",https://www.cvbankas.lt/senior-audit-assistant-vilniuje/1-11798636,2026-04-17,2026-05-17,Finansai / Bankai,,ACTIVE
Operacijų specialistas (-ė),UAB „Edenred Finance“,Vilnius,1690,1690,"ATSAKOMYBĖS:
Darbas su kuro sąskaitomis – įvertinimas, apdorojimas pagal atitinkamus reikalavimus – duomenų iš sąskaitų suvedimas į sistemą
Darbas su vilkikų dokumentais – registracijos liudijimais, lizingo, nuomos sutartimis. Jų surinkimas pagal nustatytus tarnybų reikalavimus, suvedimas į programą
Darbas skirtinguose akcizą grąžinančių šalių portaluose teikiant duomenis atitinkamoms užsienio šalių institucijoms pagal nustatytas tvarkas
Paraiškų tikslinimas gavus tarnybų užklausas
Bendradarbiavimas su kitais skyriais, siekiant kokybiško klientų aptarnavimo teikiant akcizo grąžinimo paraiškas
REIKALAVIMAI:
Gebėjimas dirbti Excel programa
Geros anglų k. žinios, kitų kalbų mokėjimas – privalumas
Gebėjimas dirbti greitai ir savarankiškai
Kruopštumas ir atsakomybė
ATLYGIS IR PAPILDOMOS NAUDOS:
Atlyginimas iki 1690 EUR neatskaičius mokesčių ir ketvirtinis priedas
Papildomas sveikatos draudimas
Lankstumas. Galimybė dirbti hibridiniu būdu. Lojalumas suteikia papildomų atostogų dienų
Skatiname prisijungti prie iniciatyvų, siūlyti savo idėjas, ugdyti savo stipriąsias puses sparčiai augančioje tarptautinėje įmonėje
Company offers
Work life balance
Flexible work hours
Remote work possibility
Extra paid vacation
Health
Health insurance
Office
Free snacks
Salary
Up to 1690
                                €/mon.
                                gross
Quarterly Bonus",https://www.cvbankas.lt/operaciju-specialistas-e-vilniuje/1-13409764,2026-04-17,2026-05-17,Finansai / Bankai,,ACTIVE
Odoo ERP Jaunesnysis/Middle Finansų konsultantas,UAB „Devtouch!“,Vilnius,1800,2500,"Mūsų pasiūlymas
Kviečiame ilgalaikei karjerai stabilioje, finansiškai sėkmingoje įmonėje. Užtikrinsime profesionalią naujoko adaptacijos programą, palaikymą ir pagalbą bei nuolatinį tobulėjimą - dalyvausite įvairių įmonių - mūsų klientų - verslo valdyme, mokymuose, konferencijose Lietuvoje ir užsienyje. Siūlome patogias darbui sąlygas miesto centre (nemokamą parkavimą, dviračių saugyklą ir t.t.), visas reikalingas priemones (įskaitant tarnybinį automobilį), savalaikį ir sąžiningą finansinį atlygį bei įkvepiančią motyvavimo sistemą.
Norėtume aptarti pasiūlymą susitikimo metu, tad siųskite savo gyvenimo aprašymą, o Jūsų asmens duomenų saugumu ir atrankos konfidencialumu pasirūpinsime.
Užduotys ir atsakomybės
Šiame darbe bendrausite su verslo klientais – išsiaiškinsite jų verslo poreikius, problematiką. Gauta informacija po išsamios analizės bus naudojama Odoo ERP projektavimu ir pritaikymu konkrečiai įmonei. Diegsite Odoo ERP sistemą klientų įmonėse, apmokysite sistemos naudotojus, konsultuosite juos kylančiais klausimais, teiksite programos tobulinimo pasiūlymus. Dalis darbo – komandiruotėse Lietuvoje. Išsamiau – susitikimo metu.
Lūkesčiai jūsų kompetencijai
Tikimės, kad turite aukštąjį išsilavinimą (finansai/ ekonomika/ projektų valdymas); sėkmingos darbo patirties apskaitos, finansų srityse; suvokiate apskaitos principus ir verslo procesus, turite anglų kalbos žinių ir puikų kompiuterinį raštingumą.
Jei siekiate aktyvaus bendravimo su klientais ir norėtumėte pritaikyti savo žinias su tikslu – padėti įmonėms, esate pozityvus žmogus, kuriam įdomu nuolat sužinoti vis daugiau – nedelskite, siųskite savo CV jau šiandien. Susipažinkime.
Įmonė siūlo
Darbo ir laisvalaikio balansas
Lankstus darbo grafikas
Galimybė dirbti nuotoliniu būdu
Biuras
Dviračių saugykla
Kiti privalumai
Telefonas asmeniniam naudojimui
Kompiuteris asmeniniam naudojimui
Nuolaidos įmonės produkcijai/paslaugoms
Reguliarūs mokymai
Atlyginimas
1800-2500
                                €/mėn.
                                į rankas",https://www.cvbankas.lt/odoo-erp-jaunesnysis-middle-finansu-konsultantas-vilniuje/1-13790415,2026-04-17,2026-05-17,Finansai / Bankai,,ACTIVE
Klientų aptarnavimo specialistė (-as),UAB „Viena moneta“,Kaunas,1300,1700,"Darbo pobūdis
Esate atsakinga(-s), orientuota(-s) į rezultatą bei mokanti(-s) bendrauti? Prisijunkite prie augančios Viena moneta komandos!
✔ Darbo pobūdis:
Klientų aptarnavimo specialistė(-as) Kaune
✔ Mes iš Jūsų laukiame:
Grynųjų pinigų operacijų atlikimas;
Darbas su įmonės IT sistema;
Profesinių ir komunikacinių įgūdžių tobulinimas.
✔ Mes Jums siūlome:
Darbą dinamiškoje ir konkurencingoje aplinkoje;
Darbo užmokestį neatskaičius mokesčių nuo 1300 iki 1700 € (konkretus darbo užmokestis pasirinktam kandidatui bus siūlomas atsižvelgiant į jo kompetenciją bei patirtį);
Papildomą motyvacinę sistemą.
✔ Atlyginimas
nuo 1300 iki 1700 €/mėn. neatskaičius mokesčių
Reikalavimai darbuotojui
Patirtis aptarnaujant klientus pardavimų srityje, finansų įmonėje;
Gebėjimas bendrauti su klientu anglų,rusų kalbomis.
Aukštesnysis arba aukštasis išsilavinimas (vadybos, ekonomikos, ar panašiose srityse);
Geri grynųjų pinigų skaičiavimo įgūdžiai;
Geri darbo kompiuteriu įgūdžiai;
Atidumas, kruopštumas, gebėjimas bendradarbiauti ir dirbti komandoje.
Atlyginimas
1300-1700
                                €/mėn.
                                neatskaičius mokesčių
Aiški ir patraukli motyvacinė sistema",https://www.cvbankas.lt/klientu-aptarnavimo-specialiste-as-kaune/1-13500793,2026-04-17,2026-05-17,Finansai / Bankai,,ACTIVE
Jaunesnysis buhalteris (-ė),UAB „Alvitan“,Vilnius,1300,1500,"Darbo pobūdis
Pirminių apskaitos dokumentų suvedimas ir tikrinimas
Duomenų importas į apskaitos programą
Darbo laiko apskaitos duomenų tikrinimas ir analizė
Darbas su tachografų duomenimis
Komandiruočių, atostogų ir nedarbingumo (ligos) duomenų tikrinimas bei suvedimas į duomenų bazę
Kiti vyr. buhalterio (-ės) pavesti darbai
Reikalavimai
Buhalterinio darbo pagrindų išmanymas
Kruopštumas, atsakingumas, gebėjimas dirbti su dideliais duomenų kiekiais
Geri darbo kompiuteriu įgūdžiai, ypač MS Excel
Apskaitos programų Rivilė ar Terra žinios – privalumas
Rusų arba Anglų kalbų žinojimas-privalumas
Mes siūlome
Galimybę augti ir tobulėti buhalterijos srityje
Draugišką ir palaikančią komandą
Stabilų darbą ir konkurencingą atlyginimą
Mes siūlome:
Darbo ir laisvalaikio balansas
Galimybė dirbti nuotoliniu būdu
Biuras
Nemokami užkandžiai
Transportas
Nemokamas automobilio parkingas
Atlyginimas
1300-1500
                                €/mėn.
                                į rankas",https://www.cvbankas.lt/jaunesnysis-buhalteris-e-vilniuje/1-13790181,2026-04-17,2026-05-17,Finansai / Bankai,,ACTIVE
Veiklos organizavimo ir metodologijos grupės metodologas (-ė),BĮ „Nacionalinis bendrųjų funkcijų centras“,Vilnius,2031,2600,"Ar ieškai naujų iššūkių ir galimybių viešajame sektoriuje? Prisijunk prie augančios NBFC komandos, kurioje tavo talentai ir idėjos padės įgyvendinti pokyčius bei prisidėti prie organizacijos sėkmės. Mes ieškome motyvuotų ir inovatyvių specialistų, norinčių kartu siekti rezultatų ir tobulėti!
Darbo pobūdis:
Viešojo sektoriaus apskaitos principų analizė ir derinimas, apskaitos politikos bei vadovų projektų rengimas;
Viešojo sektoriaus subjektų finansinių ataskaitų ir teisės aktų analizė, teisės aktų pakeitimų iniciavimas;
Apskaitos politikos keitimų projektų rengimas pagal standartų ar teisės aktų pasikeitimus;
Vidaus ir specializuotų mokymų organizavimas, mokymų medžiagos rengimas bei konsultacijos;
Teisės aktų projektų rengimas, išvadų ir pasiūlymų teikimas dėl kitų institucijų dokumentų;
Dalyvavimas susitikimuose, bendradarbiavimas su kitais skyriais ir institucijomis, duomenų teikimas pagal kompetenciją;
Reikalavimai darbuotojui:
Turėti ne žemesnį nei aukštąjį universitetinį išsilavinimą su magistro kvalifikaciniu laipsniu ar jam prilygintą išsilavinimą;
Mažiausiai 3 metų patirtis finansinės apskaitos srityje;
Viešojo sektoriaus apskaitos ir finansinės atskaitomybės standartų išmanymas bei praktinis jų taikymas;
Gebėjimas sklandžiai reikšti mintis žodžiu ir raštu, analizuoti, vertinti informaciją, rengti išvadas bei pasiūlymus;
Mes siūlome:
Atlyginimą nuo 2031 iki 2600 eurų (neatskaičius mokesčių), priklausantį nuo tavo patirties ir kompetencijų;
Galimybę prisidėti prie svarbių pokyčių viešajame sektoriuje;
Hibridinį darbo modelį;
Gyvūnams draugišką aplinką;
Investicijas į tavo profesinį augimą – nuolatinius mokymus, seminarus;
Papildomą draudimą nuo nelaimingų atsitikimų;
Darbą su savo srities profesionalų komanda, kuri palaiko ir įkvepia.
Prisijunk prie NBFC komandos ir kurkime efektyvesnį viešąjį sektorių kartu!
Apie atrankos rezultatus informuosime tik į pokalbį pakviestus kandidatus.
Informuojame, kad įstaiga visus jūsų asmens duomenis, pateiktus kandidatuojant į šią poziciją, tvarkys įdarbinimo tikslais.
Įmonė siūlo
Darbo ir laisvalaikio balansas
Lankstus darbo grafikas
Galimybė dirbti nuotoliniu būdu
Sveikatingumas
Draudimas nuo nelaimingų atsitikimų
Transportas
Nemokamas automobilio parkingas
Kiti privalumai
Telefonas asmeniniam naudojimui
Kompiuteris asmeniniam naudojimui
Reguliarūs mokymai
Atlyginimas
2031-2600
                                €/mėn.
                                neatskaičius mokesčių",https://www.cvbankas.lt/veiklos-organizavimo-ir-metodologijos-grupes-metodologas-e-vilniuje/1-12920871,2026-04-17,2026-05-17,Finansai / Bankai,,ACTIVE
"Summer Trainee, M&S Financial Services","Neste Lietuva, UAB",Vilnius,1153,1153,"Job description
Ready to start summer with Neste?
We are looking for you,
Summer Trainee, M&S Financial Services
To join our Financial Services team at the Neste Marketing & Services business unit in Vilnius.
Our team is responsible for the core financial operations and accounting integrity of the Neste Marketing & Services functional line. We ensure that every transaction is accurate and that our financial data reflects our commitment to excellence. As we are currently evolving our digital landscape, you will play a vital role in supporting our accounting experts during a significant system transition.
In this role, you will work closely with our team of accountants across the Baltics. You will be right at the heart of our financial data management, ensuring that our move to a new ERP system is seamless and accurate.
Your role in our team
ERP Implementation Support: Assist the accounting team in transitioning to a new ERP system, ensuring that historical and current data is migrated correctly.
Data Entry & Verification: Handle the precise entry of accounting information and numbers into our financial systems, maintaining high standards of data quality.
Accounting Documentation: Support the team in processing invoices, reconciling accounts, and organizing financial records to ensure compliance with accounting requirements..
Data Cleansing: Review and update existing financial records to prepare them for system integration, identifying and correcting any discrepancies in the numbers.
Internal Support: Provide administrative assistance to the accountants in daily tasks and special projects related to the summer closing period.
Requirements
Keys to success in this role
Educational Background: Studies in Accounting, Finance, or Business Administration (ongoing or recently completed).
Precision & Detail: You have a natural affinity for numbers and take pride in ""getting it right the first time.""
Technical Comfort: You are comfortable working with spreadsheets and are eager to learn the ins and outs of a professional ERP system.
Language Skills: Good command of English and your local language (Lithuanian).
Mindset: A patient, diligent, and proactive approach to repetitive tasks that are critical for the business.
What’s in it for you?
Neste summer trainees are valued and integral members of their teams
Extensive self-study opportunities offered by our learning platform
Good experience in a big corporation and a strong foundation for future work
Great experience working with experts and meeting new people
The summer job typically takes place between June 1 and September 30, 2026. For Lithuania: Your monthly gross salary will be 1153 EUR.
Let’s get you started
We look forward to receiving your application by April 26th, 2026.
We will screen applications and the selection can be made already during the application period. The recruitment process will include one or two interviews held by the hiring manager. In some cases, we may also use a video interview. By submitting an application, you give us permission to consider it for all applicable summer jobs 2026.
If you have questions regarding the recruitment process, we answer them at Due to the large number of applications, we are not able to comment on individual jobs or applications. You’ll find tips and answers to frequently asked questions from here.
We hope to see you this summer!
Salary
1153
                                €/mon.
                                gross",https://www.cvbankas.lt/summer-trainee-m-s-financial-services-vilniuje/1-13790127,2026-04-17,2026-04-27,Finansai / Bankai,,ACTIVE
Commercial Business Analyst,UAB „Manpower Lit“,Vilnius,3700,4200,"Job description
Your Responsibilities:
Act as an analytical partner to the CEO and HQ Analytics team, supporting commercial and strategic decisions.
Lead market, channel, pricing and SKU performance analysis across the Baltics, with primary focus on Lithuania.
Deliver accurate daily, weekly, monthly and quarterly reporting using Excel, supported by Power BI.
Provide actionable local insights to support sales planning, pricing decisions and trade marketing initiatives.
Manage ERP data quality and manual data inputs.
Identify gaps, inconsistencies and improvement opportunities across analytical processes within the company; propose automation and reporting enhancements.
What Will Help You Succeed:
2+ years of experience in an analytical role where you worked with real business data. Experience in FMCG or manufacturing environment would be considered as an advantage.
Strong Excel skills and enjoyment of working with large, sometimes imperfect datasets. Familiarity with Power BI, SAP or Nielsen would be beneficial.
Native Lithuanian and fluent English (B2).
A degree in finance, economics, mathematics or a similar field.
Ability to turn numbers into clear recommendations, not just reports.
Attention to detail, ownership mindset and confidence working with senior stakeholders.
What the company offers:
Annual salary review linked to performance and development.
Individual training budget to strengthen your analytical, business and technical skills.
A high-impact role where your analyses directly support the CEO and key commercial decisions.
Ownership & development: own market analytics in Lithuania and improve reporting and data processes.
Salary
3700-4200
                                €/mon.
                                gross",https://www.cvbankas.lt/commercial-business-analyst-vilniuje/1-13790091,2026-04-17,2026-05-08,Finansai / Bankai,,ACTIVE
Apskaitininkė (-as). Kviečiame prisijungti!,UAB „Royal Silk Road“,Vilnius,1200,1400,"Darbo pobūdis
Pirminių apskaitos dokumentų suvedimas į buhalterinės apskaitos programą;
PVM sąskaitų - faktūrų išrašymas;
Skolų likučių su pirkėjais ir tiekėjais derinimas;
Suderinimo aktų formavimas;
Bankinių operacijų registravimas apskaitoje;
Grynųjų pinigų operacijų dokumentų apskaita;
Dokumentų archyvavimas;
Kitos buhalterio pavestos užduotys.
Jei ieškai aplinkos, kur vertinamos žinios, dalijamasi patirtimi ir nuosekliai investuojama į kompetencijų augimą bei tarpusavio ryšį - pasikalbėkime. Čia rasi ne tik darbą, bet ir kryptingą profesinį augimą.
Reikalavimai darbuotojui
Išsilavimas buhalterinės apskaitos srityje (gali būti ir buhalterinės apskaitos kursai);
Bent 1 metų sėkmingo, panašaus darbo patirtis;
Geri darbo kompiuteriu įgūdžiai;
Gebėjimas ir noras dirbti komandoje;
Atsakingumas, kruopštumas, atidumas detalėms, greita orientacija;
Bent 1 užsienio kalbos (anglų, lenkų) žinios būtų privalumas.
Įmonė siūlo
Galimybė kilti karjeros laiptais (iki buhalterio pozicijos);
Darbe naudojama pažangi buhalterinės apskaitos programa, automatizavimo moduliai bei įrankiai;
Prieigos prie suflerių ir kitų informacinių sistemų;
Įdomus ir atsakingas darbas augančioje kompanijoje;
Puiki atmosfera gražiame ofise pačiame Vilniaus centre;
Profesionali ir draugiška komanda;
Kvalifikacijos kėlimo galimybės (mokymai, seminarai);
Papildomos išmokos įvairių gyvenimo įvykių atveju;
Galimybė parkuotis automobilį;
Atlyginimas
1200-1400
                                €/mėn.
                                į rankas
Atlyginimas priklauso nuo kompetencijų bei sukauptos patirties.",https://www.cvbankas.lt/apskaitininke-as-kvieciame-prisijungti-vilniuje/1-13039156,2026-04-17,2026-05-17,Finansai / Bankai,,ACTIVE
Procedūrų koordinatorius (-ė) (12 mėn. terminuota),UAB „Greencarrier Service Center“,Klaipėda,1260,1260,"Apie poziciją:
Ieškome kruopštaus ir dėmesingo žmogaus į procedūrų koordinatoriaus poziciją, jei manai, kad tai tu - atsiųsk mums savo gyvenimo aprašymą ir mes tave pakviesim puodeliui kavos.
Darbo dienos bėgyje reikės bendrauti el. laiškais su tiekėjais ir klientais, dirbti su laivybos linijos krovinių valdymo bei sąskaitų išrašymo programomis.
Visko išmokome, tad svarbu jūsų noras tobulėti.
Ieškome komandos nario, kuris:
Ieškome energingo ir pozityvaus komandos nario, kuris:
mokėtų anglų kalba;
gebėtų savarankiškai planuoti paskirtų užduočių atlikimą;
turėtų darbo su kompiuteriu įgūdžius;
būtų pastabus.
Siūlome:
Mes pasirūpinsime jūsų įvedimu į poziciją: visada bus kas jus palaiko ir su kuo pasitarti;
Suteiksime ergonomišką darbo vietą biure ir galimybę dalį laiko dirbti iš namų;
Ofise rasite įvairias arbatas, kavos gėrimus ir šviežius vaisius;
Nuo pirmos darbo dienos galėsite naudotis specialiomis nuolaidomis ir pasiūlymais;
Gimtadienio proga, suteiksime apmokamą laisvą dieną;
Dirbant pas mus bus lengva suderinti darbą ir asmeninį gyvenimą.
Atlyginimas
Nuo 1260
                                €/mėn.
                                neatskaičius mokesčių",https://www.cvbankas.lt/proceduru-koordinatorius-e-12-men-terminuota-klaipedoje/1-13789725,2026-04-17,2026-05-17,Finansai / Bankai,,ACTIVE
"Accountant, Accounts Receivable",UAB „Metso Global Business Services“,Vilnius,2100,2600,"Job Description
Join an industry leader and make a positive change in the sustainable use of the world’s natural resources. Together, we will transform the business and drive the industry toward a greener future.
At Metso, you will be supported by our inclusive culture and a network of colleagues from around the world. With us, you will embark on a personal growth journey and are encouraged to realize your potential. This is your invitation to rise above the possible.
We are looking for an Accountant to join Accounts Receivable Team in Vilnius.
Responsibilities
Responsibility of managing the cash allocations and cash management for allocated accounts in accordance with KPIs as set
Deal with internal and external (via telephone and e-mail) customers to facilitate allocation of payments correctly to accounts
Process and post non-SD related invoices as advised for Internal business partners in ERP systems
Prepare, liaise and post, with internal local business partners the calculations for the external debtor provisions
Co-ordinate with the Accounts Receivable Collections team with the Internal Market Area business partners to provide cash flow movements for cash forecasting analysis
Participate in team problem solving and knowledge management
Provide training development of new team members as required
Perform other duties as directed by the Cash Allocations & Management Team Lead
Requirements
12 plus months of finance experience
Higher education in Finance, Accounting is considered as an advantage
SAP FICO (AR) knowledge is considered as an advantage
Fluency in English
Understanding of Credit and Receivables process
Cash application processing knowledge
Banking system knowledge
Practical experience from a similar role
Strong finance and accounting skills
Customer service mindset
Excellent communication skills
We Offer
Challenging opportunities contributing to Metso industry leading solutions in a friendly, respectful and global environment
Modern office in Vilnius city center
Hybrid work model, international workcation opportunity
Compensation to help you establish your home office
Additional holiday days
SAP/systems training, e-learning courses, webinars with guest speakers
Get together activities, marathons, brain battles, summer and winter events, other ad-hoc activities
Private Health Insurance + flexible benefits
Flexible salary from 2100-2600 EUR/month (Gross) + annual bonus
Please note that we will start reviewing candidate CVs as soon as they come in and arranging interviews with suitable candidates before the job ad deadline.
Salary
2100-2600
                                €/mon.
                                gross",https://www.cvbankas.lt/accountant-accounts-receivable-vilniuje/1-13789923,2026-04-17,2026-05-17,Finansai / Bankai,,ACTIVE
BUHALTERIS (-Ė),UAB Emplonet,Vilnius,1600,1600,"Darbo pobūdis:
Pilnas 4–5 įmonių apskaitos tvarkymas nuo pirminių dokumentų iki finansinių ataskaitų;
Sąskaitų suvedimas ir apskaita;
Darbo užmokesčio skaičiavimas (nedideliam darbuotojų skaičiui);
Mokesčių deklaracijų teikimas (VMI, Sodra);
Finansinių ataskaitų rengimas bei teikimas bankams ir akcininkams;
Paskolų ir palūkanų apskaita;
Bendradarbiavimas su kolegomis ir vadovybe, finansinių klausimų analizė.
Reikalavimai:
Aukštasis išsilavinimas apskaitos, finansų ar ekonomikos srityje;
Buhalterinio darbo patirtis;
Gebėjimas savarankiškai tvarkyti pilną apskaitą;
Patirtis dirbant su apskaitos programa (pvz., „Rivilė“ – privalumas);
Pagrindiniai darbo su „Excel“ įgūdžiai;
Analitinis mąstymas, atsakingumas ir kruopštumas;
Gebėjimas dirbti savarankiškai ir komandoje;
Privalumas – patirtis nekilnojamojo turto apskaitoje arba su holdingo struktūra.
Įmonė siūlo:
Hibridinį darbo modelį (2–3 dienos biure Vilniuje);
Mokymus ir galimybę tobulėti (ypač finansinės atskaitomybės srityje);
Draugišką ir bendradarbiaujančią komandą;
Karjeros augimo galimybes augančioje įmonėje.
Atlyginimas
1600
                                €/mėn.
                                į rankas",https://www.cvbankas.lt/buhalteris-e-vilniuje/1-13789585,2026-04-17,2026-05-17,Finansai / Bankai,,ACTIVE
Senior Accounting Consultant,UAB „DELOITTE LIETUVA“,Vilnius,2900,3500,"Who we are looking for
Higher education in economics, finance, or accounting;
3–5 years of experience in accounting, directly working with Lithuanian tax declarations, preparation of financial statements, payroll calculation, and reporting;
Excellent knowledge of English and Lithuanian (written and spoken) — other languages would be an advantage;
Strong knowledge of Excel and other IT systems. Practical experience with accounting systems such as Business Central or SAP would be an advantage;
Ability to manage several tasks simultaneously and meet deadlines;
Responsibility, accuracy, and attention to detail;
Fast learning and high motivation.
Your future role
Provide accounting, tax, and payroll services to both Lithuanian and international companies;
Prepare financial and tax reports in accordance with Lithuanian legislation;
Use your skills and smart tools to deliver daily support to clients in finance and accounting.
What we offer
Great perspective for your career
cooperation with various industries & a high diversity of tasks, projects and clients of well-known brands, both local and international.
Continuous learning
free access to lifelong learning opportunities through trainings in Business Skills, Technical Knowledge, Professional Qualifications, Soft Skills, depending on your needs;
thousands of online courses (on LinkedIn Learning, Udemy for Business, GetAbstract and others), on almost any topic you want to learn about.
Focus on your needs
an attractive salary (2900 - 3500 EUR gross), including various benefits;
additional benefits on top of your salary! Choose from a list of benefits, which include health insurance and flexible benefits such as pension funds, home office, Stebby platform and many more;
employee assistance program: free legal, financial, psychological & career coaching;
travel insurance for professional & personal trips.
Flexible working experience
hybrid work & flexible working hours. Teams set their team days and client office days, plan office presence together and communicate it clearly
study leave, paid time off for professional development, and recognition for meeting project targets.
A culture of friendliness and acceptance
recurring well-being programs to support your quality of life; an environment that supports everyone’s mental and physical health.
Community involvement
the opportunity to volunteer for projects supported by Deloitte in partnership with non-profit organizations, with focus on education and climate.
Company offers
Work life balance
Flexible work hours
Remote work possibility
Health
Health insurance
Office
Free snacks
Salary
2900-3500
                                €/mon.
                                gross",https://www.cvbankas.lt/senior-accounting-consultant-vilniuje/1-13789633,2026-04-17,2026-04-27,Finansai / Bankai,,ACTIVE
HS Onboarding Associate,Shift4 Payments Lithuania UAB,Vilnius,1575,1575,"Job description
The company is looking for an HS (High Speed) Onboarding Associate to join the Risk & Underwriting Team. Reporting directly to the Team Leader, they will provide support to the company globally and will work closely with team members and team lead on a wide range of day-to-day issues.
Responsibilities
Carry out business model checks of small merchants onboarding under the payment facilitator
Performing KYC (Know Your Customer) checks to verify identity and legitimacy
Conducting AML (Anti-Money Laundering) assessments to evaluate potential financial crime risks
Using internal systems such as Salesforce to access and manage merchant data
Working with external verification tools and portals, including Visa, Mastercard, and World-Check
Liaising directly with internal teams, such as Legal, Fraud, Financial Risk, and Sales Operations Managers to obtain KYC documentation
Ensuring that data storage, whether electronic or physical, is in line with internal and regulatory requirements
Liaising with other teams to ensure compliance with the relevant Card Schemes Rules and Regulatory requirements as pertain to merchant application files
Escalate with the company’s governance structure, as appropriate, any identified GAPs, deficiencies, or requirements to ensure compliance with internal and regulatory requirements and policies
Ensuring that service-level agreements (SLA) are met
Assist with other Ad hoc tasks which may arise from time to time as needed
Requirements and skills
Experience in Underwriting as well as Card Acquiring will be considered an asset, but is not a requirement
Possess excellent organizational and interpersonal communication skills
Have strong work ethic and attention to detail
Be highly organized, pro-active, and able to work on own initiative
Be a team player and able to meet strict deadlines
Be fluent in oral and written English
We offer
A growing innovative company
Social Responsibility Initiatives (such as Volunteering days; Blood donation; Contribution to various charitable causes)
Office lunch twice a week and a wide choice of Snacks/Soft drinks
Office in the city center with parking for cars, bicycles, and scooters
Private health insurance
Employee accident insurance
Additional vacation days based on tenure
Bonuses for the achieved results
Employee referral program
IIIrd Pillar Pension Fund contribution
Gifts for special occasions.
Salary
From 1575
                                €/mon.
                                gross",https://www.cvbankas.lt/hs-onboarding-associate-vilniuje/1-13789581,2026-04-17,2026-05-17,Finansai / Bankai,,ACTIVE
ASISTENTAS (-Ė)/PRAKTIKANTAS (-Ė) APSKAITOS SKYRIUJE,UAB NNL LT,Kaunas,400,400,"Kandidatuok įmonės puslapyje:
karjera.nnl.lt/p/job/wrVIEGMo/praktikantas-e-apskaitos-skyriuje-apmokama-puse-darbo-dienos
Pagrindinės Tavo užduotys:
Susipažinimas su įmonės apskaitos procesais;
Pagalba archyvuojant, tvarkant ir sisteminant dokumentus;
Specifinės su apskaitos skyriaus veikla susijusios užduotys;
Asistavimas apskaitos vadovui, apskaitininkams.
Darbo grafikas:
20 val. per savaitę (derinama individualiai)
Galimybė dirbti vieną šeštadienį per mėn.
Reikalavimai Tau:
Esi baigusi (-ęs) apskaitos, ekonomikos krypties studijas arba esi paskutinių kursų studentė (-as) (gali būti ir magistro krypties studentai);
Kruopštumas, atidumas;
Atsakingas požiūris į darbą;
Gebėjimas bendrauti su žmonėmis;
Organizuotumas, gebėjimas planuoti savo laiką;
Orientacija į rezultatą;
Geri darbo kompiuteriu įgūdžiai;
Mes Tau siūlome:
Galimybę įgyti žinių apskaitos srityje;
Įdomią praktiką sparčiai augančioje logistikos kompanijoje;
Puikias praktikos sąlygas ir draugišką, jaunatvišką kolektyvą;
Galimybę įsidarbinti įmonėje sėkmingai atlikus praktiką.
Galimos praktikos rūšys:
SAVANORIŠKA (dvišalė sutartis tarp praktikanto ir įmonės, atlikti gali asmenys iki 29 m.);
UNIVERSITETINĖ (trišalė sutartis).
Įmonė siūlo
Mokymus ir pagalbą startuojant;
Tobulėjimo ir kvalifikacijos kėlimo galimybes;
Įdomų, dinamišką darbą sparčiai augančioje tarptautinėje logistikos kompanijoje;
Dėmesį Tavo ypatingoms gyvenimo progoms (įmonės dovanos susituokus, gimus vaikui ir kt.);
Visokeriopą pagalbą nutikus sudėtingoms gyvenimo situacijoms (papildomos išmokos, pašalpos ir t.t.);
Bendrystės jausmą kartu švenčiant gražiausias metų šventes;
Galimybę kilti karjeros laiptais.
Atlyginimas
Nuo 400
                                €/mėn.
                                į rankas",https://www.cvbankas.lt/asistentas-e-praktikantas-e-apskaitos-skyriuje-kaune/1-13736291,2026-04-16,2026-05-07,Finansai / Bankai,,ACTIVE
E-Commerce Sales Manager,AS Inbank filialas,Vilnius,3000,5000,"Job description
Inbank is a fintech company with an EU banking license. We design digital financial products that seamlessly merge financing and payments with shopping ultimately empowering people to improve their quality of life. With a focus on innovation and growth, we are looking for talented people to join our team of 440+ people working across our offices in Estonia, Latvia, Lithuania, Poland and the Czech Republic.
Due to our growth ambitions, we seek a talented E-Commerce Sales Manager to join our Vilnius office.
As an E-commerce Sales Manager, you will identify, negotiate, and close strategic partnerships with platforms such as payment solution providers, specialized CRMs, software developers, ERP providers, and marketing channels that serve as hubs for multiple merchants. Your focus will be on building scalable, high-impact partnerships capable of generating a strong and consistent flow of leads, rather than onboarding individual e-shops.
You will also take full ownership of the post-gate channel, ensuring that once agreements are signed, integrations are successfully completed and partner merchants are effectively activated, engaged, and actively using Inbank solutions.
What will you be doing?
Searching for and engaging potential platforms (payment solution providers, e-commerce platforms, CRMs, ERP systems, software developers, and marketing channels) that act as hubs for multiple merchants.
Building a strong pipeline of large platforms and strategic partners and structuring scalable commercial agreements (e.g., referral fees, revenue share, lead generation models).
Supporting and coordinating integration processes with partners in collaboration with Product and Tech teams.
Analyzing merchant traffic and performance data to refine your sales tactics and prioritize the most profitable gates.
Managing an incoming flow of companies that want to work with Inbank — onboarding, activating, and growing these partners.
Taking care of existing Inbank partners and continuously expanding their performance.
Re-activating current partnerships with different e-commerce solutions and managing the partner portal.
Training, educating, and enabling partner employees to effectively use Inbank’s platform and systems.
Ideally, you would have:
3–5 years of proven experience as a Partner Sales Manager, E-commerce or SaaS Sales Representative, or similar within B2B Sales.
Experience working with Payment Solution Providers (PSPs) or large e-commerce platforms would be a strong advantage.
Interest in understanding sales processes, partnership models, and e-commerce dynamics
Excellent communication and interpersonal skills with the ability to build and maintain long-term relationships.
Experience leading projects involving multiple teams or external partners (e.g. integrations)
Strong time management skills and the ability to adapt to a fast-paced, growth-oriented environment.
Analytical mindset with the ability to work with performance data.
Fluent written and spoken Lithuanian and English.
Our offer to you:
Salary based on experience and performance (Approximately 3000-5000€ gross of both fixed part and variable part depending on the results).
Opportunities for professional growth and advancement within the company.
A hybrid working model, providing flexibility and work-life balance.
Additional health insurance or Stebby app.
Additional vacation days after 3rd year of working.
Team events and personalised training plan.
When submitting your application, kindly ensure your CV is in English.
At Inbank we strive to have an inclusive and diverse working environment, so we welcome you to apply even if you do not match all the points here but think you would do well.
Salary
3000-5000
                                €/mon.
                                gross",https://www.cvbankas.lt/e-commerce-sales-manager-vilniuje/1-13737095,2026-04-16,2026-05-17,Finansai / Bankai,,ACTIVE
Buhalterė (-is),MB FINMEKA,Šiauliai,2000,2500,"⭐ Paskutinė buhalterė, kurios ieškos Klientas!
O geras, atsidarei šį skelbimą. Galbūt kaip tik nuo čia prasidės tavo naujas profesinis etapas #FINMEKA komandoje. 🚀
Šiandien kviečiame prisijungti motyvuotą ir atsakingą Buhalterę (-į), kuri (-is) geba dirbti komandoje, savarankiškai priimti sprendimus ir atsakingai rūpintis Klientų finansais. 🤝
Ieškome žmogaus, kuris vertina tikslumą, profesionalumą, aiškų bendravimą ir supranta, kad svarbiausia – laiku bei kokybiškai padėti Klientui. 📊
🍁 Tavo pagrindinės atsakomybės
Pilnas priskirtų Klientų apskaitos vedimas – nuo pirminių dokumentų iki finansinės atskaitomybės;
Klientų konsultavimas žodžiu ir raštu apskaitos bei mokesčių klausimais;
Atsargų ir automobilių kuro apskaitos vedimas;
Skolų derinimas su klientais;
Ataskaitų rengimas ir duomenų analizė;
Dalyvavimas mėnesio bei metų uždarymo procesuose;
Kitos su buhalterine apskaita susijusios užduotys.
Tam, kad taptum #FINMEKA komandos nariu, tau prireiks 👑
Aukštasis arba aukštesnysis išsilavinimas buhalterijos, finansų ar ekonomikos srityje – privalumas;
Bent 2 metų sėkminga darbo patirtis buhalterijoje;
Analitinis mąstymas, atidumas detalėms ir atsakingas požiūris į terminus;
Gebėjimas dirbti komandoje ir savarankiškai priimti sprendimus;
Patirtis dirbant su apskaitos programa „Rivilė“ – didelis privalumas;
Geri darbo įgūdžiai su MS Office paketu (Word, Excel, Outlook);
Geras LR teisės aktų, susijusių su apskaita ir mokesčiais, išmanymas.
🎁 #FINMEKA siūlo
Penktadieniais biurą iškeičiame į namų komfortą – dirbame nuotoliu;
Mūsų biuras pačiame Šiaulių centre – pietų pertrauka gali virsti maloniu pasivaikščiojimu Bulvaru;
Rūpinamės tavo savijauta – sveikatos patikros mūsų sąskaita;
Augimui vietos pas mus tikrai yra – mokymai, seminarai ir konferencijos;
Gimtadienio proga tavęs lauks dovana;
Bent 2 kartus per metus kuriame prisiminimus team building renginiuose;
Nebūsi palikta (-as) viena (-as) – komanda padės tiek starte, tiek vėliau;
Laisvai naudosis „Mokesčių sufleris“ planu kasdieniam darbui palengvinti;
Turėsi realias profesinio augimo galimybes;
Tavo idėjos čia svarbios – galėsi siūlyti sprendimus ir juos įgyvendinti praktiškai.
Ir pabaigai 🌻
Nori patirti, ką reiškia kartu dirbti oranžinėje #FINMEKA komandoje? Užpildyk formą, atsiųsk mums informaciją apie save ir pasikalbėkime. Nekantriai Tavęs laukiame!
Įmonė siūlo
Sveikatingumas
Sveikatos patikros
Kiti privalumai
Nuolaidos įmonės produkcijai/paslaugoms
Reguliarūs mokymai
Atlyginimas
2000-2500
                                €/mėn.
                                neatskaičius mokesčių
Informuosime tik atrinktus kandidatus 🍀",https://www.cvbankas.lt/buhaltere-is-siauliuose/1-13788215,2026-04-16,2026-05-16,Finansai / Bankai,,ACTIVE
"Direktoriaus pavaduotojas (-a) SM/EXP formate, Vasario 16-osios gatvė, Jonava",UAB „RIMI LIETUVA“,Jonava,1410,1700,"Jeigu Tau svarbu:
Patikima komanda ir vadovai, padedantys tobulėti;
Būti pastebėtu ir įvertintu. Žinok, kad karjeros galimybėmis jau pasinaudojo 239 kolegų per 2025 metus;
Galimybė lanksčiai derinti grafiką ir laisvas dienas;
Dovanos, renginiai, šventės darbuotojams ir parama nutikus nelaimei.
„Rimi“[b] siūlo Tau:
Atlyginimas 1410 - 1700 €[/b] (neatskaičius mokesčių). Didesnis pradinis atlyginimas turint panašaus darbo patirties;
Priedai (po bandomojo laikotarpio) už pasiektus rezultatus
iki 20 %
nuo mėnesinio darbo užmokesčio mokami kiekvieną mėnesį (neatskaičius mokesčių);
Papildomas priedas už atvestą ir įdarbintą draugą
iki 250 €
(neatskaičius mokesčių);
Priedas už dalyvavimą „Rimi Ambasadorių"" programoje –
85 €
(neatskaičius mokesčių);
Papildomas sveikatos draudimas (po bandomojo laikotarpio), kurio vertė –
iki 2950 €
;
Papildoma nuolaida apsiperkant Rimi parduotuvėse;
Nemokami pietūs, sveiki užkandžiai ir kavos pertraukėlės.
Jeigu Tu:
Esi iniciatyvus, analitiškas ir aktyvus;
Esi orientuotas į klientą ir sieki užsibrėžtų tikslų;
Turi organizacinių ir laiko planavimo gebėjimų;
Sugebi ugdyti, motyvuoti ir organizuoti komandos darbą;
Puikiai dirbi kompiuteriu („MS Office"");
Turi panašios darbo patirties mažmeninėje prekyboje (pranašumas).
Mes Tau patikėsime:
Komandos darbo organizavimą;
Kasų darbo užtikrinimą (pinigų perskaičiavimas, inkasacijos, užsakymai ir dokumentacijos pildymas);
Prekių išdėstymo planavimo darbus;
Prekių užsakymus ir nurašymus;
Klientų aptarnavimą kasos aparatu ir prekybos salės priežiūrą.
***
Atlyginimas
1410-1700
                                €/mėn.
                                neatskaičius mokesčių",https://www.cvbankas.lt/direktoriaus-pavaduotojas-a-sm-exp-formate-vasario-16-osios-gatve-jonava-jonavoje/1-13788385,2026-04-16,2026-05-15,Finansai / Bankai,,ACTIVE
Buhalterė (-is) / Apskaitą tvarkantis asmuo,UAB „Vakarų finansai“,Klaipėda,1300,2500,"Ieškome kolegos, kuris nori ne tik stabilaus darbo, bet ir prisiimti atsakomybę už savo darbo rezultatą bei augti iki savarankiško klientų apskaitos specialisto.
UAB „Vakarų finansai“ – nedidelė (4–6 žmonių), profesionali buhalterinių paslaugų komanda Klaipėdoje. Dirbame struktūruotai, be chaoso, vertiname aiškumą, pagarbą ir atsakingą požiūrį į darbą.
Mums svarbu ne tik gera atmosfera, bet ir tai, kad kiekvienas komandos narys laikosi susitarimų ir prisideda prie bendro rezultato.
Darbo pobūdis:
✔ Buhalterinės apskaitos vedimas nuo pirminių dokumentų iki ataskaitų (atsakomybė didinama palaipsniui);
✔ VMI deklaracijų rengimas ir teikimas;
✔ Klientų konsultavimas apskaitos ir mokesčių klausimais;
✔ Bendradarbiavimas su valstybinėmis institucijomis;
✔ Finansinių ataskaitų rengimas klientams.
Naujam kolegai skiriame adaptacijos laikotarpį – pradžioje dirbsite kartu su patyrusiu kolega. Atsakomybė ir klientų krepšelis didinami palaipsniui.
Tikimės, kad įvedimo laikotarpiu darbuotojas aktyviai įsitrauks, klausinės ir sieks kuo greičiau perimti užduotis savarankiškai.
Reikalavimai darbuotojui:
✔ Buhalterio kvalifikaciją atitinkantis išsilavinimas;
✔ Pageidautina ne mažesnė nei 2 metų buhalterinio darbo patirtis;
✔ Puikus buhalterinės ir mokesčių teisės aktų išmanymas;
✔ Geri darbo kompiuteriu įgūdžiai;
✔ Analitinis mąstymas, kruopštumas, organizuotumas;
✔ Rusų ir (ar) anglų kalbos žinios – privalumas;
✔ Patirtis dirbant su FINVALDA – privalumas;
✔ Patirtis apskaitos įmonėje – privalumas.
Vertybės, kurios mums labai svarbios:
✔ Atsakingumas ir sąžiningas požiūris į darbą;
✔ Nuoširdumas ir pagarba bendraujant su klientais ir kolegomis;
✔ Punktualumas ir gebėjimas laikytis susitarimų;
✔ Tvarkingumas dokumentuose ir darbo procesuose.
Suprantame, kad visi mokomės – svarbiausia atvirumas ir noras spręsti situacijas kartu.
Kaip dirbame
✔ Dirbame struktūruotai, laikomės terminų ir susitarimų;
✔ Vertiname iniciatyvą ir atsakomybę už savo darbo rezultatą;
✔ Klausimus sprendžiame kartu – svarbus atviras bendravimas;
✔ Galimybė darbo metu susitvarkyti asmeninius reikalus – iš anksto suderinus ir užtikrinant, kad darbas bei terminai nenukentės;
✔ Lankstumas galimas, tačiau visada derinamas iš anksto su vadovu ir nekenkia darbo kokybei bei terminams.
Darbo laikas: 07:00–16:00 arba 08:00–17:00. Darbo laiko laikomės, kad užtikrintume sklandų darbą su klientais ir komanda.
Ko tikimės iš Tavęs
✔ Atsakingo požiūrio – darbus atlieki taip, kad jų nereikėtų taisyti;
✔ Įsitraukimo – ypač darbo pradžioje;
✔ Patikimumo – laikaisi susitarimų ir terminų;
✔ Gebėjimo planuoti savo laiką ir atsakomybę taip, kad darbai būtų atlikti laiku be papildomo priminimo;
✔ Noro augti ir perimti vis daugiau atsakomybės.
Ar atpažįsti save?
✔ Darbą atlieki taip, lyg jis būtų Tavo paties;
✔ Vertini tvarką, aiškumą ir stabilumą;
✔ Esi patikimas (-a) ir laikaisi terminų;
✔ Ieškai ne laikino darbo, o ilgalaikio bendradarbiavimo.
Ieškome žmogaus, kuriuo galėtume pasitikėti tiek dėl darbo kokybės, tiek dėl požiūrio į susitarimus.
➡ Jei taip – lauksime Tavo kandidatūros.
Įmonė siūlo:
✔ Stabilų ir ilgalaikį darbą;
✔ Draugišką, palaikantį kolektyvą;
✔ Aiškius darbo procesus ir realius terminus;
✔ Profesinio augimo galimybes;
✔ Sveiką darbo ir asmeninio gyvenimo balansą;
✔ Darbo vietą Klaipėdos centre.
Klientų skaičius paskirstomas taip, kad darbo krūvis būtų realus ir neperkrautas. Pradžioje skiriame adaptacijos laikotarpį ir palaipsniui didiname atsakomybę – ieškome žmogaus, kuris nori mokytis ir augti profesiškai. Ilgainiui pozicija tampa savarankiška, apimanti pilną apskaitą.
Atlyginimas
1300-2500
                                €/mėn.
                                į rankas
Atlyginimas derinamas individualiai – jis priklauso nuo realių kompetencijų, atsakomybės ir tvarkomų klientų krepšelio. Pradinis atlygis nustatomas pagal patirtį ir savarankiškumo lygį, o augant kompetencijoms – didėja ir atlyginimas.
Galima kreiptis be motyvacinio laiško – užtenka CV arba trumpos žinutės.
Jei ieškai vietos, kur vertinamas žmogus, laikomasi žodžio ir galima ramiai dirbti savo darbą – parašyk mums. Net jei nesi 100 % tikras (-a), mielai pabendrausime.",https://www.cvbankas.lt/buhaltere-is-apskaita-tvarkantis-asmuo-klaipedoje/1-13788237,2026-04-16,2026-05-16,Finansai / Bankai,,ACTIVE
Apskaitininkas (-ė),UAB „Sigma Trans“,Vilnius,1100,1300,"Darbo pobūdis
CMR važtaraščių ir kitų pervežimo dokumentų administravimas
Transporto paslaugų apskaita
Dokumentų ir sąskaitų administravimas (sąskaitų išrašymas bei priėmimas)
Kitos pavestos tiesioginio vadovo užduotys
Reikalavimai darbuotojui
Puikūs darbo kompiuteriu įgūdžiai
Pageidaujama darbo patirtis transporto sektoriuje (didelis privalumas)
Gebėjimas dirbti programomis: Debetas ir Infotrans būtų didelis privalumas
Kruopštumas, atidumas
Geros Excel žinios
Atlyginimas
1100-1300
                                €/mėn.
                                į rankas",https://www.cvbankas.lt/apskaitininkas-e-vilniuje/1-9555404,2026-04-16,2026-05-16,Finansai / Bankai,,ACTIVE
Vyresnysis (-ioji) investicinių projektų vadovas (-ė),SBA Grupė,Vilnius,5000,5000,"Darbo pobūdis
Šiose pareigose glaudžiai bendradarbiausite su Investicijų vadovu ir atliksite svarbų vaidmenį įgyvendinant nekilnojamojo turto sandorius. Pozicija orientuota į stiprų analize ir įžvalgomis paremtą investicinių sprendimų pagrindimą, kuriant detalius finansinius modelius.
Pagrindinės atsakomybės
kurti ir tobulinti finansinius modelius, vertinant įvairias nekilnojamojo turto investicijas (įsigijimus ir vystymo projektus);
prisidėti prie didelės apimties komercinio nekilnojamojo turto pardavimo sandorių įgyvendinimo, rengiant rinkodaros ir analitinę medžiagą;
rengti detalius sandorių scenarijus, struktūruoti sandorius derinant skirtingus finansavimo šaltinius (nuosavas kapitalas, bankinis finansavimas, mezzanine ir kt.), vertinti pagrindines rizikas;
atlikti rinkos analizę, sekti tendencijas ir lyginti investavimo galimybes;
rengti aiškią ir struktūruotą medžiagą investicijų komitetui bei išoriniams partneriams;
prisidėti prie įrankių, modelių ir procesų tobulinimo, įskaitant duomenų ir dirbtinio intelekto sprendimų taikymą.
Reikalavimai kandidatui (-ei)
3-5+ metų patirtis nekilnojamojo turto, investicijų analizės, įmonių įsigijimų ir susijungimų (M&A) ar panašioje srityje (stiprūs kandidatai su mažesne patirtimi taip pat bus svarstomi);
puikūs finansinio modeliavimo ir analitiniai įgūdžiai;
aukštasis išsilavinimas matematikos ar panašioje srityje (pvz., finansų ar ekonomikos, su stipriais rezultatais kiekybiniuose dalykuose);
CFA kvalifikacija (baigta arba siekiama) – privalumas;
gebėjimas dirbti savarankiškai ir užtikrinti aukštą darbo kokybę;
smalsumas, kruopštumas ir nuolatinis siekis tobulėti.
Tau siūlome:
tiesioginį įsitraukimą į svarbiausius investicinius sprendimus ir sandorių įgyvendinimą;
galimybę dirbti su aukščiausios klasės komercinio nekilnojamojo turto projektais regione;
profesionalią ir bendradarbiaujančią komandą;
laisvę tobulinti procesus ir įgyvendinti naujas idėjas;
ilgalaikę perspektyvą ir konkurencingą atlygio paketą.
Sveikatingumas
Sveikatos draudimas
Biuras
Nemokami užkandžiai
Transportas
Nemokamas automobilio parkingas
Kiti privalumai
Reguliarūs mokymai
Atlyginimas
Nuo 5000
                                €/mėn.
                                neatskaičius mokesčių
Konkretus darbo užmokestis siūlomas atsižvelgiant į darbo patirtį ir kompetenciją.",https://www.cvbankas.lt/vyresnysis-ioji-investiciniu-projektu-vadovas-e-vilniuje/1-13788091,2026-04-16,2026-05-16,Finansai / Bankai,,ACTIVE
Apskaitininkė (-as),UAB „Provincijos mėsa“,Marijampolė,1500,1500,"DARBO POBŪDIS:
Pirminių apskaitos dokumentų tvarkymas;
Tiekėjų sąskaitų registravimas;
Bankinių operacijų apskaitymas;
Skolų suderinimas;
Galutinių duomenų sistemoje patikra;
Bendravimas su tiekėjais ir klientais;
Inventorizacijų apskaitymas;
Kitų smulkių užduočių atlikimas.
IŠ JŪSŲ TIKIMĖS:
Imlumo naujovėms;
Atsakomybės jausmo;
Mokėjimo skaityti ir suvokti dokumentus;
Apskaitos, finansų ar vadybos srities išsilavinimo;
Darbo patirtis apskaitininkės ar vadybininkės pozicijoje;
Verslo apskaitos standartų išmanymas;
Geri darbo kompiuteriu įgūdžiai: MS OFFICE, EXCEL;
Didelis privalumas patirtis dirbant su EUROSKAITA.
Įmonė siūlo
Biuras
Nemokami užkandžiai
Transportas
Nemokamas automobilio parkingas
Kiti privalumai
Nuolaidos įmonės produkcijai/paslaugoms
Atlyginimas
Nuo 1500
                                €/mėn.
                                neatskaičius mokesčių
Priklausys nuo turimos patirties ir įgūdžių.",https://www.cvbankas.lt/apskaitininke-as-marijampoleje/1-11064507,2026-04-16,2026-04-26,Finansai / Bankai,,ACTIVE
Transporto vadybininkas,UAB „Continexus“,Vilnius,2000,3000,"Darbo pobūdis
Krovinių gabenimo organizavimas ir kontrolė;
Ryšių palaikymas su klientais ir partneriais;
Dokumentų, susijusių su tiesioginiu darbu, ruošimas ir administravimas.
Reikalavimai darbuotojui
Puikios, bent vienos, užsienio kalbos žinios raštu bei žodžiu (anglų k., prancūzų, vokiečių, lenkų k.);
Iniciatyvumas, atsakingumas, geri derybiniai įgūdžiai, rezultato siekimas;
Geri laiko planavimo, organizaciniai įgūdžiai;
Savarankiškumas;
Transporto/ekspedicijos vadybininko darbo patirtis būtų privalumas;
Vairuotojo pažymėjimas.
Įmonė siūlo
Patrauklų darbo užmokestį ir priedus nuo pasiektų rezultatų;
Profesinį ir asmeninį tobulėjimą;
Iniciatyvią ir draugišką komandą;
Įmonės tradicijas ir komandinius renginius.
Atlyginimas
2000-3000
                                €/mėn.
                                į rankas
Aukštas atlyginimas",https://www.cvbankas.lt/transporto-vadybininkas-vilniuje/1-6378923,2026-04-16,2026-05-16,Logistika / Transportas,,ACTIVE
Eksporto specialistas (-ė),UAB „SVYDIS GROUP“,Kaunas,2000,2500,"Darbo pobūdis:
Eksporto dokumentacijos rengimas (sąskaitos, sertifikatai ir kt.).
Krovinių judėjimo koordinavimas tarp 3PL sandėlių ir B2B klientų.
Bendravimas su muitinės tarpininkais, vežėjais bei operatyvus nestandartinių situacijų sprendimas.
Klientų užklausų administravimas ir problemų prevencija.
Darbas su Kazachstano, Uzbekistano, Ukrainos bei Europos rinkomis (kroviniai skirti tik įmonės filialams šiose šalyse).
Reikalavimai darbuotojui:
Turite ne mažesnę nei 2 metų patirtį eksporto logistikos srityje.
Išmanote muitinės procesus arba esate pasirengęs(-usi) juos greitai perprasti.
Turite darbo patirties su įmonės apskaitos ir (ar) verslo valdymo sistemomis (ERP).
Gebate dirbti savarankiškai ir prisiimti atsakomybę.
Mokate anglų ir rusų kalbas žodžiu bei raštu (abi kalbos naudojamos kasdien bendraujant su vežėjais ir klientais).
Esate kruopštus(-i), analitiškas(-a) ir orientuotas(-a) į sprendimų paiešką.
Tikimės iš Jūsų:
Atvirumo, įsitraukimo bei komandinio darbo.
Noro nuolat mokytis ir prisitaikyti prie pokyčių.
Mes siūlome:
Darbą bendradarbiaujančioje, profesionalioje, augimą skatinančioje organizacijoje.
Aiškiai apibrėžtas atsakomybes ir pasitikėjimu grįstą darbo kultūrą.
Asmeninio bei profesinio tobulėjimo galimybes.
Mūsų įsipareigojimas:
Konfidencialumą garantuojame.
Susisieksime su kitam atrankos etapui atrinktais kandidatais telefonu.
Atlyginimas
2000-2500
                                €/mėn.
                                neatskaičius mokesčių
Darbo užmokesčio dydis priklauso nuo kandidato patirties, žinių ir aptariamas pokalbio metu.
Po bandomojo laikotarpio taikoma papildoma motyvacinė sistema.",https://www.cvbankas.lt/eksporto-specialistas-e-kaune/1-13759135,2026-03-31,2026-04-30,Logistika / Transportas,,ACTIVE
Transporto vadybininkas (-ė),UAB „KELUKIS“,Vilnius,1600,2500,"Darbo pobūdis
Krovininių automobilių judėjimo valdymas ir kontrolė, maršrutų optimizavimas;
Vairuotojų darbo laiko planavimas ir kontrolė;
Bendravimas su klientais organizuojant krovinių transportavimą;
Su pervežimais susijusių dokumentų administravimas;
Greitas reagavimas į nenumatytas situacijas ir efektyvus problemų sprendimas.
Reikalavimai darbuotojui
Patirtis tarptautinių pervežimų srityje;
Rusų ir anglų kalbos žinios žodžiu bei raštu;
Gebėjimas dirbti savarankiškai, organizuotumas, atsakingumas ir orientacija į rezultatą.
Įmonė siūlo
Neribotas galimybes augti: karjeroje ir kaip profesionalui;
Darbą stiprioje, draugiškoje komandoje, kur viena kryptimi eina visi;
Laisvę veikti, priimti sprendimus ir realizuoti savo idėjas;
Dinamišką, įdomų darbą, kuriame nėra monotonijos.
Naudos Jums:
550+ išskirtiniai partnerių (nuolaidų) pasiūlymai įmonės darbuotojams – nuolaidos įvairioms prekėms ir paslaugoms visoje Lietuvoje;
Nemokamas parkingas prie biuro, patogus atvykimas į darbą;
Nemokami užkandžiai ir kava biure;
Motyvaciniai renginiai ir komandos susibūrimai;
Jauki ir moderni darbo aplinka.
Atlyginimas
1600-2500
                                €/mėn.
                                į rankas
Atlyginimas priklauso nuo kandidato turimos kompetencijos, patirties ir gebėjimų.",https://www.cvbankas.lt/transporto-vadybininkas-e-vilniuje/1-13737299,2026-03-17,2026-04-22,Logistika / Transportas,,ACTIVE
🔎EKSPEDICIJOS VADYBININKAS (-Ė) SU PATIRTIMI | CENTRINĖ AZIJA | DARBAS SU VEŽĖJAIS 🚛🌍,UAB „Caspian Logistics“,Vilnius,2000,3500,"LAUKIAME TAVĘS!
UAB „Caspian Logistics”, dirbanti transporto bei ekspedijavimo sferoje, atveria naujas karjeros galimybes! 🚚📦🌍
Jei ieškai darbo krovinių pervežimo srityje, prisijunk prie sparčiai augančios komandos!
Įmonės veikla apima dalinių ir pilnų krovinių pervežimų organizavimą tarptautiniais maršrutais.
Ieškome naujo (-os) komandos nario (-ės), kuris (-i) būtų atsakingas už krovinių gabenimo organizavimą.🔎
KĄ VEIKSI?
Tu būsi atsakingas (-a) už:
🔸 Krovinių gabenimo organizavimą į Centrinės Azijos šalis 🚛
🔸 Darbą su esamais vežėjais ir ekspeditoriais, ilgalaikių ryšių palaikymą 🤝
🔸 Naujų vežėjų ir ekspeditorių paiešką bei bendradarbiavimo plėtrą 🔍
🔸 Nuolatinį vežėjų rinkos kainų monitoringą ir konkurencingų sprendimų užtikrinimą 📊
🔸 Transporto užsakymų derinimą, sudarymą ir administracinį įforminimą 📑
🔸 Operatyvų bendravimą su kolegomis ir partneriais bei nesklandumų sprendimą darbo eigoje ⚙️
KO TIKIMĖS IŠ TAVĘS?
✔️ Ne mažesnės nei 2 metų patirties organizuojant pervežimus į Centrinės Azijos šalis
(Kazachstaną, Uzbekistaną, Kirgiziją) 🚛
✔️ Gebėjimo laisvai bendrauti rusų ir / arba anglų kalbomis 🌍
✔️ NVS rinkos specifikos, dokumentacijos ir darbo subtilybių išmanymo 📑
KĄ SIŪLOME?
💼 Fiksuotą darbo užmokestį bei motyvuojančią, konkurencingą motyvacinę sistemą, priklausančią nuo pasiektų rezultatų 💰
🚀 Įdomų ir dinamišką darbą jaunatviškame kolektyve, sparčiai augančioje ir inovatyvioje įmonėje;
📈 Profesinio augimo ir savirealizacijos galimybes;
🤝 Draugišką, palaikančią darbo atmosferą ir pagarbų požiūrį į kiekvieną komandos narį;
🎁 Papildomų naudų paketą – po vienerių metų suteikiame sveikatos draudimą;
KODĖL VERTA PRISIJUNGTI?
Pas mus turėsi daug laisvės išplėsti savo jau turimas žinias ir veiklos sritį;
🔸Tave sups stipri, jaunatviška ir profesionali komanda.
🔸Esame tikri savo regiono ekspertai.
Siūlome tau
Sveikatingumas
Sveikatos draudimas
Biuras
Nemokami užkandžiai
Dviračių saugykla
Dušas
Transportas
Nemokamas automobilio parkingas
Kiti privalumai
Telefonas asmeniniam naudojimui
Kompiuteris asmeniniam naudojimui
Atlyginimas
2000-3500
                                €/mėn.
                                į rankas",https://www.cvbankas.lt/ekspedicijos-vadybininkas-e-su-patirtimi-centrine-azija-darbas-su-vezejais-vilniuje/1-5400999,2026-03-16,2026-04-25,Logistika / Transportas,,ACTIVE
🚩 ORO kroviniai | Operacijų vadybininkas (-ė),Job in Logistics,Vilnius,3000,3500,"🚩 Logistikos įmonei ieškome specialisto darbui su oro krovinių gabenimu (operacijos)
Darbas:
✔️ Esamų oro krovinių gabenimo organizavimas;
✔️ Bendravimas su agentais/ atstovais ir kitų susijusių paslaugų teikėjais;
✔️ Klientų vadybininkų darbo koordinavimas;
✔️ Įvairių logistikos problemų sprendimas.
Tikimės, kad:
✔️ Esate oro krovinių gabenimo profesionalas (-ė) ir dirbate/dirbote tokį darbą;
✔️ Esate energinga ir pozityvi asmenybė;
✔️ Mokate anglų kalbą;
✔️ Norite dirbti tarptautinėje aplinkoje.
Atlygis komandos nariui:
✔️ Fiksuotas darbo užmokestis;
✔️ Priedai nuo pasiektų rezultatų;
✔️ Dosnus sveikatos draudimas (apmokamos ambulatorinės paslaugos, tyrimai, masažai, odontologija ir kt.);
✔️ Automobilio parkavimo išlaidos ir kiti privalumai.
.
🚩 Yra galimybė dalį darbo laiko dirbti iš namų.
.
🚩 Būk ten, kur Tavęs laukia mėgiamas darbas didelėje logistikos įmonėje.
Laukiame Tavo CV
🚩 Konfidencialumą garantuojame.
.
Paieška gali būti baigta anksčiau, nei baigsis skelbimo galiojimo laikas.
.
➕ * Kandidatams teikiame ir kitus pasiūlymus, maksimaliai atsižvelgdami į kandidato patirtį, gebėjimus ir pageidavimus (darbo specifika, darbo užmokestis ir t.t.). Didžiausia mūsų projektų dalis - įmonių vadovų ir verslo savininkų □□ ""viešai neskelbiami"" □□ projektai. Naudokitės mūsų galimybėmis.
Atlyginimas
3000-3500
                                €/mėn.
                                neatskaičius mokesčių
➕ dosnus sveikatos draudimas ir kt. priedai.",https://www.cvbankas.lt/oro-kroviniai-operaciju-vadybininkas-e-vilniuje/1-13791359,2026-04-17,2026-05-17,Logistika / Transportas,,ACTIVE
"Užsakymų ir logistikos koordinatorius (-ė), Key Accounts",UAB „Medienos era“,Kaunas,2500,2500,"Ieškome žmogaus, kuris prisiimtų atsakomybę už didžiųjų klientų užsakymų vykdymą nuo A iki Z.
Dirbsite su tokiais klientais kaip Next, John Lewis, DFS ir kitais, todėl ši rolė reikalauja tikslumo, atsakomybės ir gebėjimo užtikrinti sklandžiais kasdienes operacijas.
Šioje pozicijoje būsite atsakingas už tai, kad didžiųjų klientų užsakymai būtų įvykdyti be klaidų ir laiku – nuo jūsų darbo tiesiogiai priklausys klientų pasitenkinimas ir ilgalaikis bendradarbiavimas.
🎯 Ką darysi:
Valdysi didžiųjų klientų užsakymus (Next, John Lewis, DFS)
Koordinuosi užsakymų vykdymą tarp klientų ir mūsų subrangovų bei gamyklos
Derinsi gamybos ir pristatymo terminus
Užtikrinsi, kad užsakymai būtų įvykdyti tiksliai ir laiku
Organizuosi krovinių transportavimą ir dokumentaciją (importas / eksportas)
Spręsi operacines problemas ir neatitikimus
Teiksi aiškią ir savalaikę informaciją klientams ir vidinei komandai
🧠 Ko ieškome:
Patirties logistikos / tiekimo grandinės / užsakymų valdymo srityje
Patirties dirbant su tarptautiniais klientais (didelis pliusas)
Labai gerų anglų kalbos žinių (raštu ir žodžiu)
Excel – pagrindinis darbo įrankis (tikimės, kad juo dirbate užtikrintai kasdien)
Gebėjimo dirbti tiksliai, struktūruotai ir greitai
Atsakomybės jausmo – kad „užsakymas yra tavo“
💰 Ką siūlome
Darbą su vienais didžiausių mažmeninės prekybos klientų Europoje
Mažai biurokratijos ir greitą sprendimų priėmimą
Realų vaidmenį įmonės operacijose (ne tik administravimą)
Stiprią, patyrusią ir palaikančią komandą
Profesinio augimo ir tobulėjimo galimybes
Atlyginimas
Nuo 2500
                                €/mėn.
                                neatskaičius mokesčių
Atlyginimas priklauso nuo kandidato patirties ir darbo rezultatų.",https://www.cvbankas.lt/uzsakymu-ir-logistikos-koordinatorius-e-key-accounts-kaune/1-13757785,2026-04-17,2026-05-17,Logistika / Transportas,,ACTIVE
Planner,Girteka įmonių grupė,Vilnius,2330,2910,"Job description
What can you expect your day to look like?
You will plan and organize freight flows to efficiently schedule the movement of the vehicles under your supervision.
You will select appropriate routes and adjust them as circumstances change.
You will systematize and analyze the information received regarding vehicle movements.
You will collaborate with colleagues to resolve issues that arise during cargo transport.
What do we expect from you?
You will have strong numerical skills.
You will be able to organize and analyze large volumes of information.
You will be detail-oriented and able to carry out work tasks accurately and responsibly.
You will be able to work in a team and make well-considered, independent decisions.
You will have good English language skills (at least B1-B2 level).
Work experience in logistics, planning, transportation management, or similar fields is an advantage.
Why should you consider us as your next career step?
We always have a challenge for those looking for one. If complex, large-scale, and impactful projects excite you, we might be just the right fit for you. With us, you will enjoy:
Career opportunities:Many of our managers have started in entry-level positions at Girteka Group, and as many as 30% of our colleagues move up the career ladder every year.
Learning and development:We continuously invest in a wide variety of internal and external courses, seminars, mentoring, leadership programs, and offer language courses.
Health and well-being: We care about how our colleagues feel and we offer them comprehensive health insurance. We also foster a community of gym-goers and athletes. On-site meals are 50% compensated, and you’ll find free fruit and snacks in our kitchenettes and lounges.
Collaborative culture: : We believe that the power of teamwork and social connection enables us to achieve exceptional results. Working in international teams, we strive toward the company’s goals together, sharing experiences and celebrating our joint successes.
Rewards and recognition: Rewards on work anniversary occasions and values-based behavior, days off during your birthday, and holiday gifts are included. Team-building events, various initiatives, and like-minded clubs. Access to exclusive discounts from our partners.
Salary
2330-2910
                                €/mon.
                                gross",https://www.cvbankas.lt/planner-vilniuje/1-13791067,2026-04-17,2026-05-17,Logistika / Transportas,,ACTIVE
Reisų planuotojas (-a),Girteka įmonių grupė,Vilnius,2330,2910,"Darbo pobūdis
Kaip atrodys tavo darbo diena?
Planuosi ir organizuosi krovinių srautus, siekiant efektyviai suplanuoti kuruojamų transporto priemonių judėjimą.
Parinksi tinkamus reisus ir juos koreguosi atsižvelgiant į besikeičiančias aplinkybes.
Sisteminsi ir analizuosi gaunamą informaciją apie transporto priemonių judėjimą.
Bendradarbiausi su kolegomis sprendžiant krovinio gabenimo metu iškilusias problemas.
Ko tikimės iš tavęs?
Turėsi gerus skaičiavimo įgūdžius.
Gebėsi sisteminti ir analizuoti didelius informacijos srautus.
Būsi dėmesingas detalėms, gebėsi tiksliai ir atsakingai vykdyti darbo užduotis.
Gebėsi dirbti komandoje bei priimti ""pasvertus"" savarankiškus sprendimus.
Turėsi gerus anglų kalbos įgūdžius (bent B1-B2 lygiu).
Kodėl verta kitą karjeros žingsnį žengti pas mus?
Mes visuomet turime įdomių iššūkių tiems, kurie jų ieško. Jei tave motyvuoja prasmingi, plataus mąsto projektai ir galimybė prisidėti prie realių pokyčių — mūsų komanda gali būti būtent tai, ko ieškai. Su mumis tavęs laukia:
Karjeros galimybės: daugelis mūsų vadovų pradėjo savo karjerą „Girteka Group“. Net 30% mūsų kolegų kasmet pakyla karjeros laiptais.
Mokymasis ir tobulėjimas:nuolat investuojame į įvairius vidinius ir išorinius mokymus, mentorystę ir lyderystės programas, siūlome mokytis kalbų
Dėmesys sveikatai ir gerovei: mums rūpi, kaip jaučiasi kolegos, todėl siūlome papildomą sveikatos draudimą ir organizuojame įvairias iniciatyvas emocinei gerovei stiprinti. Skiriame 50% kompensaciją pusryčiams ir pietums, o poilsio zonose reguliariai pasirūpiname šviežiais vaisiais. Taip pat kviečiame prisijungti prie aktyviai sportuojančių kolegų bendruomenės ar skirti dieną savanorystei.
Bendradarbiavimo kultūra: tikime, kad komandinio darbo ir žmogiškojo ryšio galia leidžia pasiekti išskirtinių rezultatų. Dirbdami tarptautinėse komandose, kartu siekiame įmonės tikslų, dalinamės patirtimi ir džiaugiamės bendromis pergalėmis.
Apdovanojimai ir pripažinimas: dovanos profesinių ir asmeninių švenčių proga, laisva diena gimimo dienos proga, premijos vertybiškiausiems darbuotojams. Organizuojame komandos būrimo renginius, įvairias iniciatyvas ir bendraminčių klubus. Siūlome išskirtines partnerių nuolaidas.
Atlyginimas
2330-2910
                                €/mėn.
                                neatskaičius mokesčių",https://www.cvbankas.lt/reisu-planuotojas-a-vilniuje/1-13791065,2026-04-17,2026-05-17,Logistika / Transportas,,ACTIVE
Kelių transporto patikrinimų keliuose specialistas (-ė),Lietuvos transporto saugos administracija,Tauragė,1500,1900,"MES TAU SIŪLOME:
įdomų, prasmingą darbą vienoje moderniausių viešojo sektoriaus įstaigų
profesionalių ir draugiškų kolegų komandą
kuratoriaus pagalbą pirmaisiais darbo mėnesiais
vidinius bei išorinius mokymus tavo profesiniam tobulėjimui
darbo grafiką, taikant suminę darbo laiko apskaitą
dvi laisvas apmokamas dienas per metus tavo sveikatos puoselėjimui
nemokamus skiepus nuo gripo ir erkinio encefalito visiems norintiems mūsų darbuotojams
periodiškai į visus mūsų biurus tiekiamas daržoves ir vaisius
finansines organizacijos dovanas minint darbo ir gyvenimo jubiliejinių sukakčių progas
darbdavio finansinę paramą nutikus nelaimėms
savanoriškas sveikatos draudimas
MELP naudų programėlė (nuolaidos ir pasiūlymai)
JEIGU TU:
turi aukštąjį universitetinį arba jam prilygintą transporto inžinerijos studijų krypties
išsilavinimą arba esi paskutinio kurso studentas (-ė)
gebi sklandžiai bendrauti lietuvių kalba žodžiu ir raštu
mėgsti ir gebi bendrauti su žmonėmis, jiems padėti
moki anglų, vokiečių ar rusų kalbą B1 lygiu
turi B kategorijos vairuotojo pažymėjimą,
MES TAU PATIKĖSIME PRISIDĖTI PRIE:
transporto priemonių priežiūros kelyje
motorinių transporto priemonių ir jų priekabų techninės būklės priežiūros
vairuotojų mokymo ir papildomo vairuotojų mokymo priežiūros
bendradarbiavimo su kitų šalių institucijomis, sprendžiant tarptautinius transporto saugos klausimus
visuomenės švietimo akcijų, susijusių su saugiu elgesiu keliuose, vykdymo
Atlyginimas
1500-1900
                                €/mėn.
                                neatskaičius mokesčių",https://www.cvbankas.lt/keliu-transporto-patikrinimu-keliuose-specialistas-e-taurageje/1-13791043,2026-04-17,2026-04-27,Logistika / Transportas,,ACTIVE
Kelių transporto patikrinimų keliuose specialistas (-ė),Lietuvos transporto saugos administracija,Utena,1500,1900,"MES TAU SIŪLOME:
įdomų, prasmingą darbą vienoje moderniausių viešojo sektoriaus įstaigų
profesionalių ir draugiškų kolegų komandą
kuratoriaus pagalbą pirmaisiais darbo mėnesiais
vidinius bei išorinius mokymus tavo profesiniam tobulėjimui
darbo grafiką, taikant suminę darbo laiko apskaitą
dvi laisvas apmokamas dienas per metus tavo sveikatos puoselėjimui
nemokamus skiepus nuo gripo ir erkinio encefalito visiems norintiems mūsų darbuotojams
periodiškai į visus mūsų biurus tiekiamas daržoves ir vaisius
finansines organizacijos dovanas minint darbo ir gyvenimo jubiliejinių sukakčių progas
darbdavio finansinę paramą nutikus nelaimėms
savanoriškas sveikatos draudimas
MELP naudų programėlė (nuolaidos ir pasiūlymai)
JEIGU TU:
turi aukštąjį universitetinį arba jam prilygintą transporto inžinerijos studijų krypties
išsilavinimą arba esi paskutinio kurso studentas (-ė)
gebi sklandžiai bendrauti lietuvių kalba žodžiu ir raštu
mėgsti ir gebi bendrauti su žmonėmis, jiems padėti
moki anglų, vokiečių ar rusų kalbą B1 lygiu
turi B kategorijos vairuotojo pažymėjimą,
MES TAU PATIKĖSIME PRISIDĖTI PRIE:
transporto priemonių priežiūros kelyje
motorinių transporto priemonių ir jų priekabų techninės būklės priežiūros
vairuotojų mokymo ir papildomo vairuotojų mokymo priežiūros
bendradarbiavimo su kitų šalių institucijomis, sprendžiant tarptautinius transporto saugos klausimus
visuomenės švietimo akcijų, susijusių su saugiu elgesiu keliuose, vykdymo
Atlyginimas
1500-1900
                                €/mėn.
                                neatskaičius mokesčių",https://www.cvbankas.lt/keliu-transporto-patikrinimu-keliuose-specialistas-e-utenoje/1-13791031,2026-04-17,2026-04-27,Logistika / Transportas,,ACTIVE
Transporto koordinatorius,UAB „State express Europe“,Kaunas,1300,1300,"Darbo pobūdis
Aktyvus bendravimas su įmonės vairuotojais ir dispečeriais (Amerikoje);
Vairuotojų darbo organizavimas ir kontrolė;
Krovinių pervežimo kontrolė;
Darbas skirtingomis transporto valdymo programomis ir efektyvus jų naudojimas;
Pagrindinė pamaina nuo 13.00 iki 22.00;
Kas antrą savaitę darbas šešias dienas per savaitę.
Reikalavimai darbuotojui
Geros anglų kalbos žinios;
Rusų kalbos žinios būtų privalumas;
Gebėjimas savarankiškai priimti sprendimus;
Atsakingas požiūris į darbą ir orientacija į rezultatą;
Gebėjimas prioretizuoti darbus ir planuoti savo darbo laiką;
Komandinio darbo įgūdžiai;
Išsilavinimas logistikos ar transporto vadybos srityje bei panašaus darbo patirtis būtų privalumas.
Įmonė siūlo
Draugišką ir atvirą darbinę atmosferą;
Visus reikiamus mokymus ir kolegą - mentorių, kuris padės išmokti visą su darbu susijusią informaciją;
Modernią darbo aplinką;
Galimybę savarankiškai priimti sprendimus, siekiant užsibrėžto tikslo;
Karjeros galimybes;
Motyvacinius priedus, priklausančius nuo rezultatų.
Atlyginimas
Nuo 1300
                                €/mėn.
                                neatskaičius mokesčių",https://www.cvbankas.lt/transporto-koordinatorius-kaune/1-6577519,2026-04-17,2026-05-17,Logistika / Transportas,,ACTIVE
Kelių transporto patikrinimų keliuose specialistas (-ė),Lietuvos transporto saugos administracija,Kaunas,1500,1900,"MES TAU SIŪLOME:
įdomų, prasmingą darbą vienoje moderniausių viešojo sektoriaus įstaigų
profesionalių ir draugiškų kolegų komandą
kuratoriaus pagalbą pirmaisiais darbo mėnesiais
vidinius bei išorinius mokymus tavo profesiniam tobulėjimui
darbo grafiką, taikant suminę darbo laiko apskaitą
dvi laisvas apmokamas dienas per metus tavo sveikatos puoselėjimui
nemokamus skiepus nuo gripo ir erkinio encefalito visiems norintiems mūsų darbuotojams
periodiškai į visus mūsų biurus tiekiamas daržoves ir vaisius
finansines organizacijos dovanas minint darbo ir gyvenimo jubiliejinių sukakčių progas
darbdavio finansinę paramą nutikus nelaimėms
savanoriškas sveikatos draudimas
MELP naudų programėlė (nuolaidos ir pasiūlymai)
JEIGU TU:
turi aukštąjį universitetinį arba jam prilygintą transporto inžinerijos studijų krypties
išsilavinimą arba esi paskutinio kurso studentas (-ė)
gebi sklandžiai bendrauti lietuvių kalba žodžiu ir raštu
mėgsti ir gebi bendrauti su žmonėmis, jiems padėti
moki anglų, vokiečių ar rusų kalbą B1 lygiu
turi B kategorijos vairuotojo pažymėjimą,
MES TAU PATIKĖSIME PRISIDĖTI PRIE:
transporto priemonių priežiūros kelyje
motorinių transporto priemonių ir jų priekabų techninės būklės priežiūros
vairuotojų mokymo ir papildomo vairuotojų mokymo priežiūros
bendradarbiavimo su kitų šalių institucijomis, sprendžiant tarptautinius transporto saugos klausimus
visuomenės švietimo akcijų, susijusių su saugiu elgesiu keliuose, vykdymo
Atlyginimas
1500-1900
                                €/mėn.
                                neatskaičius mokesčių",https://www.cvbankas.lt/keliu-transporto-patikrinimu-keliuose-specialistas-e-kaune/1-13791015,2026-04-17,2026-04-27,Logistika / Transportas,,ACTIVE
Kelių transporto patikrinimų keliuose specialistas (-ė),Lietuvos transporto saugos administracija,Vilnius,1500,1900,"MES TAU SIŪLOME:
įdomų, prasmingą darbą vienoje moderniausių viešojo sektoriaus įstaigų
profesionalių ir draugiškų kolegų komandą
kuratoriaus pagalbą pirmaisiais darbo mėnesiais
vidinius bei išorinius mokymus tavo profesiniam tobulėjimui
darbo grafiką, taikant suminę darbo laiko apskaitą
dvi laisvas apmokamas dienas per metus tavo sveikatos puoselėjimui
nemokamus skiepus nuo gripo ir erkinio encefalito visiems norintiems mūsų darbuotojams
periodiškai į visus mūsų biurus tiekiamas daržoves ir vaisius
finansines organizacijos dovanas minint darbo ir gyvenimo jubiliejinių sukakčių progas
darbdavio finansinę paramą nutikus nelaimėms
savanoriškas sveikatos draudimas
MELP naudų programėlė (nuolaidos ir pasiūlymai)
JEIGU TU:
turi aukštąjį universitetinį arba jam prilygintą transporto inžinerijos studijų krypties
išsilavinimą arba esi paskutinio kurso studentas (-ė)
gebi sklandžiai bendrauti lietuvių kalba žodžiu ir raštu
mėgsti ir gebi bendrauti su žmonėmis, jiems padėti
moki anglų, vokiečių ar rusų kalbą B1 lygiu
turi B kategorijos vairuotojo pažymėjimą,
MES TAU PATIKĖSIME PRISIDĖTI PRIE:
transporto priemonių priežiūros kelyje
motorinių transporto priemonių ir jų priekabų techninės būklės priežiūros
vairuotojų mokymo ir papildomo vairuotojų mokymo priežiūros
bendradarbiavimo su kitų šalių institucijomis, sprendžiant tarptautinius transporto saugos klausimus
visuomenės švietimo akcijų, susijusių su saugiu elgesiu keliuose, vykdymo
Atlyginimas
1500-1900
                                €/mėn.
                                neatskaičius mokesčių",https://www.cvbankas.lt/keliu-transporto-patikrinimu-keliuose-specialistas-e-vilniuje/1-13791011,2026-04-17,2026-04-27,Logistika / Transportas,,ACTIVE
SANDĖLIO PAMAINOS VADOVAS (-Ė) (SLENKANTIS DARBO GRAFIKAS),UAB „MAXIMA LT“,Vilnius,2020,2820,"Būsi atsakingas (-a) už:
prekių judėjimo logistikos centre organizavimą ir kontrolę;
ataskaitų rengimą ir analizavimą, darbuotojų efektyvumo stebėjimą;
logistikos centro pamainos darbo organizavimą ir kontrolę;
logistikos centro ūkio priežiūrą ir eksploatacijos organizavimą ir kontrolę;
tvarkos ir švaros užtikrinimą sandėlyje.
Vertiname Tavo:
motyvaciją kasdienėms užduotims;
galimybę dirbti slenkančiu grafiku su naktinėmis pamainomis;
darbo patirtį sandėlyje, bei patirtį dirbant su pavaldžiais darbuotojais;
orientaciją į komandinį rezultatą;
iniciatyvumą, pozityvų požiūrį ir gerus laiko planavimo bei organizacinius įgūdžius;
gebėjimą dirbti stresinėse situacijose;
organizuotumą, atsakingą požiūrį į darbą, atidumą, komunikabilumą ir gebėjimą dirbti komandoje;
puikius darbo kompiuteriu įgūdžius ir geras MS Excel žinias.
Mes suteikiame:
papildomą sveikatos draudimą (po bandomojo laikotarpio);
darbą savo srities profesionalų komandoje;
profesinio tobulėjimo ir karjeros galimybes.
Mes suteikiame:
Sveikatingumas
Sveikatos draudimas
Atlyginimas
2020-2820
                                €/mėn.
                                neatskaičius mokesčių
Turint reikiamos patirties ir įgūdžių, galimas didesnis pradinis atlygis. Pasiekus numatytus tikslus, mokami papildomi motyvaciniai priedai.",https://www.cvbankas.lt/sandelio-pamainos-vadovas-e-slenkantis-darbo-grafikas-vilniuje/1-13790859,2026-04-17,2026-05-16,Logistika / Transportas,,ACTIVE
"Skyriaus vadybininkas (-ė) (Bakalėjos skyrius), Jeruzalės g. 4, Vilnius",UAB „RIMI LIETUVA“,Vilnius,1410,1660,"Jeigu Tau svarbu:
Patikima komanda ir vadovai padedantys tobulėti;
Būti pastebėtu ir įvertintu. Žinok, kad karjeros galimybėmis jau pasinaudojo 239 kolegų per 2025 metus;
Galimybė lanksčiai derinti grafiką ir laisvas dienas;
Dovanos, renginiai, šventės darbuotojams ir parama nutikus nelaimei.
„Rimi“[b] siūlo Tau:
Atlyginimas 1410 - 1660 €[/b] (neatskaičius mokesčių). Didesnis pradinis atlyginimas turint panašaus darbo patirties;
Priedai už pasiektus rezultatus iki
120 €
mokami kiekvieną mėnesį (neatskaičius mokesčių);
Papildomas priedas už atvestą ir įdarbintą draugą
iki 250 €
(neatskaičius mokesčių);
Priedas už dalyvavimą „Rimi Ambasadorių"" programoje –
85 €
(neatskaičius mokesčių);
Papildomas sveikatos draudimas (po bandomojo laikotarpio), kurio vertė –
iki 2950 €
;
Papildoma nuolaida apsiperkant Rimi parduotuvėse;
Nemokami pietūs, sveiki užkandžiai ir kavos pertraukėlės.
Jeigu Tu:
Esi iniciatyvus, analitiškas ir aktyvus;
Esi orientuotas į klientą ir sieki užsibrėžtų tikslų;
Turi organizacinių ir laiko planavimo gebėjimų;
Sugebi ugdyti, motyvuoti ir organizuoti komandos darbą;
Puikiai dirbi kompiuteriu („MS Office"").
Mes Tau patikėsime:
Komandos darbo organizavimą;
Darbo grafikų sudarymą ir darbo laiko apskaitos vedimą;
Prekių išdėstymo planavimo darbus;
Prekių užsakymus ir nurašymus;
Prekių išdėstymą prekybos salėje;
Paskirto skyriaus veiklos organizavimą ir priežiūrą.
***
Atlyginimas
1410-1660
                                €/mėn.
                                neatskaičius mokesčių",https://www.cvbankas.lt/skyriaus-vadybininkas-e-bakalejos-skyrius-jeruzales-g-4-vilnius-vilniuje/1-13790811,2026-04-17,2026-05-15,Logistika / Transportas,,ACTIVE
Mobilių tualetų aptarnavimo vairuotojas,UAB „Cramo“,Šiauliai,1400,1500,"Darbo pobūdis
Biotualetų paruošimas nuomai (valymas, papildymas, paruošimas naudojimui);
Biotualetų pristatymas, priežiūra ir grąžinimas iš objektų pagal maršrutą;
Pagalbiniai darbai įmonės bazėje.
Reikalavimai darbuotojui
B kategorijos vairuotojo pažymėjimas;
CE kategorijos vairuotojo pažymėjimas ir / arba 95 kodas – privalumas;
Atsakomybė, savarankiškumas ir punktualumas;
Noras dirbti, tobulėti ir pasiekti rezultatų.
Įmonė siūlo
Darbo ir laisvalaikio balansas
Darbinę saugą – visos reikalingos priemonės bei mokymai vardan saugios dienos darbe;
Progą džiaugtis – šventinius paskatinimus;
Darbo ir poilsio balansą – lojalumas įvertinamas papildomomis atostogų dienomis ir kitomis papildomomis naudomis;
Tinkamas darbo sąlygas – aprangą ir priemones pagal sezoną;
Ar reikia pasakyti, kad draugišką kolektyvą? Teoriškai ne, bet nutylėti irgi būtų nesąžininga. Tad prisijungę prie komandos galės tuo įsitikinti patys.
Sveikatingumas
Sveikatos draudimas
Kiti privalumai
Telefonas asmeniniam naudojimui
Reguliarūs mokymai
Atlyginimas
1400-1500
                                €/mėn.
                                į rankas
Atlyginimas - derybų klausimas",https://www.cvbankas.lt/mobiliu-tualetu-aptarnavimo-vairuotojas-siauliuose/1-13789883,2026-04-17,2026-05-17,Logistika / Transportas,,ACTIVE
Transporto specialistas (-ė),UAB „DPD Lietuva“,Vilnius,2200,2200,"Aiški kryptis, tvirtas pagrindas ir pasitikėjimu grįsta komanda – tai, kas leidžia „DPD Lietuva“ judėti pirmyn užtikrintai. Žmogiškas požiūris, pagarba ir bendrystė padeda ne tik augti, bet ir įveikti bet kokius iššūkius. Kartu renkamės pirmauti.
Kaip atrodys tavo darbo diena:
Koordinuosi kurjerių darbą.
Organizuosi siuntų pristatymą bei surinkimą iš klientų ir paštomatų.
Analizuosi rodiklius, kontroliuosi užsakymų vykdymą.
Stebėsi darbo kokybę, teiksi pasiūlymus paslaugų gerinimui.
Darbo grafikas: 8:00 - 17:00 val. I-V
Šių savybių tau prireiks, kad gerai jaustumeisi šiame darbe:
Darbo patirtis siuntų pervežimo ar logistikos sektoriuose (privalumas).
Orientacija į kliento poreikius.
Gebėjimas dirbti tiek savarankiškai, tiek ir komandoje.
Atsakingumas, iniciatyvumas, lankstumas.
Gebėjimas suvaldyti konfliktines situacijas.
Geri darbo kompiuteriu įgūdžiai (MS Office programomis).
Labai geros lietuvių bei anglų kalbos žinios.
Mūsų pasiūlymas tau:
Darbo užmokestis 2200 EUR bruto.
Metinė premija.
Galimybė išsiųsti dalį siuntų nemokamai.
Nuolaidos daugiau nei 600 partnerių paslaugoms ir prekėms per MELP programėlę.
Komandos stiprinimo biudžetas, kurį komandos gali panaudoti bendroms veikloms ar mažoms šventėms.
Sportinių veiklų rėmimas.
Papildomas sveikatos draudimas.
Draudimas nuo nelaimingų atsitikimų ir kasmetinė vakcina nuo gripo.
Papildomos atostogos gimtadienio, savanorystės ir kitų svarbių asmeninių datų proga.
Dovanos Kalėdų ir asmeninių įvykių (gimtadienio, santuokos, vaiko gimimo) proga.
Lojalumo programa.
Bendros šventės ir renginiai.
Atlyginimas
2200
                                €/mėn.
                                neatskaičius mokesčių",https://www.cvbankas.lt/transporto-specialistas-e-vilniuje/1-13790717,2026-04-17,2026-05-17,Logistika / Transportas,,ACTIVE
TECHNIKOS VADYBININKAS (-Ė) RYTŲ REGIONUI,AB „Kelių priežiūra“,Vilnius,1900,2500,"Kokios užduotys laukia:
aprūpinti objektus, kuriuose yra vykdomi Bendrovės darbai, reikiama technika;
koordinuoti mechanizmų panaudojimą, stebėti išdirbio rodmenis bei teikti aktualią informaciją vadovybei;
organizuoti birių medžiagų (druska, smėlis, žvyras, skalda) pervežimą;
koordinuoti Bendrovės technikos nuomą išoriniams klientams, administruoti nuomos sutartis;
esant poreikiui – dalyvauti inicijuojant ir vykdant technikos pirkimus;
prisidėti prie procesų tobulinimo, bendradarbiauti su komanda.
Ieškome kolegos (-ės), kuris (-i):
turėtų ne mažiau 1 metų darbo patirties technikos nuomos arba transporto koordinavimo srityje;
būtų įgijęs (-usi) aukštąjį išsilavinimą (privalumas – transporto, mechanikos, inžinerijos ar susijusiose srityse);
pasižymi organizuotumu, komunikabilumu, operatyvumu;
yra proaktyvus (-i), iniciatyvus (-i), orientuotas (-a) į rezultatą;
turi vairuotojo (-os) pažymėjimą (B kat.).
PRIVALUMAIS BŪTŲ LAIKOMA:
transporto vadybininko (-ės) pažymėjimas;
anglų kalbos žinios.
Mes siūlome:
aplinką asmeniniam ir profesiniam augimui;
draugišką ir profesionalų kolektyvą;
lanksčias darbo valandas, galimybę dalį darbo laiko dirbti iš namų;
papildomas socialines garantijas, numatytas kolektyvinėje sutartyje;
skaidrią atlygio politiką, darbo užmokestis šioje pozicijoje nuo 1900 iki 2500 Eur (neatskaičius mokesčių);
biudžetą, skirtą darbuotojo (-os) ugdymui;
visas darbui reikiamas priemones.
Atlyginimas
1900-2500
                                €/mėn.
                                neatskaičius mokesčių",https://www.cvbankas.lt/technikos-vadybininkas-e-rytu-regionui-vilniuje/1-13739683,2026-04-17,2026-05-17,Logistika / Transportas,,ACTIVE
"Skyriaus vadybininkas (-ė) SM/EXP formate, Šiaurės g. 37, Vilnius",UAB „RIMI LIETUVA“,Vilnius,1410,1660,"Jeigu Tau svarbu:
Patikima komanda ir vadovai, padedantys tobulėti;
Būti pastebėtu ir įvertintu. Žinok, kad karjeros galimybėmis jau pasinaudojo 239 kolegų per 2025 metus;
Galimybė lanksčiai derinti grafiką ir laisvas dienas;
Dovanos, renginiai, šventės darbuotojams ir parama nutikus nelaimei.
„Rimi“[b] siūlo Tau:
Atlyginimas 1410 - 1660 €[/b] (neatskaičius mokesčių). Didesnis pradinis atlyginimas turint panašaus darbo patirties;
Priedai už pasiektus rezultatus iki
120 €
mokami kiekvieną mėnesį (neatskaičius mokesčių);
Papildomas priedas už atvestą ir įdarbintą draugą
iki 250 €
(neatskaičius mokesčių);
Priedas už dalyvavimą „Rimi Ambasadorių"" programoje –
85 €
(neatskaičius mokesčių);
Papildomas sveikatos draudimas (po bandomojo laikotarpio), kurio vertė –
iki 2950 €
;
Papildoma nuolaida apsiperkant Rimi parduotuvėse;
Nemokami pietūs, sveiki užkandžiai ir kavos pertraukėlės.
Jeigu Tu:
Esi iniciatyvus, analitiškas ir aktyvus;
Esi orientuotas į klientą ir sieki užsibrėžtų tikslų;
Turi organizacinių ir laiko planavimo gebėjimų;
Puikiai dirbi kompiuteriu („MS Office"");
Turi panašios darbo patirties mažmeninėje prekyboje (pranašumas).
Mes Tau patikėsime:
Prekių išdėstymo planavimo darbus;
Prekių užsakymus ir nurašymus;
Darbo organizavimą užtikrinant procesus.
***
Atlyginimas
1410-1660
                                €/mėn.
                                neatskaičius mokesčių",https://www.cvbankas.lt/skyriaus-vadybininkas-e-sm-exp-formate-siaures-g-37-vilnius-vilniuje/1-13790545,2026-04-17,2026-05-15,Logistika / Transportas,,ACTIVE
Technikos aptarnavimo vadybininkas (-ė),UAB „Transimeksa“,Vilnius,1500,1700,"Jūsų atsakomybės:
Bendravimas su vairuotojais dėl sunkiasvorio transporto (vilkikų, puspriekabių, autovežių) gedimų;
Transporto priemonių ir priekabų techninės būklės priežiūra (nuotolinis vertinimas);
Serviso darbų organizavimas ir planavimas Lietuvoje bei Europoje;
Sąskaitų administravimas;
Bendradarbiavimas su kitais įmonės skyriais;
Kasdienių, su remonto procesais susijusių, problemų sprendimas.
Tikimės, kad Jūs:
Turite panašaus darbo patirties (transporto priežiūros, remonto koordinavimo ar logistikos srityje);
Gerai mokate rusų ir anglų kalbas (žodžiu ir raštu);
Turite gerus bendravimo bei darbo kompiuteriu įgūdžius;
Gebate efektyviai planuoti laiką, nustatyti prioritetus ir dirbti savarankiškai bei organizuotai.
Mes siūlome:
Atsakingą poziciją stabilioje ir augančioje tarptautinėje įmonėje;
Kompetentingą vadovą, užtikrinantį aiškią kryptį ir profesinį tobulėjimą;
Finansinį paskatinimą prisijungus prie įmonės vidinių iniciatyvų;
Papildomą sveikatos draudimą ir partnerių nuolaidas;
Laisvą dieną gimtadienio proga;
Papildomas naudas ypatingomis gyvenimo progomis (vienkartines išmokas, papildomus laisvadienius ir kt.);
Nemokamą automobilių stovėjimo vietą šalia biuro.
Atlyginimas
1500-1700
                                €/mėn.
                                į rankas
Konkretus darbo užmokestis nustatomas atsižvelgiant į kandidato patirtį ir kompetencijas.",https://www.cvbankas.lt/technikos-aptarnavimo-vadybininkas-e-vilniuje/1-13789977,2026-04-17,2026-05-17,Logistika / Transportas,,ACTIVE
Ekspedicijos vadybininkas (-ė) darbui su kontraktiniais vežėjais,UAB „Hellmann Worldwide Logistics“,Kaunas,2900,3800,"Darbo pobūdis
Dalinių krovinių komplektavimas, kontrolė ir valdymas įvairiuose Europos regionuose
Kainų skaičiavimas ir pasiūlymų teikimas
Operatyvus iškilusių problemų sprendimas
Ilgalaikių ryšių su užsakovais, terminalais bei vežėjais plėtojimas ir palaikymas
Nuolatinis transporto sektoriaus pokyčių sekimas ir domėjimasis šia rinka
Reikalavimai darbuotojui
Darbo patirtis su daliniais kroviniais
Greita orientacija, loginis mąstymas, atsakingumas, atidumas, organizuotumas, lankstumas
Anglų kalbos žinios žodžiu ir raštu (nuo B2 lygmens)
Lenkų kalbos mokėjimas (privalumas)
Noras siekti užsibrėžtų tikslų ir tobulėti
Įmonė siūlo
Įdomi ir naudinga patirtis tarptautinėje įmonėje gilinant žinias ir įgūdžius
Pozityvi aplinka
Galimybė inicijuoti pokyčius optimizuojančius darbo procesus
Draugiškas, profesionalus kolektyvas bei dinamiškas darbas
Papildoma poilsio diena gimtadienio proga
Biuras
Nemokami užkandžiai
Transportas
Nemokamas automobilio parkingas
Atlyginimas
2900-3800
                                €/mėn.
                                neatskaičius mokesčių
Konkretų atlygio dydį mielai aptarsime pokalbio metu, atsižvelgdami į Jūsų turimą patirtį ir kvalifikaciją.",https://www.cvbankas.lt/ekspedicijos-vadybininkas-e-darbui-su-kontraktiniais-vezejais-kaune/1-13790249,2026-04-17,2026-05-17,Logistika / Transportas,,ACTIVE
PARDAVIMŲ VADYBININKAS (-Ė),UAB „EASY RENTAL“,Vilnius,1800,3000,"Darbo pobūdis
Naujų klientų paieškos inicijavimas bei pardavimų proceso valdymas;
Nuolatinė rinkos analizė;
Naujų ir naudotų automobilių pirkimo ir pardavimo organizavimas;
Įmonės interesų atstovavimas ir derybų vedimas su klientais (Lietuvoje ir užsienyje);
Dalyvavimas automobilių aukcionuose Europe ir JAV;
Įmonės automobilių parko valdymas
Reikalavimai darbuotojui
Aukštasis arba aukštesnysis išsilavinimas;
Anglų kalbos mokėjimas;
Vokiečių kalbos mokėjimas – būtų privalumas;
Bent 1 metų sėkmingo darbo patirtis automobilių pardavimo srityje bei transporto rinkos išmanymas;
Geri bendravimo ir derybų įgūdžiai;
Asmeninės savybės: sąžiningumas, savarankiškumas, pozityvumas;
B kategorijos vairuotojo pažymėjimas.
Įmonė siūlo
Darbo vietą Prašiškių g. 42, Vanaginėje
Darbą šiuolaikiškoje įmonėje;
Neterminuotą darbo sutartį;
Priedus prie altyginimo, už pasiektus darbo rezultatus;
Draugišką kolektyvą;
Visas darbui reikalingas priemones.
Atlyginimas
1800-3000
                                €/mėn.
                                neatskaičius mokesčių",https://www.cvbankas.lt/pardavimu-vadybininkas-e-vilniuje/1-6948291,2026-04-17,2026-04-27,Logistika / Transportas,,ACTIVE
Vyr. transporto vadybininkas (-ė),UAB „ArkAmA“,Kaunas,1400,1700,"Darbo pobūdis
Krovinių gabenimo organizavimas, krovinių paieška;
Įmonės transporto judėjimo organizavimas, kontrolė (Lietuvoje);
Transporto maršrutų planavimas, pervežimo dokumentų kontrolė ir administravimas;
Bendravimas su vairuotojais, jų kontrolė;
Klientų poreikių įvertinimas ir užsakymų vykdymas, stebėjimas bei koordinavimas;
Darbas su transporto krovinių biržomis;
Komercinių pasiūlymų rengimas, derybų vedimas;
Informacijos ir duomenų valdymas;
Iškilusių nesklandumų sprendimas.
Aktyvus nustatytų tikslų įgyvendinimas.
Reikalavimai darbuotojui
Darbo patirtis transporto srityje (ekspedicija ar logistika);
Geros anglų/rusų kalbų mokėjimas (privalumas);
Darbo patirtis su transporto biržomis
Geri darbo kompiuteriu įgūdžiai (MS Word, MS Excel, Outlook);
Loginis mąstymas, orientacijos į rezultatą ir atsakingas požiūris į savo darbą;
Komunikabilumas, gebėjimas bendradarbiauti;
Įmonė siūlo
Nuolatinį darbą ir laiku mokamą atlyginimą;
Įdomų ir atsakingą darbą, darbščią ir motyvuotą komandą;
Finansinį skatinimą už iniciatyvą ir kitas motyvacines priemones;
Visokeriopą pagalbą darbe;
Kompetenciją atitinkantį konkurencingą darbo užmokestį priklausantį nuo asmeninių rezultatų;
Visas darbui reikalingas priemones.
Atlyginimas
1400-1700
                                €/mėn.
                                į rankas
Papildomai mokama kintama atlygio dalis, priklausanti nuo darbo rezultatų. Konkretų darbo užmokestį aptarsime pokalbio metu, atsižvelgiant į Jūsų pageidavimus, turimą patirtį, kompetenciją bei atitikimą pareigybės reikalavimams",https://www.cvbankas.lt/vyr-transporto-vadybininkas-e-kaune/1-13141570,2026-04-17,2026-05-17,Logistika / Transportas,,ACTIVE
Transporto vadybininkė (-as) (Anglų k./Vok. k. - Rusų k.),UAB „Kautra Cargo“,Kaunas,1200,1499,"Ką veiksi pas mus:
Planuoti krovinio paėmimą ir pristatymą;
Sudaryti optimalų maršrutą;
Suprasti ir taikyti vairuotojų darbo bei poilsio taisykles;
Bendrauti tiek su klientais, tiek su vairuotojais – rusų ir anglų (ar vokiečių) kalbomis (nebūtina „Oxford“ lygio – svarbiausia, kad suprastume vieni kitus be Google Translate 😉);
Stebėti procesą, reaguoti į nenumatytas situacijas ir ieškoti sprendimų.
! RAMU: krovinių paieška ne tavo atsakomybė
Ko mes tikimės:
Kad atsakingumas tau nėra tik žodis CV;
Gebi ramiai spręsti problemas, o ne jų bijoti;
Draugauji su kompiuteriu, noriai mokaisi darbui reikalingų programų;
Transporto srityje jau dirbantis, bet jei patirties neturi, o tik didelį norą – išmokysime.
Įmonė siūlo
Galimybę papildomai užsidirbti imantis ekstra darbų;
Draugišką, nedidelį ir įvairaus amžiaus kolektyvą (pas mus vienas kitą labiau palaiko, konkurencijai sąlygų nesudarome);
Vasaros išvyką, šventes ir bendras tradicijas;
*** Jei manai, kad tavo požiūris į darbą – rimtas, bet prie kavos puodelio mėgsti ir pasijuokti, kviečiame jungtis prie mūsų komandos! ***
Darbo ir laisvalaikio balansas
Galimybė dirbti nuotoliniu būdu
Galimybė 2 pasirinktas dienas per mėnesį dirbti ne ofise
Transportas
Nemokamas automobilio parkingas
Atlyginimas
1200-1499
                                €/mėn.
                                į rankas
Darbo užmokestis priklauso (priklauso nuo patirties). Mūsų darbuotojai uždirba ir daugiau: kuo daugiau atsakomybių, tuo didesnis atlyginimas;",https://www.cvbankas.lt/transporto-vadybininke-as-anglu-k-vok-k-rusu-k-kaune/1-7656853,2026-04-17,2026-04-27,Logistika / Transportas,,ACTIVE
Neteisėtų operacijų ir pretenzijų grupės vadybininkas (-ė),AB Artea bankas,Kaunas,1600,2400,"Arčiau kiekvieno esantis bankas – taip, tai apie mus!
Esame tikri, kad tavo karjera gali prasidėti arba sėkmingai tęstis būtent čia.
Šiandien į
Artea banko
komandą kviečiame motyvuotą ir atsakingą
Vadybininką (-ę)
, kuris (-i) yra pasiruošęs (-usi) dirbti komandoje, bendrai priimti sprendimus, siekti užsibrėžtų tikslų, būtų atviras (-a) diskusijai, norėtų dirbti pasitikėjimu grįstoje kultūroje ir, žinoma, būti #arčiau.
Kasdien būsi #arčiau ir:
Analizuosi klientų pretenzijas, įskaitant pretenzijas dėl neteisėtų operacijų, ieškosi tinkamiausio situacijos sprendimo;
Vadovaujantis tarptautinėmis Mastercard taisyklėmis inicijuosi lėšų grąžinimo (angl. Chargeback) procedūras, analizuosi ir vertinsi iš Mastercard gautus dokumentus;
Laikantis raštvedybos taisyklių, rengsi atsakymus į pretenzijas klientams bei priežiūros institucijoms;
Atsižvelgiant į gaunamų pretenzijų turinį, teiksi pasiūlymus atsakingiems Banko padaliniams dėl reikiamų pakeitimų atlikimo, siekiant užtikrinti procesų efektyvumą ir gerą klientų patirtį.
Tam, kad būtum #arčiau, tau prireiks:
Aukštojo / aukštesniojo mokslo išsilavinimo;
Panašią darbo patirtį arba patirtį finansų sektoriuje vertinsime kaip privalumą;
Raštvedybos taisyklių išmanymo, gebėti sklandžiai ir argumentuotai komunikuoti lietuvių ir anglų kalbomis;
Patirtį dirbant su Mastercom (Mastercard ginčų valdymo platforma) vertinsime kaip privalumą;
Gerų konfliktinių situacijų valdymo įgūdžių;
Loginio ir analitinio mąstymo, gebėjimo greitai reaguoti ir priimti sprendimus, įsisavinti naują informaciją;
Aiškaus ir nuoseklaus rizikų bei atitikties kultūros laikymosi – gebėjimo integruoti rizikos ir atitikties principus į sprendimus, užtikrinant skaidrią, patikimą ir tvarią veiklą.
Būdamas #arčiau tu gausi:
Žalią šviesą tavo idėjoms.
Tavo siūlymai bus išgirsti – vertiname savarankiškumą, smalsumą ir iniciatyvą.
Vadovą
,
kuris padeda augti. Gausi aiškią kryptį ir palaikymą, bet daug laisvės veikti bei tobulėti
Organizaciją, kuri keičiasi.
Pokytis į Artea reiškia ne tik naują pavadinimą – tai naujos idėjos, požiūriai, galimybės kurti kultūrą iš vidaus.
Pasiekimus, kurie gyvuoja Lietuvoje.
Ypatingai didžiuojamės būdami lietuvišku banku, tikime, kad mūsų kraštas ir mūsų žmonės yra ypatingi, todėl, savo ruožtu, kasdien darome viską, kad padėtume jiems atsiskleisti.
Asmeninių naudų krepšelį.
Sveikatos draudimas, pensijų kaupimo programa, papildomos atostogos, lanksti darbo pradžia, moderni infrastruktūra – ir čia dar toli gražu ne visas mūsų naudų sąrašas!
Atlygį.
Konkretus atlygis priklausys nuo darbo patirties bei kompetencijų, todėl nurodome tik galimą rėžį:
nuo 1600.00 iki 2400.00 EUR
neatskaičius mokesčių.
Priedus.
Darbuotojams mokame priedus, priklausančius nuo banko, komandos ir tavo paties rezultatų.
Kas dar svarbu?
Nori patirti, ką reiškia dirbti Artea banko grupėje ir būti #arčiau? Užpildyk formą, atsiųsk mums informaciją apie save iki
2026 05 17
ir pasikalbėkime. Nekantriai laukiame, kol visa tai galėsime tau parodyti!
Atlyginimas
1600-2400
                                €/mėn.
                                neatskaičius mokesčių",https://www.cvbankas.lt/neteisetu-operaciju-ir-pretenziju-grupes-vadybininkas-e-kaune/1-13789547,2026-04-17,2026-05-17,Logistika / Transportas,,ACTIVE
🚩 Transporto vadybininkas (-ė) 🚩50 proc. darbo ...,Job in Logistics,Vilnius,1800,2800,"🚩 Galimybė 50 proc. darbo laiko dirbti iš namų
DARBAS
✔️įmonės automobilių (kadencijos) darbo organizavimas V. Europos viduje;
✔️FTL (LTL) krovinių paieška transporto biržose;
✔️darbas su vairuotojais – užduočių formulavimas, darbo organizavimas ir kontrolė;
✔️maršrutų planavimas, sudarymas, koordinavimas, efektyvumo analizė;
✔️dokumentų administravimo kontrolė.
.
REIKALINGA
✔️darbo patirtis vežėjo įmonėje koordinuojant ir ""kraunant"" (ieškant krovinių transporto biržose) nuosavo transporto parką V. Europos viduje;
✔️ rusų + anglų kalbų mokėjimas.
.
SIŪLOMA
✔️stabilus didelis (derybos) fix. atlyginimas;
✔️dosnūs priedai nuo pasiekto rezultato;
✔️galimas darbas ~50 proc iš namų (VILNIAUS APSKRITIS).
Rekomenduojame!
✔️viena seniausių transporto įmonių Lietuvoje (> 30 m., dirba ~200 žmonių);
✔️>20 m. Linava narė;
✔️ kasmet investuoja į automobilių parko atnaujinamą, kas padeda užtikrinti paslaugų kokybę;
✔️ IT sistemų integracija į verslo procesus užtikrina darbo komfortą. Daugeliui specialistų sudarytos sąlygos dirbti iš namų;
✔️mokama už atliktą darbą, ne buvimą darbe :)
🚩Laukiame Jūsų CV
✔️ Palanki darbui aplinka - produktyvus darbas patikimoje įmonėje!
✔️Būk ten, kur Tavęs laukia mėgiamas darbas sparčiai augančioje įmonėje.
✔️Darbo detalės/ sąlygos - pokalbio metu. Konfidencialumą garantuojame.
.
Paieška gali būti baigta anksčiau, nei baigsis skelbimo galiojimo laikas.
.
➕ * Kandidatams teikiame ir kitus pasiūlymus, maksimaliai atsižvelgdami į kandidato patirtį, gebėjimus ir pageidavimus (darbo specifika, darbo užmokestis ir t.t.). Didžiausia mūsų projektų dalis - įmonių vadovų ir verslo savininkų □□ ""viešai neskelbiami"" □□ projektai. Naudokitės mūsų galimybėmis.
Atlyginimas
1800-2800
                                €/mėn.
                                į rankas
➕""bonus`ai"" priklausantys nuo asmeninių pasiekimų",https://www.cvbankas.lt/transporto-vadybininkas-e-50-proc-darbo-vilniuje/1-13788197,2026-04-16,2026-05-16,Logistika / Transportas,,ACTIVE
"PILNŲ KROVINIŲ specialistas (-ė) ANGLŲ, LENKŲ, RUSŲ kalbos",UAB „Blunitrans“,Vilnius,2000,5000,"Darbo pobūdis
Pilnų krovinių gabenimo organizavimas samdytu transportu iš Vakarų Europos į Lietuvą ir NVS šalis;
Vežėjų ir klientų paieška, kontaktų užmezgimas, derybos;
Su krovinių ekspedijavimu susijusios dokumentacijos administravimas;
Iškilusių problemų sprendimas.
Reikalavimai darbuotojui
MAŽIAUSIAI METAI sėkmingos patirties dirbant su pilnais kroviniais;
Geros anglų ir rusų kalbos žinios (PRIVALOMA), lenkų kalba būtų privalumas;
Plati vežėjų bazė būtų didelis privalumas;
Noras tobulėti ir pasiekti daugiau;
Savarankiškumas;
Geri derybiniai bei organizaciniai įgūdžiai;
Gebėjimas dirbti stresinėse situacijose;
Atkaklumas, kruopštumas, gebėjimas dirbti komandoje;
Įmonė siūlo
PALANKESNES FINANSINES SĄLYGAS NEI TURITE ŠIUO METU (aptariama individualiai, priklausomai nuo turimos patirties);
ĮMONĖS AUTOMOBILĮ esant aukštiems rezultatams;
NAUJAS IDĖJAS DAR SĖKMINGESNIAM DARBUI;
TURIMĄ KROVINIŲ SRAUTĄ;
VISIŠKĄ VADOVO PALAIKYMĄ, DĖMESĮ IR PAGALBĄ;
Savirealizacijos galimybes ir profesinį augimą;
Realias karjeros galimybes;
Pagarbų požiūrį į darbuotojus;
Darbo vietą moderniame verslo centre.
Atlyginimas
2000-5000
                                €/mėn.
                                į rankas",https://www.cvbankas.lt/pilnu-kroviniu-specialistas-e-anglu-lenku-rusu-kalbos-vilniuje/1-13760825,2026-04-16,2026-05-16,Logistika / Transportas,,ACTIVE
Naktinis (-ė) transporto vadybininkas (-ė) (puiki pozicija studentams),UAB „Transimeksa“,Vilnius,600,600,"Jūsų atsakomybės:
Darbo laikas: 20:00–07:00 val., (2 vakarinės / naktinės pamainos per savaitę).
Įmonės vilkikų, vykdančių tarptautinius reisus, maršrutų planavimas ir koordinavimas;
Pakrovimo ir iškrovimo procesų kontrolė, terminų laikymosi užtikrinimas;
Maršrutų koregavimas bei operatyvus problemų sprendimas realiu laiku;
Vairuotojų darbo ir poilsio režimo laikymosi priežiūra;
Aiškios ir savalaikės informacijos teikimas vairuotojams (maršrutai, dokumentacija, kuro pylimas, nenumatyti įvykiai ir kt.);
Darbas pagal dieninės transporto vadybininko pamainos perduotas užduotis, užtikrinant darbų tęstinumą nakties metu;
Kitų tiesioginio vadovo pavestų užduočių vykdymas.
Tikimės, kad Jūs:
Gebate komunikuoti rusų ir anglų kalbomis (pakanka šnekamosios kalbos);
Turite darbo kompiuteriu įgūdžius;
Pasižymite greita orientacija ir gebėjimu operatyviai priimti sprendimus;
Turite galimybę dirbti naktinėmis pamainomis (20:00–07:00 val.).
Mes siūlome:
Atsakingą poziciją stabilioje ir augančioje tarptautinėje įmonėje;
Kompetentingą vadovą, užtikrinantį aiškią kryptį ir profesinį tobulėjimą;
Finansinį paskatinimą prisijungus prie įmonės vidinių iniciatyvų;
Papildomą sveikatos draudimą ir partnerių nuolaidas;
Laisvą dieną gimtadienio proga;
Papildomas naudas ypatingomis gyvenimo progomis (vienkartines išmokas, papildomus laisvadienius ir kt.);
Nemokamą automobilių stovėjimo vietą šalia biuro.
Atlyginimas
Nuo 600
                                €/mėn.
                                į rankas
Konkretus darbo užmokestis nustatomas atsižvelgiant į kandidato patirtį ir kompetencijas.",https://www.cvbankas.lt/naktinis-e-transporto-vadybininkas-e-puiki-pozicija-studentams-vilniuje/1-13787893,2026-04-16,2026-05-16,Logistika / Transportas,,ACTIVE
Muitinės tarpininkas,UAB „DHL Logistics Lietuva“,Vilnius,1700,1700,"Darbo pobūdis
Importuojamų ir eksportuojamų siuntų muitinis deklaravimas pagal galiojančius teisės aktus bei DHL vidaus procedūras.
Darbas su muitinės sandėliu: krovinių apskaita ir susijusios dokumentacijos tvarkymas.
Bendradarbiavimas su muitinės pareigūnais, siuntų pateikimas muitiniam tikrinimui.
Konsultacijų teikimas klientams ir DHL kolegoms su deklaravimo bei išmuitinimo klausimais.
Muitinės teisės aktų pasikeitimų stebėjimas, aktualios informacijos perdavimas suinteresuotiems padaliniams.
Ataskaitų rengimas ir kitos su pareigomis susijusios užduotys.
Būtų puiku, jei Tu turi:
Turi ne mažesnę nei 1 metų darbo patirtį muitinės tarpininko srityje bei patirties dirbant su muitinės sistemomis (pvz., Avilda).
Turi galiojantį muitinės tarpininko pažymėjimą.
Pasižymi gerais kompiuterinio raštingumo ir darbo su dokumentais įgūdžiais.
Esi atsakingas (-a), tikslus (-i), organizuotas (-a), orientuotas (-a) į rezultatą ir gebi greitai reaguoti į besikeičiančias situacijas.
Moki aiškiai ir profesionaliai bendrauti su klientais bei kolegomis, vertini komandinį darbą.
Laisvai bendrauji lietuvių kalba ir gerai moki anglų kalbą (ne žemesnis nei B2 lygis).
Įmonė siūlo
Asmeninių kelionių draudimą pirmajai būtinosios pagalbos apsaugai.
Draudimą nuo nelaimingų atsitikimų.
Sveikatos draudimą po 1 metų darbo įmonėje.
Nemokamą automobilio parkavimą.
Hibridinį darbo modelį.
Atsakingą ir dinamišką darbą tarptautinėje verslo aplinkoje.
Profesinio augimo bei mokymų galimybes.
Šiuolaikišką darbo aplinką ir palaikančią komandą.
Darbo ir laisvalaikio balansas
Lankstus darbo grafikas
Biuras
Dušas
Transportas
Nemokamas automobilio parkingas
Atlyginimas
Nuo 1700
                                €/mėn.
                                neatskaičius mokesčių
Konkretus darbo užmokestis siūlomas atsižvelgiant į darbo patirtį, kompetenciją bei atitikimą pareigybės reikalavimams. Po bandomojo laikotarpio, papildomai mokama mėnesinė premija pagal rezultatus.",https://www.cvbankas.lt/muitines-tarpininkas-vilniuje/1-13787963,2026-04-16,2026-05-16,Logistika / Transportas,,ACTIVE
Transporto vadybininkas (-ė),UAB „Transimeksa“,Vilnius,1500,1850,"Jūsų atsakomybės:
Vilkikų judėjimo Europos teritorijoje planavimas, valdymas ir kontrolė;
Vairuotojų darbo organizavimas bei darbo ir poilsio režimo laikymosi užtikrinimas;
Operatyvus problemų sprendimas ir konsultavimas pervežimų metu;
Maršrutų planavimas, jų efektyvumo analizė ir optimizavimas;
Sklandus bendradarbiavimas su kitais įmonės skyriais ir padaliniais.
Tikimės, kad Jūs:
Turite patirties transporto ar logistikos srityje;
Gerai komunikuojate rusų ir anglų kalbomis (raštu ir žodžiu);
Esate orientuotas į rezultatus, nebijote iššūkių ir dinamiškos darbo aplinkos;
Pasižymite stipria vidine motyvacija ir atsakomybe;
Turite gerus organizacinius, analitinius ir planavimo įgūdžius bei gebate dirbti operatyviai;
Dirbate su Microsoft Office programomis.
Mes siūlome:
Atsakingą poziciją stabilioje ir augančioje tarptautinėje įmonėje;
Kompetentingą vadovą, užtikrinantį aiškią kryptį ir profesinį tobulėjimą;
Motyvacinius priedus;
Finansinį paskatinimą prisijungus prie įmonės vidinių iniciatyvų;
Papildomą sveikatos draudimą ir partnerių nuolaidas;
Laisvą dieną gimtadienio proga;
Papildomas naudas ypatingomis gyvenimo progomis (vienkartines išmokas, papildomus laisvadienius ir kt.);
Nemokamą automobilių stovėjimo vietą šalia biuro.
Atlyginimas
1500-1850
                                €/mėn.
                                į rankas
Konkretus darbo užmokestis nustatomas atsižvelgiant į kandidato patirtį ir kompetencijas.",https://www.cvbankas.lt/transporto-vadybininkas-e-vilniuje/1-13543161,2026-04-16,2026-05-16,Logistika / Transportas,,ACTIVE
TRANSPORTO VADYBININKAS (-Ė),UAB „MAGNETA LOGISTICS“,Vilnius,1600,2000,"Darbo pobūdis
Bendradarbiavimas su vairuotojais, vežėjais ir klientais spendžiant nesklandumus;
Tarptautinių pervežimų maršrutų planavimas ir transporto judėjimo valdymas;
Savalaikis užduočių pateikimas vairuotojui/vežėjui;
Komunikacija su klientais užtikrinant užsakymo gavimą laiku;
Užsakymo priėmimas, įkainių ir frachtų sutikrinimas pagal susitarimus;
Nedelsiant ir atsakingai reaguoti į problemas ir skundus, teikiant informaciją klientui;
Dokumentų patikra ir pateikimas klientui/apskaitos skyriui laiku;
Santykių palaikymas su įmonės klientais/vežėjais, užtikrinant kokybišką aptarnavimą;
Laikytis transporto politikos, saugos taisyklių, profesinių sąjungų ir vyriausybės nuostatų;
Įgyvendinti kaštų optimizavimo politiką.
Reikalavimai darbuotojui
Reikalingos anglų ir rusų kalbos žinios kasdienei komunikacijai;
Transporto maršrutų planavimas Europos sąjungos teritorijoje;
Kompiuterinis raštingumas;
Krovinių gabenimo ypatumų išmanymas;
Iniciatyvas, atsakingumas, gebėjimas dirbti individualiai ir komandoje.
Įmonė siūlo
Darbą profesionaliame, dinamiškame ir draugiškame kolektyve;
Konkurencingą atlygį ir priedus priklausančius nuo rezultatų;
Vidinius ir išorinius mokymus;
Skatinimus už pritrauktus naujus darbuotojus;
Papildomas atostogų dienas priklausomai nuo stažo organizacijoje;
Unikalią galimybę augti kaip specialistui įdomioje, ir greitai besikeičiančioje aplinkoje;
Darbuotojams skirtą skatinimo programą ir apdovanojimus;
Pramogas su kolektyvu;
Galimybę dalyvauti įmonės plėtros etape, įgyvendinant savo idėjas ir pasiūlymus.
Įmonė siūlo
Darbo ir laisvalaikio balansas
Papildomos apmokamos atostogos
Biuras
Stalo futbolas
Transportas
Nemokamas automobilio parkingas
Atlyginimas
1600-2000
                                €/mėn.
                                į rankas",https://www.cvbankas.lt/transporto-vadybininkas-e-vilniuje/1-13787797,2026-04-16,2026-05-16,Logistika / Transportas,,ACTIVE
Logistikos vadovas/ Ekspeditorius,A. Lingės įmonė,Vilnius,2000,2000,"Darbo pobūdis
Krovinių gabenimo organizavimas;
Bendravimas su klientais, vežėjais, tiekėjais;
Reikalavimai darbuotojui
Geri darbo kompiuteriu įgūdžiai
Įmonė siūlo
Darbo ir laisvalaikio balansas
Lankstus darbo grafikas
Galimybė dirbti nuotoliniu būdu
Atlyginimas
Nuo 2000
                                €/mėn.
                                į rankas",https://www.cvbankas.lt/logistikos-vadovas-ekspeditorius-vilniuje/1-9461316,2026-04-16,2026-05-16,Logistika / Transportas,,ACTIVE
TRANSPORTO VADYBININKAS (-Ė),UAB „People Link“,Kaunas,2200,3300,"Ar sieki turėti realią įtaką verslo augimui, o ne tik vykdyti kasdienes užduotis? Ieškai aplinkos, kur tavo sprendimai būtų svarbūs ir matomi?
Sparčiai besiplečianti transporto ir logistikos įmonė, veikianti visoje Europos Sąjungoje, stiprina savo komandą. Organizacija orientuojasi į efektyvius pervežimo sprendimus, investuoja į modernų, aukštus ekologinius standartus atitinkantį transporto parką bei vadovaujasi tarptautiniais kokybės standartais, užtikrinančiais sklandų ir patikimą krovinių judėjimą.
Komanda ieško Transporto vadybininko (-ės), kuris (-i) norėtų prisidėti prie tolimesnės plėtros ir kartu siekti ambicingų tikslų.
ATSAKOMYBĖS:
Analizuoti vykdomus pervežimus ir jų rezultatus, vertinti maršrutų efektyvumą bei teikti siūlymus procesų tobulinimui;
Užtikrinti sklandų ir tikslų informacijos perdavimą vairuotojams: teikti aktualius duomenis apie maršrutus, dokumentaciją, kuro planavimą bei kitus svarbius aspektus;
Koordinuoti vilkikų judėjimą Europos Sąjungoje, prižiūrėti maršrutų laikymąsi, terminus bei darbo ir poilsio režimo reikalavimus;
Palaikyti ryšius su esamais klientais, rūpintis ilgalaikių partnerystių vystymu ir, esant poreikiui, vykti į susitikimus užsienyje.
ĮMONĖ SIŪLO:
Atlyginimą nuo 2200 iki 3300 Eur (neatskaičius mokesčių) priklausomai nuo kompetencijos;
Lanksčias atostogų sąlygas ir galimybę naudotis įmonės partnerių nuolaidomis.
Savirealizacijos ir profesinio augimo galimybes: galimybę aplankyti užsienio klientus, kurti asmeninį ryšį jais ir taip prisidėti prie įmonės vystymosi. Komanda laukia tavo idėjų ir iniciatyvų, kurios bus išgirstos;
Įdomų ir aktyvų darbą perspektyvioje ir augančioje įmonėje;
REIKALAVIMAI:
Ne mažesnė nei 1 metų patirtis transporto valdymo srityje;
Rusų kalbos mokėjimas ir anglų kalbos pagrindai;
Atsakingumas, orientacija į rezultatą ir gebėjimas planuoti darbus;
Geri komunikaciniai įgūdžiai bei darbo kompiuteriu ir transporto valdymo sistemomis patirtis
PRIVATUMO POLITIKA:
Mūsų privatumo politika:
www.peoplelink.lt/privatumo-politika/
Atlyginimas
2200-3300
                                €/mėn.
                                neatskaičius mokesčių",https://www.cvbankas.lt/transporto-vadybininkas-e-kaune/1-13787341,2026-04-16,2026-05-16,Logistika / Transportas,,ACTIVE
Transporto vadybininko (-ės) asistentas (-ė),UAB „Transtira“,Vilnius,1305,1305,"Darbo pobūdis
Transporto vadybininko asistentas padeda vadybininkams organizuoti tarptautinius pervežimus, sekdamas krovinio judėjimą, bendraudamas su užsienio klientais ir partneriais, suvesdamas užsakymus į verslo valdymo sistemą bei tvarkydamas su pervežimu susijusią dokumentaciją.
Ieškome tavo talento!
Prisijunk prie dinamiškos Transtiros komandos kaip transporto vadybininko asistentas (-ė)! Išnaudok savo potencialą mokydamasis iš transporto rinkos profesionalų. Tai dinamiškas darbas nuobodžiauti nemėgstančiai asmenybei, kuris suteikia tobulėjimo, augimo ir karjeros galimybes!
Reikalavimai darbuotojui
Geri organizaciniai ir darbo laiko planavimo įgūdžiai;
Pozityvus nusiteikimas;
Mokėjimas dirbti savarankiškai;
Geros anglų ir rusų kalbos žinios.
Įmonė siūlo
Tobulėjimo ir karjeros galimybes;
Darbą jauname ir draugiškame kolektyve;
Papildomas naudas - papildomą sveikatos draudimą.
Sveikatingumas
Sveikatos draudimas
Biuras
Stalo futbolas
Žaidimų konsolės
Dviračių saugykla
Transportas
Nemokamas automobilio parkingas
Kiti privalumai
Reguliarūs mokymai
Atlyginimas
1305
                                €/mėn.
                                neatskaičius mokesčių
Taikomi priedai už papildomas užduotis.",https://www.cvbankas.lt/transporto-vadybininko-es-asistentas-e-vilniuje/1-13787229,2026-04-16,2026-05-16,Logistika / Transportas,,ACTIVE
Transporto operacijų koordinatorius(-ė) (darbas su kurjeriais),ACME įmonių grupė,Kaunas,1900,1900,"Kaip Transporto operacijų koordinatorius(-ė) Tu:
Koordinuosi kurjerinių siuntų užsakymus ir valdysi srautų paskirstymą Baltijos šalyse.
Administruosi transporto ir logistikos procesus: kontroliuosi sąskaitas, paskirstysi kaštus ir užtikrinsi duomenų tikslumą.
Rinksi ir analizuosi KPI rodiklius, atnaujinsi ataskaitas.
Registruosi ir nagrinėsi pretenzijas, valdysi terminus ir kompensacijas.
Rengsi ir analizuosi mėnesinius duomenis, importuosi juos į apskaitos sistemas.
Tikrinsi, derinsi ir teiksi sąskaitas buhalterijai, rūpinsiesi POD dokumentacija.
Prižiūrėsi duomenų bazes, rengsi ataskaitas ir stebėsi rodiklius.
Bendradarbiausi su komandomis ir partneriais, spręsi operacines problemas.
Prisidėsi prie procesų tobulinimo, dalyvausi audituose ir vykdysi kitas užduotis.
Tikimės, kad Tu:
Turi logistikos, transporto ir tiekimo grandinės procesų išmanymą.
Esi dirbęs su apskaitos ir duomenų valdymo sistemomis (pvz., ERP/AX, SharePoint).
Gerai valdai Excel ir gebi dirbti su dideliais duomenų kiekiais.
Pasižymi analitiniu mąstymu – tikrini duomenis, analizuoji kaštus, identifikuoji neatitikimus.
Gebėsi užtikrinti duomenų tikslumą ir laikytis terminų.
Greitai sprendi problemas ir efektyviai reaguoji į nestandartines situacijas.
Lengvai bendrauji ir bendradarbiauji su komandomis bei partneriais tiek lietuvių, tiek anglų kalba.
Turi patirties pretenzijų administravime ir kokybės kontrolėje (privalumas).
Gebėsi rengti ataskaitas, dokumentaciją ir prisidėti prie procesų standartizavimo.
Mes siūlome:
Lanksčią darbo aplinką
Dirbame hibridiniu būdu – deriname darbą iš biuro ir namų. Taip pat suteikiame galimybę iki 30 dienų per metus dirbti iš bet kurios Europos Sąjungos šalies.
Profesinio augimo galimybes
Mentorystės programa, mokymai, konferencijos, „Community hours“ susitikimai, karjeros galimybės grupės viduje.
Dėmesį savijautai
papildomas sveikatos draudimas ir galimybė naudotis emocinės sveikatos specialistų pagalba per visipsichologai.lt.
Bendruomenės iniciatyvos ir prasmingas įsitraukimas – iššūkiai, sporto/komandinės veiklos, VIP ložė „Žalgirio arenoje“, dalyvavimas socialiniuose projektuose.
Patirtį atitinkantį atlygį
Siūlomas darbo užmokestis nuo 1900 EUR neatskaičius mokesčių.
Atlyginimas
Nuo 1900
                                €/mėn.
                                neatskaičius mokesčių
Siūlomas darbo užmokestis nuo 1900 EUR neatskaičius mokesčių.",https://www.cvbankas.lt/transporto-operaciju-koordinatorius-e-darbas-su-kurjeriais-kaune/1-13787217,2026-04-16,2026-05-16,Logistika / Transportas,,ACTIVE
Ekspedicijos vadybininkė / vadybininkas,"Leverana, UAB",Vilnius,1200,2000,"Darbo pobūdis
Tarptautinių krovinių pervežimų organizavimas, jų kontrolė bei valdymas;
Krovinių ekspedijavimas;
Aktyvus transporto paslaugų pardavimas;
Naujų klientų bei vežėjų paieška, ryšių su esamais klientais bei vežėjais palaikymas;
Sutarčių ruošimas ir sudarymas;
Dokumentacijos / duomenų tvarkymas.
Reikalavimai darbuotojui
Aukštasis išsilavinimas;
Privalumas būtų bent 1 metų darbo patirtis ekspedicijos vadybininko (-ės), logistikos vadybininko (-ės), logistikos paslaugų pardavimų vadybininko (-ės) ar kitoje panašioje pozicijoje;
Geros anglų kalbos žinios (lenkų bei rusų kalba būtų privalumas);
Patirtis dirbant su klientų pritraukimu laikytume privalumu;
Komunikabilumas, geri derybiniai įgūdžiai;
Kruopštumas, atsakingumas, darbštumas;
Vidinė motyvacija, iniciatyvumas, noras mokytis ir tobulėti;
Savarankiškumas ir gebėjimas priimti sprendimus.
Įmonė siūlo
Galimybę dirbti su savo srities specialistais su ilga darbo patirtimi šioje sferoje;
Galimybę augti nuolat besikeičiančioje, dinamiškoje aplinkoje;
Karjeros galimybės;
Profesinio ir asmeninio tobulėjimo galimybes;
Kursus, mokymus;
Galimybę realizuoti savo idėjas ir inovatyvius sprendimus;
Motyvuojančius priedus už pasiektus rezultatus.
Darbo ir laisvalaikio balansas
Galimybė dirbti nuotoliniu būdu
Biuras
Žaidimų konsolės
Transportas
Nemokamas automobilio parkingas
Kiti privalumai
Telefonas asmeniniam naudojimui
Kompiuteris asmeniniam naudojimui
Atlyginimas
1200-2000
                                €/mėn.
                                į rankas",https://www.cvbankas.lt/ekspedicijos-vadybininke-vadybininkas-vilniuje/1-13786969,2026-04-16,2026-05-16,Logistika / Transportas,,ACTIVE
Vairuotojas (-a) (sunkiasvorių ir negabaritinių krovinių),KAMIDA GROUP įmonių grupė,Kaunas,1800,3500,"Ką veiksi pas mus?
Būsi atsakingas už sunkiasvorių ir nestandartinių krovinių pervežimą Lietuvoje ir už jos ribų (vakarų Europa)
Ko tikimės iš tavęs?
CE kategorija, E95 kodas, skaitmeninė vairuotojo kortelė (BŪTINA);
Analogiško darbo patirtis būtų didelis privalumas;
TR1, TR2, SM, SZ kategorijų turėjimas didelis privalumas;
Komunikabilumas, savarankiškumas ir greita orientacija.
Įmonė siūlo
Derinamą darbo grafiką;
Draugišką ir palaikančią komandą;
Papildomus priedus už pasiektus rezultatus.
Susisiekime
Tel. +370 655 50523 Gediminas
Tel. +370 658 31364 Arnoldas
el.paštu:
Atlyginimas
1800-3500
                                €/mėn.
                                į rankas",https://www.cvbankas.lt/vairuotojas-a-sunkiasvoriu-ir-negabaritiniu-kroviniu-kaune/1-13194284,2026-04-16,2026-05-16,Logistika / Transportas,,ACTIVE
GRUPINIŲ KROVINIŲ OPERACIJŲ VADYBININKAS (-Ė) DARBUI SU SUOMIJOS RINKA,UAB Emplonet,Vilnius,1800,2200,"Darbo pobūdis:
Dalinių krovinių surinkimas, ratinių mašinų užkrovimas;
Krovinių gabenimo organizavimas į/iš Suomiją;
Krovinių judėjimo koordinavimas ir maršrutų planavimas;
Vairuotojų kontrolė;
Naujų vežėjų paieška;
Komunikacija su klientais ir vežėjais;
Galimų problemų identifikavimas ir sprendimas;
Glaudus bendradarbiavimas su kolegomis.
Reikalavimai:
Bent 3 metų patirtis dirbant ekspedijavimo srityje su daliniais kroviniais (patirtis dirbant su Suomijos rinka – privalumas);
Labai geros anglų kalbos žinios (nuo B2 lygio), skandinavų kalbų žinios - privalumas;
Geri kompiuteriniai įgūdžiai;
Greita orientacija ir atsakingas požiūris į darbą;
Puikūs komunikaciniai įgūdžiai, savarankiškumas ir organizuotumas;
Aukštasis išsilavinimas – privalumas.
Įmonė siūlo:
Papildomus priedus už pasiektus rezultatus;
Perks.lt siūlomas nuolaidas;
Automobilio parkavimo vietą;
Komandos formavimo veiklas;
Papildomą apmokamą atostogų dieną gimtadienio proga.
Atlyginimas
1800-2200
                                €/mėn.
                                į rankas",https://www.cvbankas.lt/grupiniu-kroviniu-operaciju-vadybininkas-e-darbui-su-suomijos-rinka-vilniuje/1-13786727,2026-04-16,2026-05-16,Logistika / Transportas,,ACTIVE
PRAKTIKANTAS (-Ė),BTL Group,Kaunas,,,"Apie mus:
Esame vieni žinomiausių ir aktyviausių rinkos žaidėjų transporto srityje. Mūsų ilgametė patirtis rinkoje užtikrina puikias sąlygas klientams bei darbuotojams pasiekti rezultatus. Šiuo metu aktyviai plečiamės įmonės mastu, kviečiame
PRAKTIKANTUS (-ES)
prisijungti prie komandos.
Galime pasiūlyti praktiką transporto, ekspedicijos, personalo, buhalterijos, transporto išlaidų, teisės ir kituose skyriuose.
Praktikos pobūdis:
Susipažinimas su transporto-logistika ir įvairių skyrių darbo ypatumais;
Ekspedicijoje ar nuosavo transporto skyriuose - susipažinimas su krovinių paieška biržose, vilkikų planavimu, užsakymų suvedimu ir kt.;
Personalo skyriuje - susipažinimas su atrankos procesu, įdarbinimo ir išdarbinimo procesu, suteikiamos teorinės ir praktinės žinios bendravimui su kandidatais ir kt.;
Transporto valdymo (vilkikų koordinavimas) skyriuose - susipažįstama su maršrutų planavimo ypatumais, dokumentacijos pateikimu ir kt.
Praktikos galimybes turime įvairiuose skyriuose, tad atsižvelgiama į tai, kuri sritis labiausiai domina praktikos atlikimui.
Reikalavimai:
Anglų kalbos įgūdžiai raštu ir žodžiu (nuo B2 lygmens);
Motyvacija ir atsakingas požiūris į atliekamas užduotis;
Rusų kalbos mokėjimas - privalumas (transporto valdymo praktikos pozicijoje), tačiau nėra būtina kitose.
Įmonė siūlo:
Praktiką stiprioje, draugiškoje ir įkvepiančioje komandoje, suteikiančioje galimybę įgyti vertingų praktinių žinių bei patirties iš patyrusių savo srities profesionalų;
Profesinio tobulėjimo galimybes ir vertingas rekomendacijos tolimesnei karjerai;
Lanksčias praktikos valandas ir galimybę derinti praktiką su studijomis.
Praktika nėra apmokama.",https://www.cvbankas.lt/praktikantas-e-kaune/1-13346193,2026-04-16,2026-05-16,Logistika / Transportas,FULL_TIME,ACTIVE
LOGISTICS SPECIALIST (MATERIAL PLANNING) GERMAN LANGUAGE (M/F/D),UAB „HELLA Lithuania“,Kaunas,2700,2900,"Job description
Logistics Specialist (Material Planning) is checking requirement notices regarding the quantities, dates and descriptions with the support of the system in clearly defined contexts. As well planning, controlling and monitoring complex deliveries of a comprehensive range of purchased parts according to requirements and schedule.
Define and guarantee economical order quantities according to given planning rules. Check incoming order confirmations, clarify differences in agreement with internal posts and supplier as well trigger orders and deadline inquiries;
Update logistics material master data, take into account defined targets (e.g. safety stock level) for purchased parts in agreement with internal posts;
Check safety stock levels, batch sizes, lead times and correcting the stored data;
Involve in the optimization of the supply chain within the context of departmental specifications;
Trigger orders and deadline inquiries. Prepare solution measures in the event of supply bottlenecks in cooperation with internal posts, suppliers;
Check incoming order confirmations, clarifying differences in agreement with internal posts and supplier.
Requirements
University degree in industrial engineering in the field of logistics or mechanical engineering;
Relevant experience in supply chain management, operational plant logistics or project management;
Knowledge of the MM, WM, and PP SAP modules or similar ERP system would be an advantage;
Good command of written and spoken German;
Good English skills;
Purposeful and structured work approach, the ability to assert yourself well and a hands-on mentality, a highly committed and proactive attitude;
Demonstrates proactive behavior and strong communication skills, actively anticipating material shortages, escalating risks in a timely manner.
WHAT WE OFFER
Professional and personal development opportunities, career prospects in a rapidly growing international company;
Professional and friendly team, great attention to internal communication;
A modern, ergonomic work environment that meets the highest safety standards;
Modernly equipped dining and relaxation areas, discount for fresh and healthy food in the company's canteen, 24/7 snacks station, fragrant coffee and tea
Extensive motivational package (company events, sports activities, vaccinations, discounts offered by partners, etc.);
Free electric carcharging station / partial compensation for public transport from Kaunas city (transport scheduleis adjusted to administration & shift working hours).
Salary
2700-2900
                                €/mon.
                                gross",https://www.cvbankas.lt/logistics-specialist-material-planning-german-language-m-f-d-kaune/1-13784975,2026-04-15,2026-05-15,Logistika / Transportas,,ACTIVE
Neteisėtų operacijų ir pretenzijų grupės vadybininkas (-ė),AB Artea bankas,Kaunas,1600,2400,"Arčiau kiekvieno esantis bankas – taip, tai apie mus!
Esame tikri, kad tavo karjera gali prasidėti arba sėkmingai tęstis būtent čia.
Šiandien į
Artea banko
komandą kviečiame motyvuotą ir atsakingą
Vadybininką (-ę)
, kuris (-i) yra pasiruošęs (-usi) dirbti komandoje, bendrai priimti sprendimus, siekti užsibrėžtų tikslų, būtų atviras (-a) diskusijai, norėtų dirbti pasitikėjimu grįstoje kultūroje ir, žinoma, būti #arčiau.
Kasdien būsi #arčiau ir:
Analizuosi klientų pretenzijas, įskaitant pretenzijas dėl neteisėtų operacijų, ieškosi tinkamiausio situacijos sprendimo;
Vadovaujantis tarptautinėmis
Mastercard
taisyklėmis inicijuosi lėšų grąžinimo
(angl. Chargeback)
procedūras, analizuosi ir vertinsi iš Mastercard gautus dokumentus;
Laikantis raštvedybos taisyklių, rengsi atsakymus į pretenzijas klientams bei priežiūros institucijoms;
Atsižvelgiant į gaunamų pretenzijų turinį, teiksi pasiūlymus atsakingiems Banko padaliniams dėl reikiamų pakeitimų atlikimo, siekiant užtikrinti procesų efektyvumą ir gerą klientų patirtį.
Tam, kad būtum #arčiau, tau prireiks:
Aukštojo / aukštesniojo mokslo išsilavinimo;
Panašią darbo patirtį arba patirtį finansų sektoriuje vertinsime kaip privalumą;
Raštvedybos taisyklių išmanymo, gebėti sklandžiai ir argumentuotai komunikuoti lietuvių ir anglų kalbomis;
Patirtį dirbant su
Mastercom
(Mastercard ginčų valdymo platforma) vertinsime kaip privalumą;
Gerų konfliktinių situacijų valdymo įgūdžių;
Loginio ir analitinio mąstymo, gebėjimo greitai reaguoti ir priimti sprendimus, įsisavinti naują informaciją;
Aiškaus ir nuoseklaus rizikų bei atitikties kultūros laikymosi – gebėjimo integruoti rizikos ir atitikties principus į sprendimus, užtikrinant skaidrią, patikimą ir tvarią veiklą.
Būdamas #arčiau tu gausi:
Žalią šviesą tavo idėjoms.
Tavo siūlymai bus išgirsti – vertiname savarankiškumą, smalsumą ir iniciatyvą.
Vadovą
,
kuris padeda augti. Gausi aiškią kryptį ir palaikymą, bet daug laisvės veikti bei tobulėti
Organizaciją, kuri keičiasi.
Pokytis į Artea reiškia ne tik naują pavadinimą – tai naujos idėjos, požiūriai, galimybės kurti kultūrą iš vidaus.
Pasiekimus, kurie gyvuoja Lietuvoje.
Ypatingai didžiuojamės būdami lietuvišku banku, tikime, kad mūsų kraštas ir mūsų žmonės yra ypatingi, todėl, savo ruožtu, kasdien darome viską, kad padėtume jiems atsiskleisti.
Asmeninių naudų krepšelį.
Sveikatos draudimas, pensijų kaupimo programa, papildomos atostogos, lanksti darbo pradžia, moderni infrastruktūra – ir čia dar toli gražu ne visas mūsų naudų sąrašas!
Atlygį.
Konkretus atlygis priklausys nuo darbo patirties bei kompetencijų, todėl nurodome tik galimą rėžį:
nuo 1600.00 iki 2400.00 EUR
neatskaičius mokesčių.
Priedus.
Darbuotojams mokame priedus, priklausančius nuo banko, komandos ir tavo paties rezultatų.
Kas dar svarbu?
Darbo sutartis terminuota.
Nori patirti, ką reiškia dirbti Artea banko grupėje ir būti #arčiau? Užpildyk formą, atsiųsk mums informaciją apie save iki
2026 04 25
ir pasikalbėkime. Nekantriai laukiame, kol visa tai galėsime tau parodyti!
Atlyginimas
1600-2400
                                €/mėn.
                                neatskaičius mokesčių",https://www.cvbankas.lt/neteisetu-operaciju-ir-pretenziju-grupes-vadybininkas-e-kaune/1-13751843,2026-04-15,2026-04-25,Logistika / Transportas,,ACTIVE
JAUNESNYSIS (-IOJI) MUITINĖS TARPININKAS (-Ė) - DEKLARANTAS (-Ė),Hegelmann Group,Kaunas,1000,1400,"Apie įmonę:
UAB ,,HT Ferry Service” kviečia prisijungti prie komandos!
Darbo pobūdis:
Muitinės dokumentų paruošimas visoms muitinės procedūroms;
Klientų konsultavimas terminalo teikiamų paslaugų klausimais;
Veiksmų, susijusių su prekių deklaravimu ir pateikimu muitiniam įforminimui, atlikimas;
Terminalo sandėlio priimamų ir išleidžiamų prekių kompiuterinės apskaitos vykdymas;
Autotransporto judėjimo muitinės zonoje kontroliavimas;
Dokumentų administravimas.
Reikalavimai:
Darbo patirtis muitinės tarpininkavimo srityje – privalumas
(taip pat kviečiame kandidatuoti ir be patirties)
;
Anglų, rusų kalbos žinios – privalumas;
Atsakingumas, kruopštumas, gebėjimas dirbti individualiai ir komandoje.
Mes siūlome
Laisvadienį gimimo dienos proga;
Dovanas ypatingomis asmeninėmis / profesinėmis progomis;
Finansinę pagalbą nelaimės atveju;
Renginius skatinančius darbuotojų įsitraukimą ir komunikaciją;
Įmonės socialines atsakomybės iniciatyvas;
Partnerių teikiamas nuolaidas grožio, sveikatingumo ir pramogų sferose;
Visapusišką vadovų ir kolegų pagalbą, kurie vertina darbuotojų pastangas ir pasiekimus;
Karjeros galimybes tarptautinėje įmonių Grupėje.
Darbo vieta:
Pirklių g. 5, Žemaitkiemis, Domeikavos sen.
Darbo laikas:
09:00 - 18:00
SUSISIEKSIME TIK SU ATRINKTAIS KANDIDATAIS
Kandidatuodamas į šią poziciją, SUTINKATE, kad jūsų gyvenimo aprašyme pateikti asmeniniai duomenys bus administruojami Legal Experts UAB, juridinio asmens kodas 3, adresas Pirklių g. 5, Žemaitkiemis, LT-54310, Kauno r. ir su Bendrove susijusios įmonės gaus, tvarkys ir saugos (2 metus) Jūsų asmens duomenis, pateiktus gyvenimo aprašyme atrankos į laisvą darbo vietą tikslu bei tikslu teikti darbo pasiūlymus ateityje.
Jeigu nesutinkate, kad Jūsų vardas, pavardė ar kiti asmens duomenys būtų tvarkomi, prašome parašyti laišką tiesiogiai įmonei.
Atlyginimas
1000-1400
                                €/mėn.
                                į rankas
Darbo užmokestis siūlomas atsižvelgiant į darbo patirtį ir kompetenciją.",https://www.cvbankas.lt/jaunesnysis-ioji-muitines-tarpininkas-e-deklarantas-e-kaune/1-13784777,2026-04-15,2026-05-15,Logistika / Transportas,,ACTIVE
Planning Team Lead,Girteka įmonių grupė,Vilnius,3630,4540,"Job description
What can you expect your day to look like?
Ensure an efficient and smooth planning process by setting daily priorities, making timely decisions, and effectively responding to changes or disruptions.
Lead and organize the team’s work by allocating tasks, supporting problem-solving, and ensuring a structured, high-performing work environment.
Drive team performance and efficiency by balancing workflows, optimizing resource allocation, and ensuring a prompt response to operational changes.
Foster strong team alignment, accountability, and collaboration to achieve shared goals and maintain consistent performance.
Proactively identify risks and potential challenges, initiate improvements, and implement solutions to enhance efficiency and reduce operational risks.
Build and maintain close cooperation with cross-functional teams to ensure seamless processes and effective communication across departments.
What do we expect from you?
Strong analytical skills with the ability to interpret data and make informed decisions.
Excellent communication skills, with confidence to express ideas, provide feedback, and challenge when necessary.
Ability to organize, prioritize, and analyze large volumes of information in a structured manner.
High attention to detail, ensuring accuracy and accountability in task execution.
Strong ownership, motivation, and commitment to achieving team and business results.
Good command of English (at least B1–B2 level).
At least 3 years of experience in logistics, planning, or transportation management.
Proven ability to lead or coordinate team activities, ensuring effective collaboration and performance.
Why should you consider us as your next career step?
We always have a challenge for those looking for one. If complex, large-scale, and impactful projects excite you, we might be just the right fit for you. With us, you will enjoy:
Career opportunities: Many of our managers have started in entry-level positions at Girteka Group, and as many as 30% of our colleagues move up the career ladder every year.
Learning and development: We continuously invest in a wide variety of internal and external courses, seminars, mentoring, leadership programs, and offer language courses.
Health and well-being: We care about how our colleagues feel and we offer them comprehensive health insurance. We also foster a community of gym-goers and athletes. On-site meals are 50% compensated, and you’ll find free fruit and snacks in our kitchenettes and lounges.
Collaborative culture: We believe that the power of teamwork and social connection enables us to achieve exceptional results. Working in international teams, we strive toward the company’s goals together, sharing experiences and celebrating our joint successes.
Rewards and recognition: Rewards on work anniversary occasions and values-based behavior, days off during your birthday, and holiday gifts are included. Team-building events, various initiatives, and like-minded clubs. Access to exclusive discounts from our partners.
Base monthly salary: from €3630 to €4540 (before tax). The specific salary offered will depend on the candidate‘s experience, competencies displayed and suitability to the requirements of the position.
Salary
3630-4540
                                €/mon.
                                gross",https://www.cvbankas.lt/planning-team-lead-vilniuje/1-13784753,2026-04-15,2026-05-15,Logistika / Transportas,,ACTIVE
MOKYMŲ INSTRUKTAVIMO SPECIALISTAS (-Ė),Hegelmann Group,Kaunas,1600,2000,"UAB „Legal Experts"" prie komandos kviečia prisijungti
Mokymų instruktavimo specialistą (-ę)!
Darbo pobūdis:
Mokymų medžiagos ir metodikos parengimas krovininių automobilių vairuotojams;
Vairuotojų konsultavimas, instruktavimas vairavimo klausimais;
Sunkiasvorio transporto vairuotojų vairavimo įgūdžių testavimas, stebėjimas, analizavimas ir vertinimas;
Funkcinių mokymų vairuotojams organizavimas ir vykdymas pagal įmonės mokymo programas;
Vairuotojų rezultatų ataskaitų ruošimas.
Reikalavimai:
Tachografo išmanymas;
Darbo patirtis vairuotojų instruktoriaus pozicijoje - privalumas;
Sklandus bendravimas ir rašymas anglų kalba, rusų kalbos žinojimas - privalumas;
Galiojantis vairuotojo pažymėjimas (C, CE kategorija)
;
Kompiuterinis raštingumas;
Komunikabilumas, atidumas, atsakingumas.
Galime Tau pasiūlyti:
Laisvadienį gimimo dienos proga;
Perks nuolaidų platformą su daugiau kaip 700 pasiūlymų ir kitas partnerių teikiamas nuolaidas;
Dovanas ypatingomis asmeninėmis / profesinėmis progomis;
Finansinę pagalbą nelaimės atveju;
Renginius skatinančius darbuotojų įsitraukimą ir komunikaciją;
Įmonės socialines atsakomybės iniciatyvas;
Visapusišką vadovų ir kolegų pagalbą, kurie vertina darbuotojų pastangas ir pasiekimus;
Karjeros galimybes tarptautinėje įmonių Grupėje.
Darbo vieta: Pirklių g. 5, Žemaitkiemis, Domeikavos sen.
SUSISIEKSIME TIK SU ATRINKTAIS KANDIDATAIS
Kandidatuodamas į šią poziciją, SUTINKATE, kad jūsų gyvenimo aprašyme pateikti asmeniniai duomenys bus administruojami Legal Experts UAB, juridinio asmens kodas 305707139, adresas Pirklių g. 5, Žemaitkiemis, LT-54310, Kauno r. ir su Bendrove susijusios įmonės gaus, tvarkys ir saugos (2 metus) Jūsų asmens duomenis, pateiktus gyvenimo aprašyme atrankos į laisvą darbo vietą tikslu bei tikslu teikti darbo pasiūlymus ateityje.
Jeigu nesutinkate, kad Jūsų vardas, pavardė ar kiti asmens duomenys būtų tvarkomi, prašome parašyti laišką tiesiogiai įmonei.
Atlyginimas
1600-2000
                                €/mėn.
                                į rankas
Konkretus darbo užmokestis siūlomas atsižvelgiant į darbo patirtį ir kompetenciją.",https://www.cvbankas.lt/mokymu-instruktavimo-specialistas-e-kaune/1-13784549,2026-04-15,2026-05-15,Logistika / Transportas,,ACTIVE
Transporto vadybininkas (-ė),MB „Daugera“,Marijampolė,1200,5000,"Darbo pobūdis
Transporto vadybininkas (-ė)
Tarptautinių pervežimų maršrutų planavimas
Dirbame tik su 12t -18t sunkvežimiais
Krovinių gabenimo organizavimas, vežimo planavimas, pervežimo priežiūra/kontrolė
Bendravimas su vairuotojais, jų kontrolė
Reikalavimai darbuotojui
Vokiečių, anglų kalbos žinios
Komunikabilumas, atsakingumas
Gebėjimas dirbti komandoje ir savarankiškai
Darbas logistikos srityje - privalumas
tel. +37067477632 - Elvyra
Atlyginimas
1200-5000
                                €/mėn.
                                į rankas
Darbo užmokestis,priklauso nuo rezultatų",https://www.cvbankas.lt/transporto-vadybininkas-e-marijampoleje/1-11122981,2026-04-15,2026-05-15,Logistika / Transportas,,ACTIVE
Naujų Volkswagen automobilių pardavimų skyriaus asistentas (-ė),Moller Auto,Vilnius,2245,2245,"🚗 Pagrindinės atsakomybės:
Administracinė, organizacinė pagalba naujų Volkswagen automobilių pardavimuose
Procesų derinimas su klientais, vežėjais ir naujų automobilių paruošimo komanda
Dalyvavimas naujų automobilių priėmimuose ir atidavimuose
Mobiliųjų automobilio paslaugų pajungimas
Salono administratoriaus pavadavimas atostogų ir ligos atveju
🤝 Reikalavimai kandidatams:
Labai geri darbo kompiuteriu įgūdžiai
Pozityvumas, organizuotumas, kruopštumas ir disciplina
Geri dalykinio bendravimo įgūdžiai lietuvių ir anglų kalbomis
Aukštesnysis/ aukštasis išsilavinimas (privalumas – techninių mokslų pakraipa)
B kategorijos vairuotojo pažymėjimas ir vairavimo patirtis
Automobiliai - pomėgis bei domėjimosi sritis
👋 Prisijunk prie Moller Auto komandos! Mes siūlome:
Vertingą patirtį dirbant su didžiausiu automobilių prekybos tinklu regione – Moller Auto Baltics
Geras darbo sąlygas, aistringą, profesionalią ir palaikančią komandą
Į aukščiausius standartus orientuotą įmonės darbo kultūrą
Puikias profesinio augimo galimybes tarptautinėje darbo aplinkoje
Papildomas naudas (gyvybės, nelaimingų atsitikimų ir sveikatos draudimas, nuolaidos įsigyti bendrovės produktus ir teikiamas paslaugas, kitos naudos) pagal galiojančią įmonės politiką
Jei nori tapti tarptautinės kompanijos dalimi ir plėtoti savo karjerą automobilių pramonėje, ši laisva vieta gali būti būtent tai, ko ieškai! 🚀
Atlyginimas
2245
                                €/mėn.
                                neatskaičius mokesčių",https://www.cvbankas.lt/nauju-volkswagen-automobiliu-pardavimu-skyriaus-asistentas-e-vilniuje/1-13784431,2026-04-15,2026-05-03,Logistika / Transportas,,ACTIVE
Transporto vadybininkas,UAB „ARCUSTA“,Šiauliai,2500,2500,"Darbo pobūdis
Bendravimas su vairuotojais;
Maršrutų planavimas;
Užsakymų rengimas.
Reikalavimai darbuotojui
Geros rusų, anglų kalbų žinios;
Kitų kalbų mokėjimas - privalumas;
Atsakingas požiūris į darbą;
Patirtis logistikos srityje.
Atlyginimas
2500
                                €/mėn.
                                į rankas",https://www.cvbankas.lt/transporto-vadybininkas-siauliuose/1-13762263,2026-04-15,2026-05-15,Logistika / Transportas,,ACTIVE
Teritorijų priežiūros vadybininkas (-ė) Klaipėdoje,ECOSERVICE grupė,Klaipėda,1100,1400,"Mes Tau patikėsime:
Teritorijų priežiūros darbų organizavimą ir kontroliavimą Klaipėdos miesto teritorijoje bendradarbiaujant su savivaldybės atstovais;
Darbuotojų kontrolę, grafikų sudarymą, darbų saugos administravimą, technikos poreikio planavimą ir techninės būklės priežiūros organizavimą;
Bendravimą su užsakovais, planų vykdymą, ataskaitų bei aktų rengimą;
Atliekamų darbų kokybės ir terminų užtikrinimą.
Mes tikimės, kad Tu:
Esi komunikabili, kruopšti ir darbšti asmenybė;
Turi aukštąjį arba aukštesnįjį išsilavinimą (aplinkos tvarkymo, inžinerijos, vadybos ar panašioje srityje - laikysime privalumu);
Turi B kategorijos vairuotojo pažymėjimą;
Išmanai darbo saugos bei aplinkosaugos pagrindus;
Gebi dirbti su MS Office (Word, Excel, el. paštu);
Patirtis dirbant su „Fleet Complete“ programa – privalumas;
Privalumu laikysime ir patirtį teritorijų priežiūros, ūkio ar komunalinių paslaugų srityje.
Mums rūpi Tu ir Tavo
sveikata: suteikiame draudimą nuo nelaimingų atsitikimų, o po metų darbo mūsų komandoje – ir sveikatos draudimą.
tobulėjimas: investuojame ir suteikiame galimybę darbuotojams dalyvauti mokymuose ir kelti kvalifikaciją.
poilsis: suteikiame papildomų atostogų dienų už nepertraukiamą stažą.
kultūra: bendri įmonių grupės renginiai, galimybė dalyvauti vidinėse iniciatyvose ir prisidėti prie organizacijos kultūros vystymo.
vertybės: bendrystė, išmanumas ir tikslingumas.
Kreipiantis dėl laisvos darbo pozicijos, Tu sutinki, kad duomenis, pateiktus Tavo gyvenimo aprašyme, tvarkys bendrovė „Ecoservice“. Tavo pateikti asmens duomenys bus tvarkomi laikantis „Ecoservice“ privatumo politikos reikalavimų. Daugiau informacijos: ecoservice.lt/privatumo-politika/.
Atrankos pradžia ir pabaiga nepriklauso nuo skelbimo galiojimo laiko, tad jei susidomėjai galimybe dirbti kartu – susiekiam. Pirmasis žingsnis – atsiųsk savo CV. Apie atrankos eigą informuosime tik atrinktus kandidatus.
Daugiau apie mus:
ecoservice.lt/
Kviečiame sekti mus „Facebook“
www.facebook.com/EcoserviceLT
ir Linkedin:
www.linkedin.com/company/ecoservice-mesviskasutvarkysim
Atlyginimas
1100-1400
                                €/mėn.
                                į rankas
Darbo vieta: Tilžės g. 60
Darbo grafikas: I-V 7:00-16:00",https://www.cvbankas.lt/teritoriju-prieziuros-vadybininkas-e-klaipedoje-klaipedoje/1-13759353,2026-04-15,2026-05-15,Logistika / Transportas,,ACTIVE
Technical Manager,UAB „cargoGO Group“,Vilnius,2800,3200,"About us:
cargoGO is an international cargo transportation company that prioritizes digital logistics, innovative technologies and a data-driven approach to improve efficiency and provide a service of world-class excellence to our customers.
Our team is composed of youthful professionals from diverse nationalities, each finding personal fulfillment in the logistics industry. Professionalism, internal motivation, responsibility, and efficiency are our values, which we cherish in our organizational culture. If you are interested in joining an innovative logistics organization, we would love to get to know you!
Responsibilities:
Administration and coordination of fleet maintenance and repair work
Management and coordination of insurance claims.
Participation in the development of fleet maintenance and tire policies.
Involvement in AndSoft FMS system improvement projects, providing suggestions for enhancements.
Sourcing and selecting service and repair providers in key strategic regions across Europe.
Attending meetings with vehicle manufacturers and service providers.
Performing other ad-hoc tasks as needed.
Work schedule: Shift-based (two shifts: 08:00–17:00 or 11:00–19:00).
What we offer:
Competitive rewards and benefits package, including health insurance, performance-based bonuses, additional initiative and referral bonuses, and various partner discounts
Clear career growth and development, with transparent goals, performance evaluation, and unlimited learning opportunities
Flexible work-life balance, offering remote work options, additional paid leave for personal reasons, and a people-first approach
Supportive, fast-growing team culture, with engaging internal events and an environment where people genuinely enjoy working together
Sounds interesting? Here’s what we’re looking for:
Previous experience in a similar role (preferably in fleet management, transport operations, or vehicle maintenance).
Higher education in a relevant field (such as logistics, transport, or a related technical discipline).
Strong written and spoken Lithuanian, English, and Russian skills.
Proficient computer skills (MS package).
Flexibility to adapt to standby duties and various responsibilities (office, warehouse, vehicle inspection/checks, transportation).
B category driver's license (C and E category driving licenses would be an advantage).
Ability to work both independently and as part of a team, demonstrating strong problem-solving skills and efficiency in handling work-related challenges.
Strong communication skills, adaptability to new developments, and a proactive approach to learning.
Įmonė siūlo:
Work life balance
Remote work possibility
Health
Health insurance
Transport
Free parking
Salary
2800-3200
                                €/mon.
                                gross
The salary range is negotiable and may vary based on your experience, skills, and overall fit for the role.",https://www.cvbankas.lt/technical-manager-vilniuje/1-13540383,2026-04-15,2026-05-15,Logistika / Transportas,,ACTIVE
Transporto vadybininkas,UAB „ZAUKOS TRANSPORTAS“,Radviliškis,1200,2000,"Darbo pobūdis
Nuosavo transporto tarptautinių pervežimų planavimas, Vakarų Europoje;
transporto judėjimo kontroliavimas ir valdymas;
tolimųjų reisų vairuotojų darbo organizavimas ir kontrolė;
transporto dokumentų administravimas;
probleminių situacijų sprendimas kartu su komanda.
Reikalavimai darbuotojui
geri anglų ir rusų kalbų įgūdžiai;
derybiniai įgūdžiai;
gebėjimas dirbti komandoje;
Kompiuterinis raštingumas (MS Office);
Greita orientacija ir atsakingas požiūris į darbą;
Savarankiškumas, atsakingas, organizuotumas;
Įmonė siūlo
Darbą sėkmingai tarptautinėje rinkoje veikiančioje įmonėje;
Geras darbo sąlygas naujame biure;
nuolatinį profesinį tobulėjimą, karjeros perspektyvas.
Atlyginimas
1200-2000
                                €/mėn.
                                į rankas",https://www.cvbankas.lt/transporto-vadybininkas-radviliskyje/1-7715877,2026-04-15,2026-05-15,Logistika / Transportas,,ACTIVE
